area,perimeter,eccentricity,extent,solidity,orientation,major_axis_length,minor_axis_length,filename,label
-0.5831179493407794,-0.40043647412456923,0.906159698500448,-0.5826975477282709,-0.575237427263492,0.22287729620847116,0.07391599315434974,-0.551639536767555,callo_1.png,smaller
0.3096794632098946,-0.3708517878587613,0.47065754907364704,1.6106616612915154,1.3539727192504065,-1.4864074048258054,-0.15470302962010177,-0.27312966879213235,callo_10.png,smaller
-0.9843026387425694,-0.9176672736371877,0.1545570270431426,-0.4516813911297817,0.1015142147407349,1.1402255618757924,-1.1033385597334875,-0.8365612675024104,callo_100.png,smaller
-0.6878996392382057,-0.4210520889041912,0.9165160757717488,-0.8203345469025988,-1.0810204543541981,-0.16089006866268996,-0.02023638222237648,-0.6108326767735788,callo_101.png,smaller
-1.1586995609691078,-1.0365152073764277,1.0144164321400546,-0.9490211297581703,-0.7993105069075183,0.17221845029539937,-0.9054679089237914,-1.1158275389540855,callo_102.png,smaller
-1.1063087160203946,-1.0865567395654554,0.8664795960717466,0.6975114029824165,1.1307464804951404,0.2066498096017125,-1.1536401049712106,-1.1394998795189697,callo_103.png,smaller
-0.7898105979055656,-0.8960934040415448,-0.11008267207772764,0.6685670747683413,1.1217758524115704,0.4009025957108901,-1.0390029960726317,-0.7042762750183303,callo_104.png,smaller
-0.864449609887294,-0.4779545319841589,-0.0696996897913362,-1.506887869810993,-1.3392962857098356,0.7156865820693992,-0.2951040722799147,-0.05620460211278348,callo_105.png,smaller
-1.0366934836912827,-1.0538126332455828,-0.18773037458953207,-0.19900071747181053,1.0495072089276678,0.8835222530559197,-1.2648770000102836,-0.8905860611643773,callo_106.png,smaller
-0.9649252029396207,-0.8114570201142067,-0.11827113027116193,-0.2939490468398721,0.4566922486590609,0.8727936738514108,-1.0682515599493871,-0.7283141141019803,callo_107.png,smaller
-0.5493868573874983,-0.8038295053704502,-0.7256850162109272,1.2828248060094325,1.5914948689566235,0.7209345942874325,-0.9531387465006332,-0.4620133519985131,callo_108.png,smaller
-1.1292745658609264,-1.0854397158930325,1.0435281364314968,1.4483701868679772,0.7478532179384221,0.03210999305302588,-1.1050649074988443,-1.2202496916666485,callo_109.png,smaller
-1.1350160283210593,-1.2321803593360448,-0.10425577002493272,0.9554934588035219,1.750835652458877,1.0600723445778553,-1.4211190340555433,-1.0485119397582283,callo_11.png,smaller
-0.5752234384580965,-0.24137568817810195,1.0395519992849094,-0.4065858755769551,-0.9626128535451661,-0.012731422202751724,0.37055513413891983,-0.617162551570966,callo_110.png,smaller
-0.8874154597278259,-0.8019787599520125,0.44442331624272596,-0.1089354450426774,0.8322923797800739,0.40686059238368,-0.9483678049771134,-0.8210964184404871,callo_111.png,smaller
0.014711829320564213,-0.5752614782345582,-0.5802190509770591,1.3059201542454715,1.7543433775496002,-0.9465694656023478,-0.6011960836538692,-0.13871780141247478,callo_112.png,smaller
-1.02233982754095,-0.9948677937839733,0.07975348906101475,-0.3466550582441842,0.17004389075923781,-0.3800258744020347,-1.15466957483774,-0.8576647727639751,callo_113.png,smaller
-0.9900441012027024,-1.0766951774768527,-0.034277963178618406,0.49755299293422334,1.4579383572571618,-0.5198774611907528,-1.223695559361015,-0.887860614258657,callo_114.png,smaller
-1.0876489630249626,-0.9392411432328305,1.1445286334533034,-0.4858509564832146,0.293199387950612,0.12201176850822161,-0.7690726300405548,-1.1917335227257653,callo_115.png,smaller
-0.9383709390615058,-0.9838892080229477,0.12078957307733797,0.7386850097026109,1.3690530348003103,-0.3429288944976712,-1.1568419908364682,-0.8708104601629982,callo_116.png,smaller
-0.7460319466470519,-0.7991697597175541,0.25750829092201427,1.2084390842128099,0.6794980134775995,1.488621305792202,-0.8899193919655203,-0.7013603365576906,callo_117.png,smaller
-0.9333471594088895,-0.844584428360488,0.5654726780617909,-1.1747410734792945,-0.11632328854292895,-0.4225047801176479,-0.8812352509500552,-0.8295790155651979,callo_118.png,smaller
-1.1579818781615911,-1.2377654776981597,0.4946491241803424,0.7964132458834082,1.7613130887996524,0.3329151713035504,-1.375081953337111,-1.13909157434934,callo_119.png,smaller
-1.0654007959919474,-0.8960934040415448,1.1428830412783735,-0.20424548233214157,-0.3651153585493322,0.06892517447476637,-0.605791189655295,-1.1374353394585097,callo_12.png,smaller
-0.33479969794002923,-0.5878991584508172,0.07993112201148982,0.6986553958091344,1.381392854179785,-1.1961255966288118,-0.6301700678091775,-0.4163214917571527,callo_120.png,smaller
0.19772094523730205,-0.2028876946397123,-0.46542502419125636,0.31857902423903617,0.8672290306219947,1.0368972280545543,-0.4152005569567346,0.00677917562563921,callo_121.png,smaller
-1.0144453166582674,-1.0290793435958752,0.6259185608938502,-0.3232002091793497,0.7861035475986504,1.3889768164227063,-1.1055552517476517,-1.0031857865297207,callo_122.png,smaller
-1.0596593335318143,-0.8168504875131175,0.839897602940862,-1.0677795920932975,-0.5899362483190103,-1.4022551985951668,-0.5937754408037829,-0.8278047515878737,callo_123.png,smaller
-0.7689977964875837,-0.877870605463171,-0.1997960137278072,0.3915136090386557,1.0871871228155199,0.5755675280644403,-1.0198618131982353,-0.6618585941767088,callo_124.png,smaller
-0.5206795450868336,-0.7718520029033941,0.6218538889908223,2.823485881815638,1.597121175646906,-0.04969680859580521,-0.6666640244086067,-0.7201742605815642,callo_125.png,smaller
-1.284294052284516,-1.4269201385864434,0.3849853470921276,0.2565046444575673,1.4188603597049523,0.42373021442174313,-1.6636962632691206,-1.3241016273200126,callo_126.png,smaller
-1.0015270261229683,-0.8626155759756576,0.8534493654842785,0.2954256125291032,-0.2816106045785218,-0.1568500640191642,-0.7441772601038364,-0.9177128743765908,callo_127.png,smaller
-1.2039135778426548,-1.211915164376029,0.24441282217457777,-1.1125493091579584,-0.07548988901081116,0.6839820702633477,-1.3626468563383445,-1.0686006771371763,callo_128.png,smaller
-0.519961862279317,-0.0914427425742228,-0.13364276331874936,-1.1280154409696361,-1.013376024889014,1.2165788123150199,-0.3295197972125603,-0.05566996138584038,callo_129.png,smaller
-0.960619106094521,-1.0246112489061832,-0.34900589748292193,0.27874519764130207,1.1674740825942904,-0.6876179015496087,-1.2212991294540045,-0.8160192101275201,callo_13.png,smaller
-0.9591837404794877,-0.7530542514354076,1.0327270356495883,-0.1278245211005756,-0.8254275083125218,-0.05247608702606141,-0.3495716189099784,-0.9016859331390452,callo_130.png,smaller
-0.7130185375012874,-0.8343395643454768,0.4712188193677794,1.8933674613490283,1.0102118711202974,0.023572343140696585,-0.8231447099701243,-0.744280381167758,callo_131.png,smaller
-0.7912459635205988,-0.5464105137147649,1.0401136552057852,0.7651937540978356,0.04280234175630689,-1.5859488192870332,-0.2726138978440617,-0.8795655788201469,callo_132.png,smaller
-0.5565636854626644,-0.03307285600222597,0.8537861637479301,-1.6038297015934588,-1.821524696412821,1.5232466134333966,1.0282810954563453,0.013893161976839758,callo_133.png,smaller
-0.9527245952118382,-0.8819553982264544,0.9048629801098282,-0.3428782638440893,0.582724989502928,1.413639607202733,-0.8465853538929945,-1.0067402714214695,callo_134.png,smaller
-1.3151544130077306,-1.5102478478781542,0.25650652128555346,0.22155520374026944,0.9592458310477479,1.1011554034993862,-1.774446049718978,-1.3940366081060853,callo_135.png,smaller
-1.0438703117664487,-1.0991944197817145,0.19044654441818004,0.102468220555403,1.0027063033967751,-1.192650440479984,-1.2307175348129737,-0.9501450389163593,callo_136.png,smaller
-0.33479969794002923,-0.055030027524276895,0.7557936856969338,-1.142427632515095,-1.0468828941395905,-0.21648961812682205,0.18424755976695553,-0.31480565775146174,callo_137.png,smaller
-0.6010600195286948,-0.03607350719988841,-0.8440218676935305,-1.4372391467225192,-1.6071394682689475,-0.6563125818006265,-0.16444499729195544,0.41481102775299217,callo_138.png,smaller
-0.9355002078314393,-0.8008617362795893,0.8745282722581286,-1.0316835342569004,0.07918778110624292,-1.366720218931604,-0.7064404549545853,-0.9136850953077519,callo_139.png,smaller
-0.87377948638501,-0.9037209187853015,0.5324379180650769,0.033475254185891465,1.0359983994116995,-1.2758774439915008,-0.9327448151808169,-0.8486602442153456,callo_14.png,smaller
0.7453129273724823,1.2076820609240473,0.0011959640539664419,-0.6088435077027251,-1.2040264264891025,1.0780121642225564,1.2490784992172212,1.244287373722836,callo_140.png,smaller
-0.9355002078314393,-0.8750616052287123,0.3156177987126679,-0.6216203730068162,0.4462001459381376,1.083945415872587,-0.9579880431323796,-0.7765421336115064,callo_141.png,smaller
-0.5809649009182295,-0.18466489606133846,1.194011205367036,-0.5806230596275236,-1.091018476740644,-0.06370729294268472,0.6680840446515841,-0.8736963462734385,callo_142.png,smaller
-0.30896311686943095,-0.1005705829168106,-0.06720158655639738,-0.8976738564366284,-0.7684201292497075,-0.6094799027057913,0.16796675604843045,0.3527709412854182,callo_143.png,smaller
-1.2096550403027877,-1.3158913705541642,0.4048627356643417,2.213673324626241,1.6748612073510138,0.1672558245834214,-1.511572406709372,-1.2157918773300427,callo_144.png,smaller
-0.9376532562539891,-0.7939679432818476,1.0604865483400454,-0.06472630196142175,0.4833981741613292,-0.14044806469848453,-0.6421145795612749,-1.0511844011007123,callo_145.png,smaller
-1.0532001882641648,-1.1070135854886753,0.0056735464297956615,0.24297853879534387,0.8802135834450245,0.3021387852685285,-1.3013655024423902,-0.964584660308471,callo_146.png,smaller
-1.041717263343899,-0.9688258294986385,0.7417399411838476,-0.5331585521938215,0.31609434710862927,-1.3888305426666427,-0.9961151569248431,-0.9894753898420426,callo_147.png,smaller
-0.2135113034697206,-0.4448600058446801,-1.685407105767488,0.8861201328684345,0.5015635364094267,0.21925054254039358,-0.7810599808091876,-0.059260747656902445,callo_148.png,smaller
-0.9469831327517052,-0.9652831075181655,-0.10600119295393312,-0.021201722323122923,0.9950674021237593,-0.5310694047602886,-1.1613184049199756,-0.8151517315468272,callo_149.png,smaller
-0.8694733895399104,-0.8890408421874005,0.6654629615420925,0.2713426466555915,0.6550291126727553,-1.4459742647006368,-0.9007718143854875,-0.8925458228333242,callo_15.png,smaller
-1.1142032269030775,-0.9563469181387815,0.6813903304619473,-0.012187850629691748,-0.0902110848993823,-0.14664283688586963,-1.1016771015129365,-1.0242292810673281,callo_150.png,smaller
-0.47259479698322004,0.23567514123409153,0.38040105571689886,-1.8145462347904915,-1.702943193750202,0.5425675642504649,0.6707889172730536,0.40200180592369,callo_151.png,smaller
1.435006105395953,0.04447808396416607,-0.9137710714369919,1.0591226144187653,1.1835652958720737,-1.0706879298204535,-0.0604206061692137,0.5552799774326785,callo_152.png,smaller
-0.994350198047802,-0.9040713386049076,1.1164596877127875,1.3517663481673445,0.31198646731813373,1.6108852062712278,-0.6840655979985018,-1.129830690732089,callo_153.png,smaller
-0.6218728209466768,-0.13685741121715664,0.9090150480769642,-0.4823265323061073,-1.0659411350103094,1.5282954043941335,0.1579699329872604,-0.5137469543011511,callo_154.png,smaller
-1.033822752461216,-1.0396746274304924,0.9510020607596609,1.311255699677593,1.083177083750546,-1.5566049231453174,-0.9965576559936365,-1.1105704542534602,callo_155.png,smaller
-0.6161313584865439,-0.819659487747576,0.10941380798699316,1.740399648246167,1.2250469014900747,0.13839749490270797,-0.8771689412945705,-0.6348900304193533,callo_156.png,smaller
-0.4166155379969238,-0.5040293783762959,0.12155430169233651,-0.2725007319689609,0.7335974597551547,-0.8478663009259214,-0.4893947671808065,-0.31812374142840366,callo_157.png,smaller
0.4080020078396714,0.17468790539084003,-0.3315690294029729,-0.20107891814772738,-0.02613735409105217,-0.7495498452967166,0.16394423416871862,0.507644347258384,callo_158.png,smaller
-0.7015356125810215,-0.708789488571699,0.5571445091200743,1.5719437247016543,0.6427995637626585,0.06626257616808012,-0.7622215272476142,-0.7458996809667638,callo_159.png,smaller
-1.0137276338507508,-1.0603231243169164,-0.40544751871846785,0.4461801964705767,0.93300917746675,1.0353136006027486,-1.2936494890890962,-0.8751913847954975,callo_16.png,smaller
0.544361741267829,0.17992260393334877,-0.3515535324538698,1.7991341250071817,0.6499498835576396,-1.5426368433734796,-0.18807710388047333,0.17978284154208055,callo_160.png,smaller
-0.39006127411880887,-0.34219247430217226,-0.4540873919736664,1.6156763424219944,0.9785815872833916,-1.25527258201973,-0.7563751188073069,-0.3350626017564804,callo_161.png,smaller
-0.4553704096028212,0.10457282920500038,-0.6902098625658617,2.0396251098540983,0.5041610507147088,0.0010543245423593082,-0.6561401850603866,-0.16039843221693925,callo_162.png,smaller
-1.1945837013449387,-0.9688258294986385,0.38248245600152414,-2.102352673428996,-1.923719437525598,-0.4046369175905887,-0.7292661703907598,-0.6338241461518045,callo_163.png,smaller
-0.9728197138223035,-0.792308848826614,1.016296653488826,0.3866964206968579,0.25743857865811615,-1.553966357643649,-0.7609302516767279,-1.0560800646896238,callo_164.png,smaller
-0.951289229596805,-0.7275872400396854,0.24780232498886176,-1.607465527131646,-0.8084322537217657,1.0775558696812604,-0.7085867482923017,-0.5549268427561926,callo_165.png,smaller
-1.0991318879452283,-0.7653415118320606,1.2233379009783192,-0.4625371276770012,-1.145582643254199,0.0003662377048721324,-0.2336365460533938,-1.1797531208813723,callo_166.png,smaller
-0.6814404939705562,-0.7954682688806788,-0.08254422833493566,0.36788822788180064,1.1135820121309652,-1.077198954956316,-0.9057947857774777,-0.5934841496776776,callo_167.png,smaller
-1.102002619175295,-1.127470431411895,-0.11925479755334042,-0.2140406991462042,1.057415562104379,0.688898968128054,-1.352117438809783,-0.9837614350950498,callo_168.png,smaller
-0.9749727622448533,-0.9944844918575649,0.161210668232696,-0.17348564517830808,1.0427811546905934,-1.1002232273419992,-1.1398831687649098,-0.8683747078531342,callo_169.png,smaller
-0.9311941109863395,-0.8408500554168106,0.010212638830728933,-0.6197146232100528,0.30799256152729587,-1.0580376508019036,-0.9885204307676172,-0.6956030972875754,callo_17.png,smaller
-0.42379236607209,-0.42587060341348953,-3.3503626020098007,1.4438359157827203,0.4218947639146771,-0.9836072423576403,-0.9793749116796344,-0.09519745562002767,callo_170.png,smaller
-1.1364513939360925,-1.0953012779816351,0.5786224294438039,-0.6036399243070384,0.12040129716331276,0.29789881917713745,-1.2284217454745696,-1.0651449026740238,callo_171.png,smaller
-1.208937357495271,-1.041174953029324,1.0422019846535853,-1.2643001052167688,-1.7284471142265403,1.6077725418491708,-0.7778307604024824,-1.086846118083385,callo_172.png,smaller
-0.9369355734464725,-1.0454513967558114,-1.4996721735958438,1.4525521712273124,1.2638107897155457,0.7520516417123471,-1.3098710874674684,-0.7309289605615216,callo_173.png,smaller
0.5651745426858109,-0.14020848223442536,-1.2272992115476673,0.6950109084574123,0.9842682354969139,0.5750680949403998,-0.43572308734350046,0.24209498778284785,callo_174.png,smaller
-0.7697154792951003,-0.9206350427280483,-0.27544838347590417,1.1296945773788027,1.535744566685167,-1.059696540857598,-1.04232069864275,-0.6625682273544056,callo_175.png,smaller
-0.8536843677745447,-0.951145101703075,0.6699464510353886,2.1824419095171668,1.6259795360646332,-0.16820866665060716,-0.9415127473958488,-0.9201128912016842,callo_176.png,smaller
-0.710147806271221,-0.4017122666533943,0.059878004022887024,-1.4650789168019145,-1.0035111954918134,1.210497003540429,-0.5211622982898305,-0.3151759435768501,callo_177.png,smaller
-0.5350332012371659,-0.5969941166866031,-0.05966105009163843,0.0642397146378802,0.9189392040658018,-0.7828013259673117,-0.7072551849675396,-0.4254855328645943,callo_178.png,smaller
-0.37140152112337677,-0.4229028343226289,0.5179128417204593,0.5402941030820251,0.6664352268357981,0.1789825565278848,-0.4777730304842122,-0.5302583921502675,callo_179.png,smaller
-0.7237837796140367,-0.7582889499779162,-0.03967968594043707,0.5397090798352352,0.5302969841751861,0.24642027146397633,-0.9497289453039358,-0.6460775117715649,callo_18.png,smaller
-0.6771343971254564,-0.7199597252959288,0.2620567100981061,0.2480685725602884,0.9790250571104381,1.2088300240246854,-0.8167879302360604,-0.6459901294313628,callo_180.png,smaller
-0.4130271239593407,0.15534808314004317,0.028878393731668974,-0.7266101786827156,-1.198342437149982,0.3084225092384566,0.2383877230399508,0.35035170567433827,callo_181.png,smaller
-0.6828758595855894,-0.32524546825262324,0.9505548131349877,-0.34921284997409946,-0.7732910202804876,1.5344456728658178,-0.05899495134241548,-0.6715293641254503,callo_182.png,smaller
0.14245936905852238,-0.10989007422260305,-0.4913562550597989,0.678693888322524,0.12876175425371186,1.316553408813314,-0.3275951451164783,0.10432660456260565,callo_183.png,smaller
-0.8658849755023272,-0.9881656517494355,0.046153928069292936,0.8937078403925854,1.4928715084644713,-1.2391880355582712,-1.0958263063831661,-0.7984200946733947,callo_184.png,smaller
-0.9498538639817716,-0.923794462782113,0.15924319552475777,-0.21405680970017438,0.6394377406124443,-1.2950889606885894,-1.1219980938238723,-0.8532055177342331,callo_185.png,smaller
-0.5579990510776978,0.058840622849262336,1.127105267599873,-0.7220796956267695,-0.960424332185721,1.5337618809589701,0.7706872875068878,-0.6552034639788867,callo_186.png,smaller
-1.1407574907811924,-1.0670252663514543,1.0505802063433085,0.37882768696810937,0.30398441040044893,1.545020188239364,-1.0816102521647057,-1.2158128397401786,callo_187.png,smaller
-0.6132606272564773,-0.5265286206811576,0.06301435712331048,-0.09504114293142549,0.7339282738369738,1.017166797045859,-0.7338252367916483,-0.4967281467219756,callo_188.png,smaller
-0.4740301625982533,-0.36915981129672587,0.4406764814643703,0.011582642799240997,-0.2772110864186574,1.5854957621950985,-0.31229721559614254,-0.3639667051174837,callo_189.png,smaller
-0.23073569085011947,-0.4643914790586813,-0.28866924604317346,0.7960163957442632,0.379835352470128,0.20646587490976198,-0.5586995369693306,-0.20114566548968063,callo_19.png,smaller
-0.9771258106674032,-0.8202015585303866,0.8439930847698189,-0.4932903013014963,-0.15318677423164687,0.2254960720363504,-0.8092539171751776,-0.9455137462119034,callo_190.png,smaller
-0.5013021092838849,0.13562495896283766,0.5075250651818646,-1.2795034923653759,-1.6922638434452955,-1.6377307362461415,0.6111351074886211,0.2272823031667682,callo_191.png,smaller
-0.5106319857816009,-0.4543382660068743,0.5450454370244497,0.20854672704648639,0.20240307698258844,-0.5496543663935123,-0.4808690173780416,-0.5497792719452786,callo_192.png,smaller
-1.1945837013449387,-1.2377654776981597,0.5012550451131594,0.02001342893718574,0.7260114103767578,0.3874307774930337,-1.3796344663742428,-1.143987802660323,callo_193.png,smaller
-0.7524910919147014,-0.6939177610105939,-1.5643400474604148,-0.07502386102776135,-0.13106856599267716,0.8757919114023813,-1.0353190951663906,-0.3910228368124464,callo_194.png,smaller
-1.1228154205932768,-0.9630490601733194,0.47318668706596123,-0.5090311228654419,-0.882773806468767,0.22603594271087962,-0.9349300611384557,-0.8238564164105378,callo_195.png,smaller
-1.22831479329822,-1.3071468321379847,-0.08568787032212379,0.8978268816199808,1.1110841996021723,1.0863204502218535,-1.5605215890146509,-1.175987733973843,callo_196.png,smaller
-1.1070263988279112,-1.1531290937708216,-0.5204863168472523,0.831922221981648,1.1168250115417246,-0.561250864787613,-1.4072522232713789,-0.968753233728474,callo_197.png,smaller
0.2867136133693628,-0.20196232193049363,0.6652552382519843,1.873074563143083,0.8539435514061531,-0.008586613406091213,0.020291331689457417,-0.32013969388331615,callo_198.png,smaller
-1.109179447250461,-1.0832056685481866,0.14928331075433496,-0.4364584042474742,0.6199596689397865,-0.8973158119929547,-1.252592629654011,-0.95727903178635,callo_199.png,smaller
-1.1443459048187754,-1.1503529756431652,0.6660203810037941,0.4233496767054021,1.422700830983378,-1.3296890234255987,-1.2833119510850768,-1.1303905118757154,callo_2.png,smaller
-0.9010514330706416,-0.9001781968048284,0.03149722925417421,-0.7072261833219183,0.5363013693325062,-0.619044436702726,-1.048524980299178,-0.7537176268008731,callo_20.png,smaller
-1.0675538444144972,-1.1371403425372937,-0.14134253439772373,1.014907508022928,1.4001474239156528,-0.6086525071203897,-1.322472004674115,-0.952658399426541,callo_200.png,smaller
-1.0596593335318143,-0.8417754281260292,0.3271140916826767,-0.17886881605692823,0.5753384055949906,-0.3799036419868103,-1.1759817415865041,-0.9463428470915802,callo_201.png,smaller
-0.9756904450523699,-0.9807297879688828,-0.2573380751205416,-0.37442473270207094,0.6847356560512795,-0.8418970584705007,-1.2019398440066789,-0.8171397518823186,callo_202.png,smaller
-1.0654007959919474,-0.8097979256589733,0.7807244465120107,-0.9408497524244698,-1.3569015408933343,-0.09636707472924862,-0.6316082436665735,-0.8038961346218754,callo_203.png,smaller
-1.1364513939360925,-1.0335474382855672,0.9926723464575085,-0.8420159470639356,-0.7521380448109805,-0.16769625714208658,-0.833904657778064,-1.0673471641977688,callo_204.png,smaller
-0.6362264770970092,-0.7675755591769066,-0.5308438290097522,0.6435625968567783,1.0079106528146817,-0.49489032012457923,-0.967632054968079,-0.5243750879436304,callo_205.png,smaller
-0.7445965810320186,-0.7387574767639153,0.5994001001892615,-0.10386292204968058,0.9711911247482178,0.31373565983446416,-0.7564654717292549,-0.7651426727693661,callo_206.png,smaller
-1.188124556077289,-1.270126282091624,0.3722530194708802,1.0369788396063524,1.2678784305795694,0.2959494146546982,-1.4562599627106816,-1.1684211714640655,callo_207.png,smaller
-0.6268966005992931,-0.36973476418633827,1.05878379877255,-0.47704651236989265,-0.5649847455599983,-0.11515776148746142,-0.026570801800147252,-0.8078915816315704,callo_208.png,smaller
1.3029524688128953,0.2076565447807188,0.3696213774867766,0.9219374763906856,0.9321364791523082,-0.013192838668743096,0.3734254590805028,0.19183082242408594,callo_209.png,smaller
-0.8809563144601763,-0.916933551891173,0.3191071779063925,0.313869933359063,1.1475875414029804,0.26810074435041514,-1.0479332936736279,-0.8463761477486148,callo_21.png,smaller
-0.27523202491614984,-0.026562364930891934,0.836944092732635,-1.1816810714496613,-0.9048033140240912,0.25868883220870725,0.28911538730936903,-0.3530516243034676,callo_210.png,smaller
-0.6283319662143264,-0.5382080460813956,-0.0625337362697405,0.22454797152302786,-0.3680470244408764,-0.23729739997442198,-0.7160588199215219,-0.43216655757407013,callo_211.png,smaller
-0.11016497918732748,-0.6899917371037125,-0.5766510762043262,2.3629489019272416,1.8107179881715931,1.5760818914295485,-0.7017402543866423,-0.24226497719646992,callo_212.png,smaller
-0.7230660968065201,-0.8914336583886487,-0.33715322037381573,1.0379854585532577,1.5719165278492604,-0.9734405859793467,-1.0123397199156983,-0.6179557234362675,callo_213.png,smaller
-0.363507010240694,-0.5992610461382512,0.8736288218228612,1.7762098807440954,1.4989792653219556,-0.1729950454186492,-0.2960043571867726,-0.7018402345076084,callo_214.png,smaller
0.5989056346390921,1.2216612978827357,-0.9750472468487198,1.49932756255192,0.1406961994451488,-0.15046414410047337,0.029860677206150064,0.6793180438223454,callo_215.png,smaller
-1.248409911908685,-1.3121569976104868,0.07516598310733774,0.37882768696810937,0.5086686667180725,-1.2772274810703905,-1.5734873320018712,-1.2094908861852627,callo_216.png,smaller
-1.0481764086115484,-1.0128989413991432,0.27720381251008275,-0.5544603385023613,0.5701997542673609,-0.4642457908818396,-1.1823152390860834,-0.9361577975450329,callo_217.png,smaller
-0.3046570200243312,-0.44185935464701737,-1.128249949848834,0.662888974575924,0.5071857868011829,-0.9817269554518018,-0.7677785100485847,-0.16368504506651232,callo_218.png,smaller
-1.0445879945739653,-1.1120237509611777,-0.237838758847376,0.4890094845644534,1.5347385279303791,-0.931011243889259,-1.306086395593759,-0.9186694564949787,callo_219.png,smaller
-1.1967367497674886,-1.0660998936422357,1.1517425830718029,-0.5981501591245321,-1.14813868680409,-0.009248666791108298,-0.6759678266989257,-1.171542496842552,callo_22.png,smaller
-0.29030336387399885,-0.2638749304829638,-0.0899601181360455,0.13787170656704797,-0.09192388948831529,0.0035701770887895724,-0.5275092536816064,-0.253477743354487,callo_220.png,smaller
-0.8127764477460975,-0.9282625574718049,-0.3959022755520206,1.493714845849907,1.6754477322041108,0.7245752465001836,-1.0975226822116806,-0.6858221934987321,callo_221.png,smaller
-0.9599014232870043,-0.3297464450491174,-0.5590479056886313,-2.153978840308998,-2.1414235215104815,-0.4496707423651774,-0.11665240918962023,0.34555723201027855,callo_222.png,smaller
-1.1041556675978448,-1.0951096270184308,0.9144747927883232,-0.22744865081520668,0.9122940653179012,-1.4114149566881207,-1.0995535864195771,-1.1376339964249247,callo_223.png,smaller
-0.8960276534180253,-0.8715517653550414,-0.04717577197664529,-0.5224154423731642,0.09119654602154657,1.1370234618947705,-1.052029000833523,-0.7337294954863655,callo_224.png,smaller
-0.6125429444489607,-0.530580531337639,0.5351519640167214,-0.3976999898913415,-0.028991315129192827,-0.2909011085793255,-0.5178225165135127,-0.5684587895259482,callo_225.png,smaller
-0.5601520995002476,-0.7227358434235852,0.10943005374480126,1.4300413335430808,0.9349952143126462,0.04466703279201443,-0.7992239498495937,-0.5700265597368788,callo_226.png,smaller
-0.4740301625982533,-0.5707933835448662,-0.04310748616337196,-0.5364240641093304,0.8013241501756243,-0.6841244874597833,-0.7139989105628639,-0.4378166087765079,callo_227.png,smaller
-0.4008265162315582,-0.2886411022394735,-1.071043908729523,1.936312937538384,0.7658073991187285,-0.8445326243149569,-0.7322350873977398,-0.13755706696353448,callo_228.png,smaller
-0.5048905233214679,-0.7132575832613909,0.34219260215476477,1.1449693552637294,1.177690739375615,-0.22851684919171436,-0.705581049054897,-0.5966949694105464,callo_229.png,smaller
-1.0402818977288657,-1.1200345676313428,-0.5311463623989334,0.9998523643293228,1.3888952010881002,0.7610109114054683,-1.34206865818094,-0.9015136997177257,callo_23.png,smaller
0.4862294338589829,-0.17958896637523195,-1.2955352719090394,0.7415571198299226,1.3729762739081162,-0.1543967084366201,-0.41682025010870744,0.2837185825057539,callo_230.png,smaller
-0.3441295744377453,-0.6740029858701845,-0.34035894990941257,1.4337806779120226,1.205466135033387,0.19233667268743737,-0.7599411876752473,-0.37471322780482197,callo_231.png,smaller
-0.34341189163022867,-0.5773038746162,-0.17148356689153468,0.8740434910301585,1.124263964417596,1.1496403357995506,-0.6867834692486892,-0.36478945739230334,callo_232.png,smaller
-0.7001002469659883,-0.4556469406425015,1.0755944762590712,0.24776728427824296,0.06925402542215886,1.6121034851595182,-0.26240791584890927,-0.92375916677928,callo_233.png,smaller
-0.909663626760841,-0.8553713631583092,0.7518877726551931,-0.3198250750632564,0.5748512607825124,0.26097642907911606,-0.8568968496556038,-0.913998672890445,callo_234.png,smaller
-0.794834377558182,-0.4794548575829903,0.8281436593294558,-0.6017619488950889,-1.0308193066357683,-0.048885200307305116,-0.159447772630027,-0.5840778015922679,callo_235.png,smaller
-0.4381460222224223,-0.5229858987006843,0.5744768535480556,-0.30990422629776926,0.6867210240988488,0.27612867404593155,-0.5072576578821538,-0.5865266594207532,callo_236.png,smaller
-1.0402818977288657,-1.1364066207912789,-0.3919270414026579,0.9492253525879197,1.3691231087220626,-0.584473850091051,-1.3290449646645206,-0.9121347268287512,callo_237.png,smaller
-0.7718685277176501,-0.829871469655785,0.13807057888076182,0.44077132486347353,1.1435461781899126,1.2013196165342117,-0.942170693035084,-0.6989613402760214,callo_238.png,smaller
-0.20059301293442147,-0.573952803598931,-0.16827373377727742,1.352542023018069,1.3702379556038664,0.35518425480499133,-0.64467428953938,-0.32747000998109244,callo_239.png,smaller
-0.8055996196709313,-0.6799714061587078,-0.023907463570852282,-1.196293678388047,-0.10205468027888001,0.8573541164040195,-0.8942821918152869,-0.6026928571862773,callo_24.png,smaller
-1.0144453166582674,-1.0365152073764277,0.10542645777942222,-0.26480572288689996,1.0940849608313423,-0.6963772155780272,-1.1796560317746734,-0.8855603540484829,callo_240.png,smaller
-1.039564214921349,-0.8038295053704501,0.6766881593132956,-1.1401526720294672,-0.8299118437810362,1.420063467612174,-0.7217220220444682,-0.78812431302322,callo_241.png,smaller
-0.6979471985434385,-0.6611736546907212,0.18068660671756107,-0.44498055851105184,0.16962389929444996,1.0869706260809988,-0.7204777383089487,-0.534701082621006,callo_242.png,smaller
-1.0460233601889986,-1.0751948518780214,-0.25208160606265234,0.04206513945577151,0.7924343121786878,0.8169425617291829,-1.2966708309568353,-0.9070912844929533,callo_243.png,smaller
-0.8744971691925267,-0.9416668415408808,0.13574416596586714,0.5133830337297061,1.130099377038763,0.29493588157798867,-1.0851580868850192,-0.8159422172126926,callo_244.png,smaller
-1.0295166556161164,-0.5570386796561844,-0.3365672304759364,-2.065136774620069,-1.9281139353008063,1.0239258639900377,-0.40003432582916393,-0.03063977955702526,callo_245.png,smaller
-0.8960276534180253,-0.7804048903563696,0.6890220380636263,-0.8955560104599022,0.18322921518247134,-0.3137189477989428,-0.7848770360524682,-0.8342301277704518,callo_246.png,smaller
-1.196019066959972,-1.2485524124959813,0.692244337180995,0.13588053309300469,0.9912598872704911,-0.2922391166798203,-1.368180493504408,-1.1911960781873085,callo_247.png,smaller
-0.9297587453713063,-0.7599480444331498,0.9952107604654273,-0.8287202967898066,0.12886528099785197,-1.4053343112265957,-0.539200672256509,-0.9402064055030405,callo_248.png,smaller
-0.9146874064134574,-0.9736443440079366,0.19474790518620685,0.12157395555136738,1.0714149554168806,1.2379414590541253,-1.082850976100494,-0.8323300191868934,callo_249.png,smaller
-1.1350160283210593,-1.1693094959675538,-0.1430935228959864,0.37882768696810937,1.0058378308799665,-1.113014678800441,-1.385931620691203,-1.009904359988122,callo_25.png,smaller
-1.117073958133144,-1.1542461174432446,-1.0930201338053702,1.5739466054096174,1.5568627573463913,-0.7539244944935805,-1.4738247629691017,-0.9678708335821289,callo_250.png,smaller
-1.2462568634861353,-1.2615733946386485,0.36516397078487406,-0.9116647691853079,-0.02965265873655327,1.0848147121485305,-1.42000495659838,-1.1399179234833323,callo_251.png,smaller
-0.9742550794373367,-0.7802132393931654,0.8439423628954749,-0.7631966847059435,-0.6332947148882119,1.3901977765380265,-0.6411167715175456,-0.8561611809640943,callo_252.png,smaller
-0.06925705915888021,0.7918101183183099,-1.655876843168297,-0.545417454192758,-1.2833343129120656,-0.5650611003154669,0.33271155252154394,1.299176971361431,callo_253.png,smaller
-0.37283688673841003,-0.09648579015352723,0.547269936845976,-0.543837547968551,-0.7535070024416699,0.22129416492930803,0.0412376359288628,-0.1997244992813826,callo_254.png,smaller
-0.4582411408328877,0.24515340139628564,-1.837686162799837,-0.025428508346335595,-0.9237743417282386,0.22980482147134706,-0.2144055689477326,0.6794478698846953,callo_255.png,smaller
-0.7682801136800671,-0.32993809601232155,0.14910675688858716,-1.4844555852359367,-1.3394310828391227,-0.8425488902312247,-0.03550241451975175,0.04017047926241844,callo_256.png,smaller
-0.8902861909578923,-0.7099393943509239,1.133831206453924,-0.1532648851119093,-0.33902426686794457,-1.547978267713765,-0.3683681821510377,-1.0471958681208204,callo_257.png,smaller
-1.0366934836912827,-0.8572221085767467,1.0501675200124536,-0.2673570810767108,-0.5700770434886006,-1.5608614680754176,-0.7700439137496294,-1.0912397758535768,callo_258.png,smaller
-0.6068014819888278,-0.471093621093219,0.14684044285330095,0.4985677391390619,-0.23298034041151744,1.5036325972081326,-0.5053680725426675,-0.34376379461467554,callo_259.png,smaller
-1.2950592943972654,-1.3958680088286062,0.2364312284898777,-1.1589477045929915,-0.4366268381195414,0.6313928386553598,-1.5878155201345499,-1.2447645571480064,callo_26.png,smaller
-1.0948257911001287,-1.1641076795318472,0.05674707768494446,0.6951803831160633,1.6719065608757728,0.5637175257732419,-1.3330602898279305,-1.002821384850429,callo_260.png,smaller
-0.3412588432076788,0.416851867559012,0.32519993413165166,-1.7631847018831615,-1.6095878711510654,-1.2246250615158758,0.637442652219087,0.4312524773340451,callo_261.png,smaller
-0.0879168121543123,-0.3334479358859927,-0.010579814747180954,1.2394212589641527,0.7394375879650881,1.4853276222462777,-0.49614769665585634,-0.2611291555083495,callo_262.png,smaller
-0.3376704291700957,0.3076738449451706,0.12895090301805756,-1.593765499657486,-1.4507608606476858,-0.6825973689426827,0.6351619984201691,0.6071205683425078,callo_263.png,smaller
-0.21781740031482033,-0.10449660682369202,0.558856876369336,-0.28101103272818023,-0.5616593162380972,1.3414247105891877,0.307127706775725,-0.03211792628624731,callo_264.png,smaller
-0.804164254055898,-0.4623490826770393,0.8981971996894286,-1.143521995103839,-1.292338350735926,1.503295827605784,0.03678777781231192,-0.5602318733538144,callo_265.png,smaller
-0.3814490804286095,-0.14001683127122133,1.071680805377537,0.5404196113728249,-0.3335862376671291,-1.6211443864238693,0.4298033308333196,-0.6536953711061223,callo_266.png,smaller
-0.34843567128284497,-0.11193247060424474,0.7080388230572153,-1.3868010095621057,-0.5728823219078345,-0.2587159540519389,0.10778706717556086,-0.3088275038168016,callo_267.png,smaller
-0.08504608092424583,0.4015968380714988,-0.14768724886958906,-0.7580614890544861,-0.8113414175379606,0.9096882060246917,0.09039583792417755,0.3326577540959519,callo_268.png,smaller
-0.6907703704682723,0.10492324902460698,-1.2172614208349304,-0.7997132893512588,-1.4591738262173404,-0.3883687947157224,-0.17681904795566186,0.5369869959102117,callo_269.png,smaller
-0.8271301038964298,-0.9131991789474958,-0.17608928538894678,0.47686086818012935,1.475742687184869,-0.9020225752183473,-1.0675699776213552,-0.7121575356520481,callo_27.png,smaller
-1.141475173588709,-1.0885991359470972,0.1782269463920572,-1.3872112392778424,-0.3934640373204863,0.937337896532772,-1.2312839244529958,-0.9473744345291364,callo_28.png,smaller
0.021170974588213785,0.26024966202739686,0.8214343225359882,-0.6517079688177635,-0.9221751165577464,-0.17465237752846113,0.9258623056086078,0.012615288512846016,callo_29.png,smaller
-0.559434416692731,-0.567250661564393,0.006943859392727266,-0.5250738414730878,0.5836161993418267,0.9136243750799949,-0.6603747176831135,-0.4110728503850415,callo_3.png,smaller
0.43168554048771984,-0.07545399134069498,-0.745989539907404,0.9092862655474794,0.8391807912430265,1.5587874755752336,-0.33939145299391527,0.19099021076030492,callo_30.png,smaller
-0.19485155047428854,0.7953857224055847,-0.4745723251909709,0.2694630672258074,-0.6693404641597688,0.29636335883803955,-0.05201446710353114,0.37132140488195753,callo_31.png,smaller
-0.13241314622034267,0.05714864628722724,1.0851510129541824,0.22667486767172965,-0.44359719697939687,0.048059648259441416,0.608440450473525,-0.6140662909347808,callo_32.png,smaller
-0.3649423758557272,-0.5596231468206364,-0.0827474407960096,1.0742041560202866,0.6692020260033869,-0.40779787194781764,-0.6791015240095075,-0.39157158272258946,callo_33.png,smaller
-0.04485584370331516,-0.5185178040109925,-0.21328037594361926,1.0879352398431454,1.0478797099648776,0.38299138895353496,-0.5429177402846292,-0.2160787209146166,callo_34.png,smaller
1.653899361688522,0.19833705347492664,0.26497035753363873,1.8755073568581806,1.145081187469386,0.020476391482364843,0.435273806250504,0.3301706393396182,callo_35.png,smaller
1.1192256700886407,0.6391010545867741,-1.4206289090170179,1.7596657269246867,0.47591118881490774,0.11160654616828039,-0.1011906459176909,0.693321095815845,callo_36.png,smaller
-0.9067928955307746,-0.9541128707939355,0.14918605940856722,0.020687891828221356,1.2893656756375451,-0.9289868542301429,-1.0127909552645307,-0.7607433042018821,callo_37.png,smaller
0.04916060408136192,-0.13612368947114198,0.6169518210927457,0.5278536729480477,0.33678588396992243,0.21480473908896197,0.11170132447340325,-0.2165653644478363,callo_38.png,smaller
1.0840592125203266,0.10195547993374661,0.24403999098449117,2.6529499675734423,1.278189547632036,-1.601466148518371,0.09102343268451607,0.07673942959699319,callo_39.png,smaller
0.2867136133693628,-0.13219766556426027,0.4089253364079635,0.7287489192073178,0.9520048491490214,-1.3577726120795617,-0.1025719124759729,-0.19028134419283177,callo_4.png,smaller
-0.43025151133973955,-0.37678732604048243,0.4900253296643692,0.1594112987269358,0.4387049336688076,-0.2047169511748734,-0.4378632867957902,-0.4848959555426292,callo_40.png,smaller
0.4496276106756353,-0.2874911964602485,-3.447281007740898,1.3548560231790914,1.2576480081998327,-0.4770902902663119,-0.6251658889604284,0.4220970580003219,callo_41.png,smaller
0.3039380007497616,0.32015275630502743,0.29192674653866296,-0.7877358775138235,-0.7043894577563985,1.2267399177591256,0.595903047751498,0.430816593695243,callo_42.png,smaller
0.6843098887335697,0.15649798891926825,-1.5229633991011868,0.9278784781804176,0.9653488550768066,1.1601507783824287,-0.33734459106288145,0.4422175986704848,callo_43.png,smaller
-0.3225990902122467,-0.18894133978782615,0.7753102277010271,3.0699346222000363,1.3922530507747632,-0.031415864273396314,-0.35652638201878234,-0.6438094616875225,callo_44.png,smaller
1.2146774834883511,0.3490037208248202,-1.8175195504454338,1.7073107001441685,1.4003259763328462,0.3088703359780507,-0.2509643343915228,0.6283215869451544,callo_45.png,smaller
-0.8443544912768287,-0.9944844918575649,-1.1944803121848875,1.6503374153793988,1.517998609833101,-1.0400836600055186,-1.2221681880864677,-0.6688564740747831,callo_46.png,smaller
-0.8572727818121278,-0.308714646236285,1.0275975359649605,-1.2645557971952608,-1.376373145533444,-0.046490256559766456,0.14443613638032016,-0.6900819495204711,callo_47.png,smaller
-0.9089459439533244,-0.9771870659884098,-1.7609567192978675,1.4132219151978815,0.7306593139515061,-0.5006352692303628,-1.256273570122953,-0.6345417299762833,callo_48.png,smaller
-0.7180423171539038,-0.1952272977891535,-0.3016005097877357,-0.9226608717668634,-0.6712786041865147,0.5913863330038176,-0.6431623631183936,-0.27644615678641166,callo_49.png,smaller
-0.33336433232499596,-0.08978364811898948,0.9147679461925913,-0.10425635873611809,-0.6059768601432052,-1.5148881077216536,0.2580869333062062,-0.4722636179355845,callo_5.png,smaller
-0.3111161652919808,-0.4044883847810507,0.9012412173667324,2.535163372250102,1.1902882738492744,-1.5845936976367114,-0.2067195235083645,-0.6853156894072899,callo_50.png,smaller
-0.8178002273987138,-0.4266372072663063,0.5075585601455425,-1.6674496736109796,-1.2792881368953086,-0.4513762713980101,0.004415313335349353,-0.19116617250414064,callo_51.png,smaller
-0.5831179493407794,-0.7433843403100093,0.05794845809449473,0.6131883509973163,1.3154805624768129,0.4020958615073241,-0.8266623149219944,-0.5734580825304615,callo_52.png,smaller
0.10298681464510835,0.4994458551047082,0.10860385306615336,-0.8797823258172838,-0.5854850094958794,-1.1726187503573333,0.24734397468690594,0.3015731005113633,callo_53.png,smaller
-1.231903207335803,-1.328529050770423,-1.5410431018486228,1.5321592306389353,0.7928407266407088,1.2218217137011855,-1.640524679783388,-1.124925251722418,callo_54.png,smaller
-0.7467496294545685,-0.5051135199419168,-1.03566913058039,0.4281153597745547,0.3393007508180666,-0.5850040307756723,-0.9731988329471174,-0.41536406107549,callo_55.png,smaller
-0.7840691354454327,0.03222370567431534,-3.7279479761407535,0.3866355407453777,-0.5360237238599169,1.1697521404582036,-0.9426102901719134,-0.00954157553322374,callo_56.png,smaller
-0.7359843873418193,-0.2805974034625063,1.081265515359709,-0.017938079123777192,-0.8179188704085831,1.6053144836018065,0.012011642984010421,-0.8290687889378197,callo_57.png,smaller
-0.9871733699726358,-0.46180701189422896,-0.11599828067982286,-1.9960741833740656,-1.951232973007718,0.678146925386377,-0.12550085274350045,0.11945489172627166,callo_58.png,smaller
-0.9132520407984241,-0.8090313218061568,0.9200643637996659,0.8805594884520277,0.6338061326891621,-0.03787630455519313,-0.7952057892839637,-0.9925780454960019,callo_59.png,smaller
-0.06279791389123064,-0.09185892660743324,1.1137845331081313,0.2750972118812582,0.20713781195119926,0.03339115207229624,0.41331457466001836,-0.7458255379972539,callo_6.png,smaller
-0.28958568106648225,-0.569484708909239,0.6822585874923486,1.8215600161341143,1.3143353473317638,0.0915442822514974,-0.4064801808643729,-0.598151845874633,callo_60.png,smaller
-0.8077526680934811,-0.9902080481310772,-0.6687896293012169,1.768138990929307,1.704834779415682,0.41581822752958475,-1.139330619424752,-0.6690629520872379,callo_61.png,smaller
-1.1816654108096396,-1.1378740642833083,1.1033568583493727,1.018402452094658,0.1112269379095565,-1.6037354958215264,-1.0630358188886386,-1.2494352533901951,callo_62.png,smaller
-1.141475173588709,-1.1324805968843976,0.08041490310586974,1.0742187647696368,0.5581457536188977,-1.635163738697306,-1.3891283213889332,-1.0551186402358743,callo_63.png,smaller
-0.8213886414362969,-0.7647665589424478,0.2089762960558843,0.446765870466251,0.48632545978428604,-0.24425050722253508,-0.8840332922406259,-0.6778306808362599,callo_64.png,smaller
-0.5795295353031963,-0.6530040691641543,-0.1289359374818187,0.3005544935610864,0.9954647620106067,1.2145084586105743,-0.869047513611783,-0.5454231568412877,callo_65.png,smaller
-0.704406343811088,-0.3468522199550685,1.1433193081759625,-0.49684996655973995,-1.1698335278687018,-0.03447269588221817,0.5199200284907246,-0.7778543397434555,callo_66.png,smaller
0.33479836147297626,0.41720228737861825,-0.20726328004940875,-0.19105378166924,-0.45475450387160593,-1.1780989512919993,0.10437250849839186,0.38040597931000003,callo_67.png,smaller
-0.6756990315104232,-0.6148664954453709,-0.19100463678060298,0.2565046444575673,0.17717439787292055,1.186025403539794,-0.7937109388266749,-0.4560393766838894,callo_68.png,smaller
-1.0087038541981344,-0.9846229297689623,1.0451434612191064,2.035208095431529,1.1982867735213698,0.03677115250200919,-0.9002301156619394,-1.1388879926010906,callo_69.png,smaller
-1.1816654108096396,-1.2442759687694935,0.45204231961068264,0.6287161880967882,1.2445780405465625,0.31544181745752675,-1.4194877646597726,-1.1596397476842522,callo_7.png,smaller
-0.4661356517155705,-0.491709235872841,-1.2370471285272309,1.970425217233849,0.9898854574005443,1.405905868388523,-0.9181180550396879,-0.31171526213691514,callo_70.png,smaller
-0.5809649009182295,0.24850447241355467,-0.7411414824588695,-0.28200626458292566,-1.1011917491092151,0.036473869800931834,-0.17690945903405414,0.3606458748943739,callo_71.png,smaller
-0.7668447480650339,-0.6570888619274377,0.4212534578693483,-1.166796519669334,-0.06833438042240586,-1.1241929622669686,-0.6884712754825942,-0.6233486408402333,callo_72.png,smaller
-0.9649252029396207,-0.6667916551596381,0.8366360463547301,-0.39745315973340783,-1.135010837467026,0.033569774788150944,-0.27239955085221895,-0.6532118974864488,callo_73.png,smaller
-0.9232996001036567,-0.7069387431532613,0.3129683923529918,-1.2441168032025294,-0.28486341334386805,1.0143093614388765,-0.6685816155155492,-0.5545008816899153,callo_74.png,smaller
-0.804164254055898,-0.4305303490663856,1.1994917611903237,-0.5472785577181862,-0.7273999484729186,-0.07112171893855083,0.40687653135198465,-0.9590202245999876,callo_75.png,smaller
-0.9591837404794877,-0.9111567825658541,0.25762317878242774,0.9394749651414271,0.3841161192567099,1.5745562139807032,-1.0824061270384298,-0.8521541482098085,callo_76.png,smaller
-1.0252105587710167,-1.1045878871806252,-0.17823702989466356,1.0640962964701381,1.3822864469273974,0.9317810125431879,-1.2684088532089355,-0.8958205550468581,callo_77.png,smaller
-1.1558288297390413,-1.2693925603456093,-1.2264305995682596,1.2621439633560003,1.2588872742708948,0.9328517110283855,-1.5307289476281951,-1.0195774660946912,callo_78.png,smaller
-1.2814233210544497,-1.3869318194492224,-0.3640727699847314,0.06831534828750264,0.3769498688711908,0.7677203246420828,-1.6724033530935802,-1.2488956569571164,callo_79.png,smaller
-1.1328629798985095,-1.2485524124959813,-0.6759296957744367,1.6815680897053829,1.7216796912129686,-0.8591824300805159,-1.47404087533722,-1.0159848756467944,callo_8.png,smaller
-0.8156471789761639,-0.5903248567588675,1.1238387945199815,-0.6959988066830805,-0.7380799546270413,-0.11846506595090515,-0.023316865274262466,-0.9153291933314975,callo_80.png,smaller
-1.2075019918802379,-1.13062985146596,1.0801232512603252,-1.298909292965545,-1.0629289898392738,-0.16410344558121598,-0.8940649683935326,-1.1673326542850704,callo_81.png,smaller
-1.0467410429965152,-1.003579450093351,0.46218167758689255,-0.20862808891411996,0.8371512553602649,-0.3992873135079149,-1.1418501228427875,-0.9655535791615485,callo_82.png,smaller
-1.0295166556161164,-0.7370655002018798,0.9559616760696134,-0.8438146465867805,-1.4050677134081884,-1.638422765885643,-0.26827939713736637,-0.77556552110325,callo_83.png,smaller
-1.1235331034007934,-0.676811986104643,1.104524775374954,-1.4103148359058637,-1.7178002438190647,-1.5753919327704753,-0.4502881185283495,-1.0328270181070025,callo_84.png,smaller
-1.129992248668443,-1.1308215024291641,0.19997824095070316,-0.9013169315276336,0.24048718574872405,0.9923428350695194,-1.2845315509618622,-0.9958784320918499,callo_85.png,smaller
-0.33479969794002923,-0.545485141005546,0.3556747416681314,-0.027425956139017924,1.2237909205258488,-1.2490439755476601,-0.5226810716423815,-0.4663528185221565,callo_86.png,smaller
-0.9685136169772037,-0.9907501189138875,0.5656622607882644,0.9053486090787033,0.789984585414163,-1.5018671901471132,-1.0644475784842735,-0.9515924911811678,callo_87.png,smaller
-1.1048733504053614,-0.8960934040415449,0.933046209948832,-0.04781121739792787,-0.718344913503179,0.05665007127656794,-0.724997951111741,-0.9688167868248927,callo_88.png,smaller
-0.2852795842213825,0.49887090221509545,-0.21949073428528384,-1.1087275623010189,-1.514182892439629,-0.9451767055999285,0.5762807685903315,0.8256854857277857,callo_89.png,smaller
-1.259892836828951,-1.25190348351325,1.0466741727308588,-0.24909726458600684,-1.0784359594234947,0.025477146006420325,-1.264446519942666,-1.2864265451580417,callo_9.png,smaller
-0.2644667828034006,-0.058539867397948184,0.6916817213748592,-0.3791383085882857,-0.5239782811418164,-1.5970777199803068,-0.01911852085568992,-0.3694529447665663,callo_90.png,smaller
-1.2548690571763348,-1.3556880387281809,0.031421537324958095,-0.6334617639008662,0.5147011262817281,-0.8662162699564256,-1.5783403809305612,-1.207501561016773,callo_91.png,smaller
-1.0460233601889986,-1.0030373793105405,0.10615719898423108,-0.29802648159022355,0.776947390389663,-0.8449845412124302,-1.1952768079867546,-0.898773747890069,callo_92.png,smaller
-0.9110989923758742,-0.9868569771138083,-1.2565503939130276,0.7943662578495101,0.9601810813493595,1.0720634054337317,-1.2638810765823039,-0.7079897030821892,callo_93.png,smaller
-1.1558288297390413,-1.2022452532506305,0.07594018080138842,0.34789542334475404,0.9326915037530481,-1.090585275429708,-1.3876254010179239,-1.052957210483616,callo_94.png,smaller
-0.3649423758557272,0.06085013712410256,0.5429255364223068,-1.3009494862461561,-1.3612952768516424,-1.499965677752234,0.4097662159548186,0.05281370564102149,callo_95.png,smaller
-1.2591751540214344,-1.3720600918881172,0.8400448203022526,0.9843267473952925,1.2505524067438747,1.4671569444228387,-1.53197721279821,-1.3283364651541507,callo_96.png,smaller
-0.4008265162315582,-0.23097205530668888,-0.06185540236254692,-0.2967264674621344,-0.6227861260141194,-1.1726326626557297,-0.24370617658621538,-0.014704772185399777,callo_97.png,smaller
-0.9326294766013729,-0.6364403650410136,1.2013979363229625,-0.5485132163888382,-0.7570187716778248,-0.08872576500286386,-0.07913698733770298,-1.0900137810879713,callo_98.png,smaller
-0.1711680178262401,-0.4876573252163595,0.2859598733223835,0.5870371210286062,0.9230840132584847,-0.3284540641064597,-0.442477001840477,-0.3666432483483026,callo_99.png,smaller
0.04628987285129545,0.24202686344902302,0.7866823247035845,-0.16011711592108005,-0.7814706303946976,-1.6403789395797304,0.8774537131310474,0.03977935852282173,callo_1.png,higher
1.4529481755838687,1.1053649492011461,0.4441755359252683,-0.6663481581312444,-0.8534439949797659,1.4283745043034182,0.997632179260135,0.5700964797846685,callo_10.png,higher
0.2981965382896287,-0.3262037230686443,-1.624855769443876,1.2458190759901977,0.9768302189392726,-0.6269196479510857,-0.5708402756499994,0.18528848604244286,callo_100.png,higher
-0.19198081924422206,-0.4601150353321934,-0.07337515788225608,0.18797755195389138,0.872394595668899,0.47026158614312386,-0.5233951136072977,-0.2570084687874174,callo_101.png,higher
1.1780756603050035,0.6013467827943991,0.5717585205705802,0.27466303173368833,0.3272593721012591,1.3908574299700984,0.9705658483307285,0.3948384740538422,callo_102.png,higher
-0.24508934700045185,-0.4251368816674747,0.34175637848430884,0.4054196527312711,0.8661051826293092,1.2654976709170582,-0.30997752165502024,-0.29845631256430016,callo_103.png,higher
0.21135691858011782,-0.014817175317049746,0.36827035182076756,0.31277324401241663,0.14074788014303238,-1.5492175662093859,0.10932068174742039,-0.0033646142385289467,callo_104.png,higher
0.27307764002654705,0.540200778094746,0.7175860707360701,0.049304388776444955,-0.48004936840885215,-1.447370566210429,0.6995491189103501,0.03436859295743809,callo_105.png,higher
-0.16255582413604067,0.6657179717617214,0.311834848238602,-2.150507024543625,-1.742920623238363,1.0155891839732327,1.1920095010703877,0.8677844057362493,callo_106.png,higher
0.13600022379087282,-0.015967081096274833,0.9178061157386758,-0.05978779403397745,0.40492769571876613,0.20521774346110955,0.4944494349189056,-0.3610516594859647,callo_107.png,higher
-0.4855130875185192,-0.39427640287284177,0.7586813297357556,-1.0638462571684784,0.07342631658377707,1.2984194270601381,-0.23887048470028932,-0.561854702229691,callo_108.png,higher
-0.40872102711424096,-0.14094220398044002,1.0666362855725537,-0.2380487317140871,-0.4366268381195414,1.6267057738398345,0.25749708497350726,-0.7104393827114229,callo_109.png,higher
0.8601421765751414,1.6963193110936807,-1.048682491039244,-1.474777169266467,-1.7134826913044712,-0.7786361203878942,1.622368964004218,2.490376360780948,callo_11.png,higher
-0.2802558045687662,-0.4193929944489579,0.03056145486165059,-0.1634102775935477,0.6098407173871679,1.268019149372631,-0.5770812048382205,-0.34950498324650553,callo_110.png,higher
-0.5472338089649484,-0.41585027246848466,0.044087890142805106,-0.8474031146517215,-0.08598990603335603,0.7192149206006699,-0.40695556319500464,-0.21045547687279995,callo_111.png,higher
0.9520055759372685,0.7237703206209144,0.7294095703429156,0.017713337539551472,-0.33097142378010797,-0.1594921151247685,1.1612969472358718,0.29145682096015,callo_112.png,higher
0.1848026547020029,-0.13940899627480657,-0.07540247369626078,0.49600215439475337,0.8082490347647903,-0.1428872002312278,-0.3576328559287238,-0.10888258220837957,callo_113.png,higher
0.20059167646736853,0.3775972701678056,0.9845085127018408,-0.28571096438508087,-1.0303606230862068,1.586483776016978,1.2283246072776457,-0.14155724130445976,callo_114.png,higher
0.42953249206516997,0.6956859599539378,0.8258852401194542,-0.813848167141958,-0.9699204729128693,-0.19256011644953577,1.2886091584163255,0.20178934288571299,callo_115.png,higher
-0.2859972670288991,0.36295007567670656,0.8000167182040392,-1.3849418249365284,-1.3014332746294326,1.4276086823638134,0.7222578520240889,-0.06662559747260381,callo_116.png,higher
0.06782035707679401,0.5381254996063022,0.37487958875769295,-1.7356600813317733,-1.337112986975781,-1.1678601509088182,0.8841057149094542,0.5656537735972796,callo_117.png,higher
0.028347802663379974,0.17468790539084003,0.8896354764743467,-0.022934268220996465,-0.5117615153581379,-1.5308204223915607,0.5627416524742038,-0.2840990228475036,callo_118.png,higher
2.022788324752064,2.0934263843382337,0.10069268703041047,-0.6031331245075598,-1.0864420709977196,0.7488764721231678,2.1343966486396937,1.8830020922392288,callo_119.png,higher
0.49627699316421553,-0.23301445168833057,-1.2449019961223349,1.5436200095005699,1.1132815259665638,1.3367410147307033,-0.4599801169113999,0.21917417485250856,callo_12.png,higher
-0.3678131070857937,-0.0032965187732136624,0.17187196659018242,-1.6297882261853762,-0.7793015138956201,-0.7326942374098553,0.012592239351118641,0.06439766873255783,callo_120.png,higher
0.44747456225308546,0.6424850077108453,1.0708211578644935,-0.7870883472305752,-0.7414970662973567,-0.0887610656091416,1.461654470481599,-0.256960791479081,callo_121.png,higher
-0.05920949985364754,-0.4448600058446801,-0.5423815387581115,0.5605954361021955,0.982548805901144,0.8148994771811554,-0.5919331193294165,-0.14199857969538296,callo_122.png,higher
2.3967010674682228,2.7355393020922207,-0.6942807480497416,-0.701285466381094,-1.2323519433078507,-0.8921323281462034,2.023820021866274,2.640921985940483,callo_123.png,higher
0.4568044387508015,1.448761881526599,-0.28562065337483233,-1.437979529674643,-1.7800974330064323,0.7430506396103572,1.6544400789023057,1.8917625275602337,callo_124.png,higher
-0.21494666908475385,-0.3475530595942809,-0.5861629141602612,-0.06307557891370726,0.5556427370908017,-0.2269052497471763,-0.5598718608439657,-0.0945867166165992,callo_125.png,higher
-0.8802386316526596,-0.6191429391718586,0.6510271347468151,-1.4581948861923286,-0.5615535272935623,0.38638491024105726,-0.4413639105990057,-0.5966181356265692,callo_126.png,higher
-0.4187685864194736,-0.5947600693417573,-0.23668693861586904,0.985409929972086,0.8225750307446269,-1.3460820380302758,-0.7520730795865904,-0.4018804257800655,callo_127.png,higher
1.0890829921729428,0.6540385463614834,0.9144980137701909,0.5200645444550717,-0.1310636421614164,-1.4612781333681877,1.0814511795552484,-0.06812949023077307,callo_128.png,higher
1.1766402946899703,0.11200869298555309,-2.4521137368144,1.961941675547811,1.1510240404012977,0.24245488882028376,-0.35639261977740483,0.6391387437774266,callo_129.png,higher
-0.19843996451187162,-0.2942262206015884,-0.2840247371359851,-0.463396540153656,0.03153660028916077,-1.121473314655905,-0.5224903450749419,-0.16869218950129453,callo_13.png,higher
-0.49197223278616875,-0.5973774186130114,0.3872890138048247,-0.045281002371162594,1.4425051918770102,0.4470730426589045,-0.6015268963274715,-0.542072366969857,callo_130.png,higher
-0.4374283394149057,0.07907293570247609,0.893931794554349,-1.4196843737066929,-1.3168322629110356,-1.4040660786244739,0.8750067143109109,-0.1336777990776455,callo_131.png,higher
0.9649238664725677,0.6045390849552662,0.879750562229233,-0.4353223992495972,-0.12390728016620167,-1.4379331349930238,1.4253425854280133,0.17156833832064533,callo_132.png,higher
0.655602576432905,0.8820316206077629,-0.16884336233949607,-1.1547075150942017,-0.8772666704850359,0.7454015259643435,0.8153713990324568,1.0082802160020206,callo_133.png,higher
0.15968375643892124,0.6443357531292829,1.100782776641886,-1.0188659775179723,-1.4733634589958307,0.04644200168657815,2.0870669553070846,-0.11870107947098972,callo_134.png,higher
0.7151702494567843,-0.30852299527308075,-0.9583633773576757,2.011889761239579,1.4573092320366303,-1.3948424202732257,-0.3780993277034863,0.22343079041380648,callo_135.png,higher
0.5859873441037929,0.2671434550251389,0.7638138955859726,-0.679132209822244,-0.26001475402298646,-1.5009606499830126,0.6684781655181788,-0.0459847372521117,callo_136.png,higher
0.33838677551055935,-0.3903503789659602,-2.622365877286239,1.4557073290698461,1.4390491198726585,0.8145402944321535,-0.6644526725255792,0.25507829040405444,callo_137.png,higher
-0.4661356517155705,-0.6223023592259233,0.43214772328678547,0.316925711460353,0.8641644121270896,-1.356142635245473,-0.5910834220882827,-0.5588902144548586,callo_138.png,higher
0.9835836194679998,1.0842072636387134,0.7814889457239464,-0.7668557695430955,-1.1424769129193848,1.5549276005630177,1.5914499885696536,0.4507364554418369,callo_139.png,higher
0.1352825409833562,0.39454427621735416,0.8931841368837161,-0.7717993272881677,-0.9947042536761909,-1.570871003229496,0.9109319819750101,-0.11432438761201158,callo_14.png,higher
0.31111482882492786,1.0495795297936013,-2.413847423501274,-0.30656057898046896,-1.11817047269121,-0.31023517170858805,0.45802581897382355,1.714766586085573,callo_140.png,higher
1.1034366483232751,2.0987869696303427,-2.8677182453531445,-0.4475381331293697,-1.2156530936435337,1.5579395459345842,1.071405311569758,2.6895951548852697,callo_141.png,higher
0.15322461117127167,-0.21124893112948367,0.38408171467347696,0.36338374472861495,0.47977952970609844,-1.42569185104077,-0.20728029198579812,-0.24950385820137325,callo_142.png,higher
0.4209202983749705,1.0633671157890856,0.043926658947862435,-1.6329066641243848,-1.70784384585401,-0.7403183882585712,1.6288897251732113,1.5256088814519084,callo_143.png,higher
0.19700326242978544,0.06550988277699862,0.3969558572019827,-0.6775985892592997,-0.20850709036768034,-1.1957598751807808,0.42617628133694463,0.2059717530423765,callo_144.png,higher
0.29460812425204563,0.0632758354321523,0.6643145110568738,-0.7563239773888636,0.24315224606640834,0.374254635291514,0.4912286963764336,-0.02643049795047755,callo_145.png,higher
0.13241180975328973,0.6525053386558496,-0.20455538238248655,-1.8196106856282417,-1.5575926848401553,-1.0882248579335059,1.100835688633293,1.30008925662776,callo_146.png,higher
0.8479415688473588,1.7485620085207525,-2.013706520242648,-0.3604161458425885,-1.1554103144680612,0.20076395597828708,0.9363278566892473,2.196008075655114,callo_147.png,higher
-0.04342047808828192,1.0670686066259605,-1.3041248209458862,-0.8197764901697794,-1.4730470517268173,-0.21957723141561072,0.6601454571575425,1.5418974849013158,callo_148.png,higher
-0.32905823547989627,-0.5051135199419168,0.0613658275629913,-0.12450279750610016,1.1789863685205952,0.6388277076004246,-0.5758028509399755,-0.36216930574908385,callo_149.png,higher
0.9965019100032989,1.779838671348596,-0.3446700811617975,-1.5018590121947928,-1.7350639145776332,-0.9748442338776585,2.125890910235994,2.40146046316137,callo_15.png,higher
-0.242936298577902,0.9659014006822843,-0.127066823588397,-2.2980687825992265,-2.1837640304196846,0.9944475994059542,1.5192180292106974,1.610664891384582,callo_150.png,higher
2.0959919711187593,2.9746368488491255,-1.8248943783373686,-0.6003369332040385,-1.321309824600268,1.2896964178911172,1.9046557473937495,3.3264080271660523,callo_151.png,higher
1.1479329823893056,0.932456454723199,1.0643239373701368,0.3505184899250943,-0.6087950157523765,1.626686394955561,2.061301105165822,-0.006463876428284424,callo_152.png,higher
-0.27092592807105015,-0.2676093034266409,1.1633507620168586,1.4678671318215397,0.5631141227651995,-0.04811736498504032,0.4054927502648497,-0.862718849217247,callo_153.png,higher
0.48910016508904935,-0.37567030236805943,-0.5881909929330774,1.3168149593206864,1.580700714273384,-0.918585508830232,-0.3473918014589022,0.12299713033236279,callo_154.png,higher
1.3359658779586596,2.0225447042995786,-0.33814903290296083,-1.3503744711999155,-1.60988912474798,-0.9586907453286828,2.306802837622497,2.568163010153077,callo_155.png,higher
2.177090128368137,2.722611324592351,-0.9596013830102448,-0.5750062431129264,-1.3037942557175464,0.7287041061756081,2.0774185490119064,2.927012752090936,callo_156.png,higher
0.23934654807326594,-0.11081544693182173,0.38850040818377135,-0.22764453170469814,0.8436513018591033,-1.3008039227541068,-0.07675344473660924,-0.15643467265974725,callo_157.png,higher
0.8077513316264282,0.7904685615758805,1.1902737245561998,-0.05162901519986093,-0.21150486077058228,1.6277693195313356,2.2406352767450297,-0.43578731810164395,callo_158.png,higher
-0.19126313643670542,0.13265718987197697,0.942419487337032,-0.8693101449833498,-0.9140070275008683,-1.5563222981634097,0.6668535233798749,-0.3179495251310842,callo_159.png,higher
0.24437032772588227,-0.0581894475783419,-0.05687518688508105,-0.6058246795151426,0.5455775909147008,-0.9714805914817825,-0.1972680135524802,0.02370250452514511,callo_16.png,higher
1.0481750721444956,1.0873338015859764,0.989787978792517,-0.8344596552867384,-1.37887899176617,1.6333342482549853,2.4821808361675335,0.40121599041984524,callo_160.png,higher
0.9297574089042534,0.11481769322001181,-1.160801664698811,0.9990035061043901,0.7743310026506263,-0.5751150847907243,-0.1495618835469083,0.5487056839649713,callo_161.png,higher
-0.7230660968065201,-0.7452679678352488,-0.10668481022165133,-0.19381950806008802,0.8230204172045148,0.7538937241508594,-0.8955517106751015,-0.5765212755495929,callo_162.png,higher
0.5902934409488926,0.6897175396654146,0.7865253028775002,-0.9960593406277244,-0.7130108500909845,1.4269989505020582,0.8993925611343736,0.05234631237675635,callo_163.png,higher
0.21638069823273415,0.35902405176982516,1.0380078100432997,0.18331991816920878,-0.49526555741777156,1.623800360947685,1.061382261691838,-0.33256407771675744,callo_164.png,higher
0.3699648190412906,-0.02024352482276254,0.09586166555599056,-0.429316598913913,0.8087775630455923,-0.5512404264873123,-0.08878731420566076,0.02956752913925574,callo_165.png,higher
0.6850275715410863,0.9157010996368542,0.7550914325505561,-1.2699967339689215,-1.05694893337318,1.3233205316285928,1.7336307768814485,0.5816356483272831,callo_166.png,higher
0.4015428625720218,0.20688994092790236,-1.4281562892426778,0.36475112761458856,0.05842748862062026,1.1177946224367383,-0.35531164107948554,0.39401285353834026,callo_167.png,higher
0.27881910248668,0.20226307738180807,-0.11219606433913731,-0.15753348791106478,-0.17746860176616985,-0.03697084855900444,0.0008693107251549688,0.23098431372520736,callo_168.png,higher
0.5974702690240589,-0.22222751689050946,-1.8374020533807018,2.110044813731535,1.3363931338677357,-1.2255728312420187,-0.5150169118253833,0.3028246928699849,callo_169.png,higher
-0.04054974685821545,0.3500878623904417,1.1933129179584165,-0.7304465917344909,-1.2476248415797417,-1.6227511053527972,1.7915823286026142,-0.5708264351458906,callo_17.png,higher
0.37140018465632385,0.6882500961733854,0.4316426115959218,-0.898523328251512,-1.1212457524958765,-0.07148877557157524,1.0191748020593772,0.6002921132472036,callo_170.png,higher
3.1531387465907392,3.4235103129515445,-2.408037660468598,0.1990100153233218,-0.7685804481891305,0.526687301940866,1.49245760555993,3.0883267128792884,callo_171.png,higher
0.4252263952200703,-0.2693012799886766,0.3906533217422165,0.892651675975304,1.4125248690259606,1.3894993674478526,-0.11707177405600443,-0.1876562437105323,callo_172.png,higher
3.5370990486121303,3.850360841318308,-4.040123445219796,-0.437032549382133,-1.1860793843507236,-1.0484714747182657,1.7316047071786296,3.971905099231812,callo_173.png,higher
0.915403752753921,0.6091659485013602,0.6652441028072271,-0.5037216681886963,-0.6596864882796317,1.43515692959165,1.2592835203634174,0.44971868216196154,callo_174.png,higher
0.45393370752073503,1.064900323494719,0.9468341795436923,-0.8968364534616774,-0.9944891069521862,-0.18190739545545992,1.3746895595162631,0.007442059062117321,callo_175.png,higher
0.09222157253235906,-0.12884659454699154,0.3305211431866168,-0.25190050097687344,0.5853601369322518,0.39111695643974803,-0.15059087234720334,-0.17073620061085637,callo_176.png,higher
0.9677945977026342,0.6924936577930707,0.9070437459176828,-0.40830846913443714,-0.7308108851669216,1.4967893587386765,1.4873584541473373,0.14671951841267408,callo_177.png,higher
1.3603670934142247,1.2717357121785657,-0.5061302969766686,0.8161226614302888,0.9717486508692921,1.0677433578015278,0.12894423607785468,0.5675656067041955,callo_178.png,higher
1.1881232196102363,-0.06805100966694436,-2.4879747646140142,2.1797992513156292,1.1440588649330234,0.5304348653229958,-0.33661143232624885,0.6728068613484394,callo_179.png,higher
0.5917288065639259,1.6126411819823638,0.2525023595878418,-1.8262936632023548,-1.6851136577380148,-1.2138915998151953,1.5161829578449393,1.18922736383735,callo_18.png,higher
0.47474650893871695,0.8986282068377057,0.6818071647003427,-0.20388157334833712,-0.8462832405023819,-1.4459596762704165,0.710396622396692,0.08755406796758959,callo_180.png,higher
0.7352653680672496,1.0873995657995805,1.156604079008289,-0.5313519970675782,-0.6619706681349933,-0.10237531688947218,2.025762683517185,-0.3487526485613693,callo_181.png,higher
0.5974702690240589,0.3105157272864311,0.9521006739869868,0.06725485532752767,-0.028235464085166254,-0.035512379129543636,1.0927732808511792,-0.1356248164727597,callo_182.png,higher
-0.8300008351264964,-0.8786043272091855,-0.12957167065357825,0.373174100969723,0.8956569519988922,-0.661950711795217,-1.018223182844861,-0.6800322794481747,callo_183.png,higher
0.22714594034548344,-0.17531252264874422,-0.4772213934388769,1.2039522100846753,0.31707686057643064,0.2637649199539816,-0.34433360949847397,0.0818759508998049,callo_184.png,higher
1.5254341391430473,1.3896253911017848,-0.25005761609747174,-0.834573207935572,-0.798063494216261,1.1167098568900187,0.962240390222185,1.2086416281572996,callo_185.png,higher
0.9828659366604832,-0.208281162038623,0.1591974019905659,2.1032349399141452,1.7723810502913313,-1.4039836572906501,0.019061207179410653,0.07815631773610292,callo_186.png,higher
2.8179808754804783,3.5825053346844076,-3.190027930902364,-0.4440300105354992,-1.2132273104247997,0.0762390763937063,1.9570136365581172,4.0393604791401945,callo_187.png,higher
0.5020184556243484,1.5840147505325772,0.05039582417233808,-1.406382308820243,-1.5161342882766167,0.4967152272918921,1.4083736814998054,1.3307330477631667,callo_188.png,higher
0.851529982884942,0.5048393225036188,0.8015817378228846,-0.2854887598647034,-0.12027037357904133,1.4193217619256429,1.0167643167391183,0.09429708127304612,callo_189.png,higher
0.08863315849477596,1.0101990456527947,0.8239355938956603,-1.2228859292950818,-1.5251346670480783,1.5396625878500574,1.32661376628966,0.22589922665881487,callo_19.png,higher
0.5795281988361434,0.27141989875162637,-1.0222986461593475,0.2588544528131519,-0.10341579827515629,-0.494978785763959,-0.14780871635024057,0.5007868058624363,callo_190.png,higher
0.7115818354192013,1.3172433854642975,-3.7184642974339313,0.14426947755159833,-0.8064322262721233,1.0916043371306001,0.33984029261398013,1.8587570618824854,callo_191.png,higher
0.8544007141150084,0.6787389539043889,0.5374932376405811,-0.780548571292186,-0.6415016015214821,1.355153379524889,0.9344548764468761,0.41371576007824085,callo_192.png,higher
-0.15681436167590773,-0.47760411216455273,0.18137887651933937,0.7325008316181554,0.9079176902016672,1.2942313182960474,-0.47447202514481757,-0.33600009730789465,callo_193.png,higher
0.7510543898326153,0.8431603251429648,0.9570813714320279,-0.8282890296527502,-1.1792796202539375,-1.524889123510468,2.144877691123892,0.3423392481488078,callo_194.png,higher
-0.37068383831586016,-0.3319476102871613,0.399078433507377,0.6157209030976806,-0.04691985615225039,1.5777986270165,-0.31825933040206433,-0.3410105004732221,callo_195.png,higher
0.1309764441382565,1.2895423267237296,-3.348002389080879,-0.8211110903168111,-1.473969895941568,0.9061497077485661,0.5165760690515341,2.039887251692007,callo_196.png,higher
3.048357056693313,2.533872847737278,-0.5824627267735853,-0.48992564240225905,-0.8933820435276448,-1.4144966209856245,1.8379843446672837,2.348639582345085,callo_197.png,higher
2.6478900500990394,3.238215911756538,-1.1094448333202893,-0.10947800692478056,-0.981892568141087,0.02777843261905315,2.0113145958637,2.9726416537943186,callo_198.png,higher
0.07356181953692696,0.10661522558664238,0.10281621802830095,-0.9708135380178262,-0.3587184085475691,1.1718615854453611,0.057216947860038114,0.14712027307904152,callo_199.png,higher
0.2264282575379668,0.6751962319239161,0.9033032181222788,-1.3182828537517595,-1.5236172367034169,1.5308071350597063,1.7453038085189154,0.28281577393954277,callo_2.png,higher
1.9416901675026863,1.2151508068114028,0.823818520894995,0.5905503858062322,-0.2928868822799712,-1.6150103694725528,1.6993698640959545,0.42823540872757715,callo_20.png,higher
0.7912446270535459,0.27572922458491644,-2.8756751823852307,0.02673568622830558,0.3515890959935163,-0.18361541017264288,-0.3395111825030264,0.7418079040287787,callo_200.png,higher
1.2103713866432515,0.0515635279251125,-0.4222146248510148,1.7223638330434188,0.9593247175575802,0.047604085989064585,-0.004063321979085108,0.39300722622364115,callo_201.png,higher
0.740289147719866,0.5342652399130245,1.039655361408925,0.6308879684863534,0.042034995528621034,-1.4882876777469496,1.0272811454764486,-0.3502116462905581,callo_202.png,higher
0.9390872854019694,2.32352761917976,-2.4111082492849873,-0.7994310313319654,-1.451019523930279,-0.3947213430797655,1.2180268968451884,2.7246765598087848,callo_203.png,higher
3.183281424506437,3.822594018364135,-2.7336756255678254,-0.37910243053924014,-1.1683314352740508,-0.15928980619219624,2.167705746163746,4.144128718769961,callo_204.png,higher
3.5500173391474292,3.461264584743919,-2.707296211737916,-0.10077036218731553,-0.9311922108480887,1.0905506646357763,1.668373018540075,3.450737417226052,callo_205.png,higher
0.7539251210626817,-0.02748773764011061,-0.2432422667453235,0.6932371904752727,1.0390933069077917,1.0455505294093312,-0.08179729557152333,0.22705045641222732,callo_206.png,higher
0.29963190390466193,0.1684019473895124,0.4085764919669483,-0.06077744944178144,-0.06150004074918436,1.2882228580204165,0.1720174741161473,0.010019473369140434,callo_207.png,higher
0.7079934213816181,0.6906429123746334,0.18292332236304445,-0.5010139561498862,-0.5823017342722144,-1.2038659955292115,0.8816457239159353,0.7595117529593803,callo_208.png,higher
1.5082097517626485,0.5896673573941613,-0.1485066762046255,1.15874735013854,1.258161966086773,-1.2231651080739223,0.15436075251160028,0.3912912647919282,callo_209.png,higher
0.13815327221342266,0.4360000388466045,1.0161737767620171,-0.7692004928458227,-1.0388403993608495,0.12410919200829593,1.456297180688266,-0.11624620021328336,callo_21.png,higher
-0.17690948028637304,-0.28679035682103593,0.1798886009063167,-0.6906679360690355,0.45309358595029,1.0811846346662168,-0.3092335990901825,-0.20148764631527022,callo_210.png,higher
0.544361741267829,1.2748293680190261,-2.518310220251,-0.4240745879467656,-1.1994286109942058,0.39915970707179094,0.7536704788517521,2.142883650811605,callo_211.png,higher
0.7503367070250987,2.04504394660444,-2.7100716674321412,-0.9868838850316138,-1.5885978351830325,-1.3723460839047135,1.2120296797187315,2.829135382997586,callo_212.png,higher
-0.013995482980100546,0.18713393464389447,0.9872101609877405,-0.4165906389402858,-0.9066898163692635,1.5504837482206215,0.7184773008843915,-0.3738134388968636,callo_213.png,higher
0.5457971068828622,0.9249877088358442,0.7937736451757088,-1.4973897245305845,-1.5997865587381568,1.5428745988199903,1.6509243915991607,0.4608068486857263,callo_214.png,higher
0.3082440975948614,0.4718706831137398,0.9238510342878266,-0.23589972688741379,-0.8469135882047836,-0.12000995437450314,1.4272024868936308,0.08170663171056226,callo_215.png,higher
-0.3871905428887424,-0.5466021646779691,0.8858074776148634,0.9904428995208202,0.7663931962734971,-0.09340165883359426,-0.32650474972473414,-0.7295306245404903,callo_216.png,higher
-0.016148531402650403,-0.3431178470113909,0.002767679466590837,-0.17710826953988648,1.1349364970817402,-0.939247571141533,-0.36159246650056887,-0.15084103023370204,callo_217.png,higher
0.29604348986707885,1.1383335885910246,0.2007299993125084,-2.291320471509674,-2.0389500991247487,-1.1090869215045882,2.4771972730697653,2.0226968594211794,callo_218.png,higher
2.797885756870013,2.1719355791206474,-0.5620714962322565,0.10059459705430004,-0.7470164014130971,1.4631104781962914,1.6099848634220293,2.098923830820961,callo_219.png,higher
2.1799608595982036,3.650802547558611,-0.6956831617336714,-0.545830736810716,-1.2836200879989992,-0.2518051526340695,2.230370696047036,2.858056172489294,callo_22.png,higher
0.6634970873155878,0.7732040178135274,0.9149426493780628,-1.459308512067499,-1.3907220946686023,-1.4229912617669178,1.4044161636712311,0.08932032172561079,callo_220.png,higher
1.335248195151143,0.35232190973528743,-0.1470131608153241,-0.010365830554530985,0.6626661984515345,0.7461473484199864,0.32144594136156385,0.5422007785436604,callo_221.png,higher
-0.21566435189227048,-0.08199736451883048,0.9056833319331422,-0.38469567605118155,-0.7552760277944305,1.4644997278897585,0.5211823904858341,-0.32933531299764923,callo_222.png,higher
0.5170897945821975,0.7086740599898032,1.0215947542699142,-0.4664559016624318,-1.0989248061139585,0.0701448903472843,2.0679887357690907,0.12714218906240146,callo_223.png,higher
1.8053304340745286,0.7388336991452235,0.34433422734126473,1.300362204705093,0.2544808750578832,1.483772970785814,0.8031073967485034,0.5374319638799286,callo_224.png,higher
0.24939410737849863,0.6248371620220841,1.0284981783629643,-0.6241797961801967,-1.2039009322296903,-1.6392391707828808,1.377579634823228,-0.17978868744666376,callo_225.png,higher
0.5852696612962763,1.063175464825881,0.21641356807152046,-1.0013539948879706,-1.5635037288680194,-1.5568278742061699,1.5355500555372705,1.248263889420826,callo_226.png,higher
0.3175739740925774,0.5107748606853396,0.1581668422967878,-1.0938879764884835,-1.0048435613966835,0.3902008642323523,0.6808962410601079,0.6192667773893575,callo_227.png,higher
1.1680281009997708,0.8559896563224282,0.9468727593489116,-0.48850145661640565,-0.7304885260591606,-1.5394158379635454,2.2033322437774014,0.39707587161228197,callo_228.png,higher
1.8713572523660575,0.9579563482257233,0.10738244954963172,0.2725997816300071,0.3233996883320831,1.399757651481273,0.5701138765242543,0.5712899581116697,callo_229.png,higher
1.0496104377595288,1.2698849667601284,-0.2384465140016828,-0.2952946003074884,-0.9040690766082159,-1.4665880097742896,1.10706614215632,1.3345728862869415,callo_23.png,higher
1.2161128491033844,0.3451105790247411,-0.5049821673724311,0.8556285157280245,0.2931520129763511,0.7271327492892087,0.13952202235875658,0.5775631995589529,callo_230.png,higher
4.600704969351759,3.7997772383464685,-3.331748446075718,0.09298628710310879,-0.8418933310266841,-0.7394124153718928,2.1756163128092147,4.402002580285101,callo_231.png,higher
2.0507779542452123,2.277570879754016,-0.2945299174933895,0.052676515867808194,-0.7718716074615312,-0.40174949413631106,1.7029996559816443,1.9464248178382872,callo_232.png,higher
0.39077762045927256,0.0828073086461538,-1.070417402069873,0.23607266373053143,0.04582133839940209,-0.9588636540916058,-0.3258886228764392,0.3184835422909644,callo_233.png,higher
0.3893422548442393,-0.09891148846157728,0.3331403915039791,-0.17431754891408793,0.8323372562854511,-0.5197767210360243,0.0795020502685083,0.0015460383051560185,callo_234.png,higher
0.7381360992973162,0.5874333100493153,0.6764887092267934,0.07723811664039358,-0.4256141775597723,-1.3722013863770863,0.7802642239584687,0.13741542603000195,callo_235.png,higher
2.6866449217049366,3.5046368570052113,-0.7618461577885313,0.10716808857106795,-0.7716661005331994,-0.938696134373025,1.6428702780423818,2.297261407265073,callo_236.png,higher
0.18121424066441982,-0.0862738082453185,0.7364968886194323,0.14496123521598972,0.4818605515983531,-1.4046058054166108,0.2340695345458815,-0.26426113990267347,callo_237.png,higher
-0.3225990902122467,0.3807566902218703,-0.24727116081157682,-1.6395025144558355,-1.619005223609645,0.8145422060333384,0.4938760412724606,0.7680053495443615,callo_238.png,higher
1.222571994371034,1.1567480381326034,0.29898732033394876,-0.5759977544747571,-0.5405309186936251,-1.2428759069533057,1.2527344534609344,0.9291735394733326,callo_239.png,higher
1.011573248961148,0.9798477555341704,1.02321644196652,-0.7897483256439773,-1.048918129445708,-1.5597543310938078,1.8487023444475874,0.03053088434239575,callo_24.png,higher
0.8285641330444101,2.065916976560871,-0.2776752545529454,0.17477672154942464,-0.7853371936558027,-0.3982978788198306,0.870507048869916,1.143940173142642,callo_240.png,higher
2.3586638786698417,0.5122751862841712,-0.5162901692532827,1.8006044824112557,0.934898933961306,1.6272696813651613,0.36576630383625397,0.8105425714416503,callo_241.png,higher
-0.3190106761746636,0.1698365087747396,0.9773128036116847,-1.3332252905177908,-1.6633689390975779,1.5180094850286745,1.3285178581042059,-0.0807359077885728,callo_242.png,higher
0.9713830117402172,-0.15823962984959516,-0.9138625445768686,1.2702568592636854,1.5903221691324247,0.8029197400685636,-0.23081370131740872,0.3693177777761723,callo_243.png,higher
0.42881480925765336,0.3681518921124133,0.4975988988973586,-0.17586026349315673,-0.3097463967928724,-1.3555305213942392,0.4453135376658412,0.12288191357583192,callo_244.png,higher
0.9110976559088213,0.23478265063167464,0.10544486024418598,0.4488200161051571,0.5416939304460577,1.616014234848031,0.24019740254722757,0.29789871137863644,callo_245.png,higher
0.39867213134195534,0.30582309952673264,1.0069490858786145,-0.23753171067148798,-0.687305233296763,-1.571709075115765,0.9296626893520084,-0.32021050281366137,callo_246.png,higher
3.1222783858675247,1.392817693262652,-0.6461411483219416,0.4751759599578946,0.14865064777445935,-1.4381280281149424,0.920037790172726,1.4558558221241256,callo_247.png,higher
3.0899826595292765,1.5882911942590643,0.5667604261219238,-0.3075130938924526,-0.3680462006383953,1.388697307557387,1.9528067735117918,1.0544173907470848,callo_248.png,higher
0.6850275715410863,0.24876188759036286,0.49201908919484627,-0.44850586406603027,0.1523529928833361,-1.3119259842269506,0.5130338523993774,0.17557563735378032,callo_249.png,higher
0.2824075165242631,1.0061142528895117,-0.5264333788031827,-1.4784309523954013,-1.4070402975492398,-0.708572563501324,0.9981831522504626,1.4527194939336114,callo_25.png,higher
-0.18911008801415558,0.13731693552487306,0.7090038404658402,-0.4564121692260958,0.16366545655419765,1.3930165531582317,-0.04587953846403532,-0.40213053456011183,callo_250.png,higher
2.9442930496034028,0.44366043569716335,-2.3850018996058893,1.7851422052779522,1.2640738840326413,-1.2147632951267744,0.1673199537273441,1.320287079559741,callo_251.png,higher
1.162286638539638,0.8753294785732251,0.16521288368067896,0.8461353511289458,1.0124092256760089,1.3388748091035991,0.14669365528082734,0.17805121635011614,callo_252.png,higher
-0.05131498897096473,0.15222154519278056,0.3361524873575516,-0.5267216700124353,0.7293807104448495,1.1308637988566361,-0.21833219842195398,-0.2257325836050498,callo_253.png,higher
0.8544007141150084,0.03965956945486805,0.10646562719313639,0.47333144221872875,1.1210471268258093,-0.455942335506218,0.05028702570091089,0.13893298172802232,callo_254.png,higher
0.5551269833805783,0.2591984025685783,0.07676004316883056,0.3164244808894403,0.3112216317775968,-1.097657629279684,0.0365206352567812,0.14677872435047146,callo_255.png,higher
1.0331037331866466,0.14047635557893837,-1.313962543982224,0.9072080472862031,1.1188741034956673,-0.8041563207857373,-0.263645932946194,0.4678619013559188,callo_256.png,higher
0.8931555857209058,1.3234034567160244,0.14853546983069726,-0.8103617691206164,-1.2746583961759732,1.4114164827223756,1.566387316106272,1.3535854202188977,callo_257.png,higher
1.4608426864665514,0.7911421607858992,-5.283253855182821,1.4139687233483438,0.493086001222712,-0.6077047297240924,-0.08140778896394348,1.402954188765685,callo_258.png,higher
1.5943316886646428,0.17191178726318337,0.006937225499970456,0.9479343202520607,1.3553677904493961,0.313914137126408,0.28361026175813947,0.4044967289669027,callo_259.png,higher
-0.6103898960264109,-0.1908249673130659,0.09112094611777634,-1.4814533769898335,-1.2929052336730587,-0.8007362198183632,0.15093938962227477,0.23336577770236677,callo_26.png,higher
0.28097215090922983,0.03410733319955508,-0.1640181077316792,0.538438167264624,0.3526358050631788,1.4504228877119287,-0.27951573110692884,0.004426449563556958,callo_260.png,higher
-0.5213972278943502,0.061041788087306585,1.0241027290269065,-1.7699837631567288,-1.3903646168291695,-0.21402959903482124,0.8588583149793145,-0.3858500334927878,callo_261.png,higher
0.15968375643892124,-0.4556469406425014,-0.5357469138543194,1.1704654903853913,1.513067771092069,0.7103933550013679,-0.49544714263907474,-0.04694197580125501,callo_262.png,higher
0.6878983027711528,0.9568064424464983,0.9317132103093405,-0.16359469345742575,-0.9969201749177476,1.62862598961541,1.5306464232082346,0.11456955561738578,callo_263.png,higher
1.047457389336979,0.7464283317821782,-0.4014969687353142,-0.43991066581258104,-0.665046226428754,-0.8547946181077803,0.8209793180140039,1.187720197724196,callo_264.png,higher
0.9591824040124348,2.1214778628984092,-2.121985066233796,-0.436943404896621,-1.208327091411185,0.44000996344658905,1.0890279330587234,2.4374591801229246,callo_265.png,higher
0.6563202592404216,0.04470261703417218,-0.6907386772454034,2.0438733021458533,0.7401374408006037,1.3088520173448266,-0.27022308149461344,0.24267360104773542,callo_266.png,higher
0.8666013218427909,0.1443694973790177,-0.036654012964304754,-0.43499824271866033,0.7674359942944258,1.1188316022815707,0.058256462215634026,0.23691932778324307,callo_267.png,higher
1.439312202241053,2.000461646027927,-0.3190445489223986,-1.5511580948648886,-1.4862952488230037,0.5779967359810876,1.6610370288778722,1.9301590024314745,callo_268.png,higher
-0.6211551381391602,-0.14544318077693413,1.2555968114623297,-0.48289574411379443,-0.7067518666433756,0.002412036166926269,1.058127798962825,-1.0320823184347343,callo_27.png,higher
0.39149530326678916,0.7710028525754835,0.8032177468547863,-1.3750707739812549,-1.2408413631627813,1.3717653758023745,1.5719939802949716,0.39885160488931076,callo_28.png,higher
0.3821654267690731,-0.04641137585769733,-1.4735855424935353,0.39231694478882073,0.6551656579382915,-0.29523462020692476,-0.32885633832006406,0.4384784040059126,callo_29.png,higher
2.4146431376561384,0.3131001944508831,-1.5820938067845005,2.1673342398703865,1.3194033406459464,-0.08655259528090656,0.11804071421211063,1.0109620949178137,callo_3.png,higher
0.9943488615807491,0.10498901323821112,-0.6877623884406434,1.6402840628580748,0.5669423198960868,0.3041350386442704,-0.06576242342871512,0.45483792997076744,callo_30.png,higher
-0.08432839811672921,-0.24715245750342105,-0.24254411910356358,-0.5982484520729436,0.46269352633364136,0.9056812673927226,-0.45915723005190334,-0.12606306828295927,callo_31.png,higher
2.650760781329106,2.03132212482256,0.2917276682242058,-0.5570398656943607,-0.6750066387204035,-0.7619081997951705,2.022367396698333,1.531179806398071,callo_32.png,higher
0.29604348986707885,0.9789552649317538,0.2903223174401961,-1.7587173588446532,-1.3596788700642188,-1.0497938545053123,1.1964422551219296,0.8957716345707839,callo_33.png,higher
-0.6218728209466768,-0.6942681808302003,0.7313569701001282,1.243826344721228,0.8584130820805153,-0.1306724565560862,-0.613531797877586,-0.7585083120841873,callo_34.png,higher
1.03238605037913,-0.0682097785233466,-0.5212431636974865,2.122804778761267,1.1434632401342137,0.054731212468460265,-0.11870859586511141,0.32643438278902426,callo_35.png,higher
0.0635142602316943,0.24853735452035644,0.7902266782680639,-0.639970528489109,-0.6877445266409512,1.4013461382136922,0.7382710881915,-0.04353659238673132,callo_36.png,higher
0.5192428430047473,0.9640506552638466,0.7616893188352403,-1.4588704418073903,-1.6026964039031517,1.4024602150310483,1.8271680292498151,0.6228718434330056,callo_37.png,higher
0.5867050269113095,0.015150812875166588,-0.3225337815655748,1.0994069781782372,0.31268103014388604,-0.12042709207132384,-0.1266728225865211,0.22475617039103032,callo_38.png,higher
1.1594159073095716,2.3421008375777403,-2.7793358965925345,-0.6415888256728987,-1.3491635356498932,-1.3200968692311539,1.1918459170911284,2.825863688316229,callo_39.png,higher
0.3642233565811577,0.41758558930502665,0.8367724730102493,-0.26132235213838795,-0.9117935460749175,-1.5138465164278123,1.1296704881887132,0.09701348739491553,callo_4.png,higher
-0.04844425774089826,-0.3965104502176878,-1.139600622806798,0.2783480449058785,0.5787430152018186,-0.5732952260122729,-0.6511076603336715,-0.028460949054346638,callo_40.png,higher
1.1838171227651364,2.051970621708984,-1.797211276081762,-0.07070949425813279,-0.9550850650035555,-1.1073945163757246,1.0326035389864008,2.2230202470396105,callo_41.png,higher
0.1654252188990542,-0.2988530841476822,-0.9048957490436843,0.4853671110901943,0.44895430117420154,0.5354005577233618,-0.5117504668070241,0.05986642494361061,callo_42.png,higher
0.9132507043313711,0.7847904385709676,0.8935666773054257,-0.07501153346507165,-0.6969717708692639,-0.13369768879576427,1.5052156593986354,0.1838687201554382,callo_43.png,higher
0.14461241748107226,0.2833238572218711,-0.010955674926823153,-0.8919357119763959,-0.7678958338688795,-0.503666821529873,0.400035681388118,0.5181217140776468,callo_44.png,higher
0.4804879713988499,0.3634921464595172,0.5048794609325014,-0.23004650757516754,0.08686810283091168,-1.3643561423442379,0.2878267286556139,0.006806203640862195,callo_45.png,higher
-0.05920949985364754,-0.391084100711975,0.7078796269872599,1.4149606314403171,0.8793591935850473,1.5891282466545391,-0.1896255819082781,-0.48748970472514397,callo_46.png,higher
0.0900685241098092,0.44646943593162175,0.7516017819811018,-0.2911364350764611,-0.8382225854350874,-1.6343414206875064,0.9201808341876611,0.11656607934163782,callo_47.png,higher
0.13312949256080633,-0.30663936774784106,0.16198282307568718,0.21126109375287527,0.6470869052007748,0.6231847987490083,-0.2682598533283357,-0.15796162197577127,callo_48.png,higher
0.47331114332368374,0.8910335742007508,0.8037084201762703,0.046345135645006724,-0.8248878309998352,1.5796936048980865,1.1909214376017407,0.1871828671101916,callo_49.png,higher
0.31470324286251095,0.48422370772399675,1.0611659934125346,-0.9034758172033783,-0.5131930254658373,-1.5151634169961794,1.4709831925923955,-0.22688542228306502,callo_5.png,higher
0.7338300024522164,1.2193013637882895,0.7056932587762555,-0.06029130292566747,-0.9258394721610167,-0.07754891257965935,1.2316032969015809,0.3704737148851921,callo_50.png,higher
0.3879068892292061,0.23813372164894367,0.39289944912364133,-0.01493753862330629,-0.02081340443064057,-1.613531667706598,0.19922808352967739,0.04303725519592623,callo_51.png,higher
1.3668262386818744,0.8134168700207549,-0.422777857468033,0.30171409642637576,0.02230692143222231,1.224871771452868,0.4837534409361393,0.8719252113741462,callo_52.png,higher
1.2362079677138498,1.2090564997732793,0.41431800804368885,-0.5556324234044661,-0.8015307350497486,-1.3535591165068528,1.7060577615640098,1.1194502664702908,callo_53.png,higher
0.2264282575379668,-0.2028548125329102,0.016597074824422506,1.1149502820761927,0.761952108698592,0.08361271681430299,-0.2724913259129228,-0.08107892601077944,callo_54.png,higher
0.08719779287974273,-0.074528618631476,0.2037102595811887,0.11009548949769182,0.032453343708213137,-0.24070987359642784,-0.12030637890935912,-0.06368506620266196,callo_55.png,higher
0.18121424066441982,-0.2703854215542974,0.5360060579633537,0.791930076246569,0.6677551676814183,-0.1973931749352169,-0.04682556285090718,-0.24969167747212606,callo_56.png,higher
0.20920387015756794,-0.29897897089728237,-4.122204127546458,1.818139117487633,0.6005709259831914,0.05661935039369659,-0.7232718196686378,0.3456295410086939,callo_57.png,higher
0.3269038505902935,-0.25085394834029634,0.39689058711378516,0.1511102372944662,1.3014877082978853,0.4150977478507147,-0.043118889598153284,-0.1379361766580948,callo_58.png,higher
-0.47115943136818683,-0.032147483293006984,-0.04582804120116283,-1.4684881736689641,-1.2196630462913078,0.6583441231932943,0.07070127557733911,0.25349966761733866,callo_59.png,higher
1.435006105395953,1.289159024797321,0.6895609646375094,-0.7629598523731101,-1.1438531594944361,-1.560503308924458,2.334991919209008,1.0685541726044503,callo_6.png,higher
-0.11518875883994383,-0.44023314229858607,-0.17117218727221165,0.24412012827578725,1.332374712248728,0.9355600966194411,-0.5272212421314749,-0.21884754871480394,callo_60.png,higher
-0.15179058202329138,-0.38814921372791644,-0.15273962565624777,-0.11855035315011271,0.597532988580931,0.9248459701007067,-0.46302726497605357,-0.1681024573345202,callo_61.png,higher
-0.4008265162315582,-0.5773038746162,-0.24005311581443656,0.3331641077503732,0.5681531128826419,-0.7462400907934571,-0.5869259774331576,-0.2464612099565535,callo_62.png,higher
-0.09365827461444524,-0.08403976090047217,-0.31148957726362897,-0.2958823133163321,-0.018394583495167732,-0.8254056494207556,-0.4022381362338546,-0.04328884206253673,callo_63.png,higher
-0.7352667045343027,-0.5780375963622145,0.5017573183447351,-0.9614073874952215,-0.3361391289188959,1.2377148403585378,-0.4706226904031523,-0.5150961841445323,callo_64.png,higher
1.3137177109256446,1.830263505464033,0.26859162822640453,-1.511906927009494,-1.5158593244980982,-0.7257940453667737,2.3707328194977855,1.8354961438986837,callo_65.png,higher
0.3068087319798281,0.12806320843268568,-0.3459757836780635,0.19035526724601426,-0.10137591641645213,-1.3996151516934463,-0.2093660099590922,0.1566827184093224,callo_66.png,higher
2.4498095952244525,3.2378326098301295,-1.8702157619088113,-0.44710147404819306,-1.215351154289055,0.6711418697341754,1.8948064547523251,3.340353725630096,callo_67.png,higher
1.0883653093654262,1.9169094036662095,0.309448872617992,-1.3474655549529795,-1.6162099036570348,-1.1337566987917789,2.413750350569184,1.8051343476947503,callo_68.png,higher
0.25011179018601526,0.7839909526113491,0.511575847186398,-1.62391341249118,-1.3061737414514338,1.2002673134804915,1.5108471842759188,0.8419199918207039,callo_69.png,higher
-0.44460516749007195,-0.4022543374362048,-0.2111597083668975,-0.6336639993320657,-0.12204029686163025,-0.8758632768974776,-0.5332919810914385,-0.2080173681903612,callo_7.png,higher
-0.003230240867351261,-0.5880908094140214,0.04033014692457304,2.3265644632230136,1.6831769247611224,-0.1824295520727699,-0.5176420558348545,-0.3030911118443905,callo_70.png,higher
0.011841098090497737,-0.43630711839170466,-1.0851931316472345,1.5495144248665396,0.9079914908799728,-1.6123629350488493,-0.6397453058237353,-0.029925989844949565,callo_71.png,higher
0.8895671716833228,1.9964698579074418,0.4674474207645214,-1.6270920698516107,-1.5591687808257857,-1.4754657115711505,1.9429950627101167,1.209636521660318,callo_72.png,higher
3.1674924027410714,3.4538287209633665,-1.7861934923246985,0.30193891739005413,-0.6974075639254951,-0.29263939867877964,1.6048307020727224,2.930336965965192,callo_73.png,higher
0.8996147309885554,1.9744196817425923,-0.06637706170500036,-1.3265353625568104,-1.645538892267385,0.7904447107061189,1.6334148772665147,1.650129272470035,callo_74.png,higher
0.6441196515126391,0.5556145764386616,0.08568762673748839,-0.8619780638947712,-0.2100197583937646,-0.8843554176105028,0.5826737969358784,0.5996347564754647,callo_75.png,higher
0.27810141967916335,-0.2869491256774379,-0.1757925687919249,1.4036909114689344,0.8472113009507181,1.1577263261486284,-0.32129628831904483,-0.028171865633075773,callo_76.png,higher
0.5658922254933276,0.4637339796939751,0.8675319144205453,0.0009714958063885785,-0.11075658297629275,1.4282356307887674,0.879379141173371,-0.08698383606157183,callo_77.png,higher
1.03023300195658,0.16077443264575597,-0.8783250697220669,1.3529325916929051,0.6455027640416917,-1.1270915963599772,-0.05639033748267475,0.5452985044557724,callo_78.png,higher
1.768728610891181,1.3477534444393247,0.6800994114394874,-0.21395748242648255,-0.7142497818346968,1.5603789427455388,2.066879256788225,0.9232255044433608,callo_79.png,higher
0.4417330997929525,1.495994413481168,-4.48854465904368,-0.7418149539387905,-1.4191385062768138,0.41288847646930765,0.7267620435907419,2.557041688298915,callo_8.png,higher
0.9441110650545858,1.3174021543206995,-0.7715262480600946,-1.0499699606930606,-1.2026319273003343,-0.6105508864056205,0.9383200822853459,1.5569023117022007,callo_80.png,higher
1.870639569558541,1.028071424411563,-0.023275161877537098,0.9684870800867169,0.3631228621984923,1.3967118495782689,0.8128532291288643,0.8874196932825995,callo_81.png,higher
0.49627699316421553,1.1375998668450102,-0.01619903122445529,-1.4082652495119323,-1.2962157196055446,-0.6416950713498649,1.254963302233098,1.2664712934300777,callo_82.png,higher
1.4235231804756872,2.084139775139245,-2.069339725337283,-1.203089576332287,-1.4344340867245486,0.9375772587545318,1.5313266382951498,2.9838072886696327,callo_83.png,higher
3.6253740339366742,2.502119878340228,0.1796480201536887,-0.2946779490433478,-0.7213017895259897,-0.6327497465587358,2.382262886298674,1.9774091172439616,callo_84.png,higher
1.8742279835961242,0.1056898528774234,-0.9177111893420414,1.596568232605737,1.268382635659434,0.9694010129774722,0.14385268723997635,0.7800064083838432,callo_85.png,higher
0.25082947299353187,-0.3641167637174213,-0.14259390383358003,0.7886053252815338,1.3770872522205508,0.3536415109413481,-0.3750969051825968,-0.09275526811149637,callo_86.png,higher
0.09150388972484244,-0.43241397659162517,0.284031552857311,2.23486525523662,1.133468013565132,-0.009217006892120766,-0.34569352321600405,-0.2906617619943295,callo_87.png,higher
-0.48336003909596936,-0.5017624489246479,0.4870138512682218,0.1798825796735393,-0.20223585720223716,-1.5234374094274268,-0.4293402955154652,-0.4770246309722344,callo_88.png,higher
-0.5213972278943502,-0.37547865140485526,0.8461583959951673,-0.28879084625207835,-0.3198665058953753,-1.429637270436048,-0.03543700679080093,-0.5368604205468627,callo_89.png,higher
0.8536830313074918,0.524436559931224,-1.5548039589061928,0.38808608238748493,0.30943781836427725,1.5497320373859922,-0.139930839644659,0.6896533471133123,callo_9.png,higher
-0.06853937635136359,0.25243049632043607,1.092855010623687,-1.1278784482054625,-1.2858597696379577,0.07802785081311744,1.4156927969997395,-0.3362446543838707,callo_90.png,higher
0.15465997678630491,-0.03789137051152399,0.6065905398413941,0.07865427188397116,-0.06660058371676157,1.3360112580568742,0.1816431836101842,-0.16147137075220938,callo_91.png,higher
-0.7575148715673178,-0.7184593996970974,0.413108691278873,-0.7055941103827614,0.45838844009034835,0.5244966697138452,-0.6992555834451577,-0.6270175365739465,callo_92.png,higher
0.1237996160630903,-0.23802461716083292,0.31029077707415575,1.2515541469048481,0.43924412018297526,-1.5642253734268514,-0.1967362843315026,-0.19238979417795948,callo_93.png,higher
-0.30537470283184787,-0.008881637135328715,1.0042281899592536,-0.6028339623617759,-0.5513654368828909,1.631929654817562,0.49644530399837855,-0.5018448106226426,callo_94.png,higher
-0.05059730616344811,-0.3884996335475227,0.35611480996778944,0.1844699638680257,0.9196363990415501,-0.4167856441763584,-0.2849771601823093,-0.28876792623610575,callo_95.png,higher
0.12092888483302382,-0.21645074756519006,0.35962771016281697,-0.03612287612455286,0.5162773086346698,-1.3096266715790221,-0.11778717350422621,-0.16615792064988436,callo_96.png,higher
1.5067743861476153,1.6357153771768385,0.19479543099171168,-0.9721391212266459,-1.1562053022040664,0.4069025966183864,1.8409067036299807,1.5197404933619303,callo_97.png,higher
2.518707144746048,2.2061142468257473,-1.1529465550897546,-0.5164559353649077,-0.9027426218468055,0.3744009756381508,1.38475988963255,2.292582623187101,callo_98.png,higher
0.08217401322712639,-0.3196932319973106,-0.9963660181596924,0.9462111123755876,0.659032558722781,-0.05697593517095507,-0.552154918662421,0.043067062234168084,callo_99.png,higher
