rgb_mean_r,rgb_mean_g,rgb_mean_b,hue,saturation,brightness,filename,label
-0.23300956136822934,-0.18743705027787386,0.45973911023094655,0.17381405069634667,-0.9080553358318946,-0.25801560567599474,callo_1.png,smaller
1.1611841130932912,1.7582761027643803,2.3144689914498566,3.1730690301172197,-2.6301617322459565,1.4505135621007477,callo_10.png,smaller
-0.07773866629511121,-0.32758757840026664,-0.86014573555102,-0.7184509794597005,0.927561314293071,-0.16067033175473,callo_100.png,smaller
0.3977884335355514,0.3566391871830124,-0.39926477743047906,-0.3730242015154061,0.45805193251010035,0.33852108193150277,callo_101.png,smaller
-0.030227048776679612,0.22896692218435902,-0.3589054519210327,-0.06426369219097113,0.14136664616533867,-0.04564733166541403,callo_102.png,smaller
-0.6280943845592128,-0.274017668213466,-0.056342815862431325,0.9008434397344628,-0.42391368418610964,-0.5646360100947369,callo_103.png,smaller
-0.05898062490681235,0.21557880820995248,0.16158226281138877,1.3157280004068626,-0.4749505310269551,0.003392457287335769,callo_104.png,smaller
0.00553294964197691,0.6106023576419416,-0.015673391537564654,1.2840787794073651,-0.2511254842601391,0.16686032456422192,callo_105.png,smaller
0.00965285538321621,0.14263154009614404,-0.40548702774712275,0.01835961925180322,0.219852631766555,-0.022656728618504866,callo_106.png,smaller
-1.151353148294451,-0.6711473364167303,-0.8094784053828775,0.5212960859867586,0.15278097755112235,-1.0932559134221564,callo_107.png,smaller
-0.2580559554653068,0.15020708762548324,0.5172608757685363,1.9360850382694583,-0.9002703631564466,-0.13761580411217822,callo_108.png,smaller
0.03397831764181545,0.4047305737090199,0.24552352253570642,1.2399155510435658,-0.6005001432136615,0.14594867015619967,callo_109.png,smaller
-0.3793013482863263,-0.41603038850604407,-0.3900105861909951,0.9103260625429817,0.03169450177848525,-0.35477080294647567,callo_11.png,smaller
1.2256787988593332,1.2171666714975522,0.3740675301210863,-0.40301841722310877,0.0010987420859974503,1.1592823737032993,callo_110.png,smaller
0.5359620535831155,0.26785447013257363,-0.21948535079097148,-0.5593088620049007,0.42661215140855135,0.4711598766806882,callo_111.png,smaller
-0.19390976911523103,0.4252132749747419,0.6988744081411601,2.426278806273122,-0.7887299076448262,0.07861116097222481,callo_112.png,smaller
-0.5364194276154854,-0.27475776992964507,-0.1586409913858358,1.1444419852001784,-0.193987093321716,-0.4376875838330788,callo_113.png,smaller
-0.6130811724269108,-0.24975326903122957,-0.030061821350683922,1.4664187302535079,-0.34316457127017624,-0.4821905912415484,callo_114.png,smaller
-1.0833163658470402,-0.8908857523677239,-0.9008667020834401,-0.25105927097971603,0.4229022700333031,-1.1295615484637334,callo_115.png,smaller
-0.40305285671214564,-0.3038839092815067,-0.572797943003362,0.5262063916011431,0.5493655317867796,-0.34192664467454953,callo_116.png,smaller
-0.21868066881169124,0.14687564416263954,0.5119227425316536,1.8426420216253276,-0.7723598740914558,-0.1186872905020346,callo_117.png,smaller
-1.6668553113239293,-1.616859631528347,-1.2221573324848034,-0.6083078969398242,0.4689881802697794,-1.7318264965799242,callo_118.png,smaller
1.3467326701130762,1.3582447179124741,1.6537296621314754,-0.043759964818645344,-2.129962719432716,1.3084380390347379,callo_119.png,smaller
-1.0052661236919653,-0.9005756587751161,-0.5278630320390679,0.9108438756310863,-0.04986738074072466,-0.9890690661323474,callo_12.png,smaller
-0.4285690998698407,-0.4654249237490285,0.15164131152590535,-0.1253845598625954,-0.5482172833395541,-0.46421728565463294,callo_120.png,smaller
0.2836860845598016,0.41702752602541326,0.6160519933837547,-0.052957089794403354,-0.8646833075873444,0.2505844663168347,callo_121.png,smaller
-0.3716803923604753,-0.14597840815292676,-0.37443586328342504,-0.3661325307956173,-0.027797904818129538,-0.4420699048457468,callo_122.png,smaller
-2.092642156050483,-2.057151597293611,-1.713878469741653,-0.542501042280045,0.8437394131480569,-2.155294561733123,callo_123.png,smaller
-0.4191236584360999,-0.4852051032412438,-0.2668115071918735,-0.5391040954913603,-0.1063669891300116,-0.48388968566580387,callo_124.png,smaller
0.8713891427961249,0.8654532701973736,1.2891010539861032,-0.38489534430727507,-1.5989478005072244,0.8116929193249404,callo_125.png,smaller
-0.7563068493017305,-0.3961757886947322,0.29448380783770756,-0.19973506255034143,-1.647981507368857,-0.795814991567079,callo_126.png,smaller
0.5137564871884396,0.09645887403331155,0.2672752749173399,-1.2141096299483354,-0.4854770865245735,0.4095905778044326,callo_127.png,smaller
-0.45255456816629985,-0.9323088876856965,-0.8927918624569644,-1.273373628112907,0.39193638059239877,-0.5575752189723299,callo_128.png,smaller
-0.8979174875577927,-0.9699134809130641,-1.063288152767507,-0.669526380502339,0.7988684816834949,-0.9746988426382013,callo_129.png,smaller
-0.03720341810818291,-0.042994582175871876,0.07705797685959404,1.3134662056751183,-0.3136449288405256,0.023306753745676593,callo_13.png,smaller
0.13883853800436322,0.07173913836966418,-0.12684437332859036,-0.5874710028868989,-0.22418200187596815,0.057825308239455885,callo_130.png,smaller
-0.0949492678784389,-0.22754328910193325,0.09328757896865622,-0.6226445589928709,-0.35244075062418845,-0.16252536824675834,callo_131.png,smaller
0.4635370798007223,0.43597344191306947,0.16042320518633274,-0.5345654030342077,-0.18334420246801028,0.3853701476783691,callo_132.png,smaller
-0.038451125842638434,-0.2595724627579414,-0.48777399877932526,-0.8945997193988868,0.37556540379903713,-0.1332795872664753,callo_133.png,smaller
-0.0025198230694280276,-0.32540236678458756,-0.537248628582877,-0.8684137453913068,0.1335126511817659,-0.09224589407590186,callo_134.png,smaller
-0.8206079999803851,-0.9592904400377706,-0.6950357497020564,-0.9508434227587135,-0.48778094689350315,-0.917310168304349,callo_135.png,smaller
-0.2937355090617337,-0.1909001246037166,0.10104674150395464,1.2626229206562347,-0.3828528018295949,-0.23622768769287109,callo_136.png,smaller
-1.1556882241046247,-0.9631731693671489,-0.7472272650312579,0.15505371069832097,0.31142098503654364,-1.162424616556035,callo_137.png,smaller
0.5740625068949352,0.5136923610014614,0.40887417626601197,-0.18226967246515544,-0.6522565070533246,0.5386413563011082,callo_138.png,smaller
-2.1326857852276886,-1.8352186403805326,-1.2100705156766352,0.7657177294737557,0.44109970258234293,-2.104166926224513,callo_139.png,smaller
-0.6539769187654798,-0.42376684884379584,0.1505272035684027,1.9280471904064735,-0.531755818392568,-0.5123061664242279,callo_14.png,smaller
-0.6020309165038658,-0.19429509126697403,0.31632991439942804,1.5068151486306345,-0.5146379781617676,-0.47027474831768495,callo_140.png,smaller
-0.5094588750475814,-0.5683810276966218,-0.3728596353484409,-0.4158066187134502,-0.11956291473455692,-0.55317008300505,callo_141.png,smaller
-0.373913067636371,-0.026991073302474907,0.434916002457608,1.6160143935735458,-0.8815005627343796,-0.23296669082362523,callo_142.png,smaller
-0.19667375734127895,0.059473299352403294,0.2314750213513416,0.773110144398206,-0.49624051963103477,-0.11988212766765992,callo_143.png,smaller
0.1992372793788396,0.19371052324119228,-0.007564504290520715,-0.18854901712342667,-0.4705988502971474,0.16428900230035823,callo_144.png,smaller
0.43969935026096624,0.06724945789541299,-0.8166724839915811,-1.048473023551573,0.7782032045555429,0.330598801228142,callo_145.png,smaller
0.1489602626041141,0.020578075137071716,-0.11965213764516588,-0.7559227984568562,-0.26292684379695813,0.05416108769405821,callo_146.png,smaller
-0.20068453816960677,-0.3738878790071411,-0.1599206881941974,-0.873623512307754,-0.38850969281134523,-0.3005218867272706,callo_147.png,smaller
1.2056450147473525,0.7343612343644502,0.735996203751244,-1.0710558603432863,-0.6107124141649191,1.1057054314624755,callo_148.png,smaller
1.6261679684375925,1.340749061294061,0.6809993289675409,-1.096137866896009,-0.5018848682714347,1.5107504377858234,callo_149.png,smaller
-1.2509739733148653,-1.1136979149808772,-0.7092983946708785,1.3729987597101705,0.5294352810957024,-1.1399949693182072,callo_15.png,smaller
-1.403095958591113,-0.7051534513648356,0.42034603287582994,-0.06685925792132606,-1.7932476198139784,-1.2625149569448084,callo_150.png,smaller
0.15550226307257053,0.6575212732510779,-0.4276225862671106,-0.0570296725837153,0.4579094444371968,0.21939570510901912,callo_151.png,smaller
1.5363634496837124,1.2515139529758839,1.3145525811086625,-1.1995756588545057,-0.9627859964241707,1.4216378253452304,callo_152.png,smaller
1.5363550512511541,1.1425406623748624,0.31990007310766383,-1.2272742838945094,-0.12972531221743844,1.4209260021433605,callo_153.png,smaller
0.5703747159308681,0.37993941505216194,0.6055073328298198,-0.7900499913464045,-0.8202917689849698,0.476595035127913,callo_154.png,smaller
0.385095359551796,0.2726580390965156,-0.16882558957431248,-0.4251027436811402,0.1708934414634123,0.3103076168599985,callo_155.png,smaller
0.724295607475989,0.387985237795801,-0.012611627126652527,-1.1250920648108735,0.144766500564698,0.6129816073609434,callo_156.png,smaller
0.7948075620737265,0.5571343462444016,0.4144638656329288,-0.8157609809907815,-0.20997751413312543,0.7021134450277098,callo_157.png,smaller
3.015795358578617,2.8885311855628415,3.20324606561135,-0.45066237082660854,-2.571645436022005,2.9234510444440693,callo_158.png,smaller
0.13858520707385777,-0.19872887760458982,-0.11540779780440975,-1.239210410313188,0.019649855524060785,0.029575319806591435,callo_159.png,smaller
-0.43889511893637795,-0.5431452687712369,-0.5749526646609059,-0.06044122870519668,0.342086114550595,-0.4772581962578606,callo_16.png,smaller
2.4312461837068366,2.154533181536118,1.915515707732276,-1.1499785848240343,-1.3768334359927754,2.3129938174467317,callo_160.png,smaller
0.1163985806878867,0.5238608072379892,1.7559166073961845,-0.2922036584552725,-2.5944249384983267,0.13680820334909577,callo_161.png,smaller
1.5996910040725039,1.819072380701947,2.6827135278651184,-0.7245913446946728,-2.9989069911339032,1.5670064496163563,callo_162.png,smaller
-1.4139024391979536,-1.3112905536149673,-1.2455082027414508,0.11698585363350078,0.578800681746255,-1.3738846758298993,callo_163.png,smaller
-0.6405827101923703,-0.22717625876356284,0.0029697023538929512,1.6069666850835513,-0.3460014034959438,-0.44547834851199414,callo_164.png,smaller
-2.0821793680705936,-1.6683922849410757,-1.0364703873758023,0.8704496693770366,0.25907511455993476,-1.9858180381978174,callo_165.png,smaller
-1.2444398431765749,-0.9537925030430802,-0.6923514894134871,1.0980911843870422,0.2912905009556633,-1.1405641898523646,callo_166.png,smaller
-0.49597371676251395,-0.11850793570401084,-0.03196094894489324,1.7296111629658262,-0.08354147137159476,-0.3405262107707272,callo_167.png,smaller
-1.516677076541845,-1.114316467279928,-0.7141123483428464,1.0234764126589786,-0.0837654606649984,-1.4271210110079382,callo_168.png,smaller
0.05464835712661618,0.36557847369926666,0.4591804492553911,1.466222385007693,-0.6744666674182211,0.20383930626603536,callo_169.png,smaller
-0.2486469739046677,-0.3057850148348073,-0.058980648481932824,1.0891765408091618,-0.07276502494737719,-0.19259408631834893,callo_17.png,smaller
-0.36300084981823266,0.025032825596853877,0.23382103168091828,1.6849548209844523,-0.29075930348,-0.20118525878181515,callo_170.png,smaller
-1.4610834777017536,-1.0697300803727907,-0.64346622094917,1.1250861245678787,0.0007054301604609563,-1.3599055314331812,callo_171.png,smaller
-0.36432510442738547,-0.7062484130171803,-1.4528717047262787,-0.9257126522349832,1.2193028248934523,-0.46430978996866284,callo_172.png,smaller
-0.3585503402256289,-0.7508784774377525,-0.8844398268433108,-0.815926021544008,1.0561149886663244,-0.43200479731589364,callo_173.png,smaller
1.4730335495550644,1.5749999252065385,1.752894506086273,0.004225769835452354,-1.4366419429003552,1.459063703087738,callo_174.png,smaller
-0.41876814973575244,-0.6853184865806005,-0.7967445643558789,-0.7462428111368025,0.9046533105263252,-0.4940123711445276,callo_175.png,smaller
0.09997471892181294,0.13779668174279097,0.22323407260365727,-0.11187081033831486,-0.20105795842768598,0.0825214213037871,callo_176.png,smaller
-0.7692741649986904,-0.8871826972667444,-0.8247221765861688,-0.6109869110114772,0.8165204741825692,-0.8343476395929592,callo_177.png,smaller
0.5975660049788143,0.43868942311140935,0.37011326843365616,-0.4948041923430677,-0.19847295699484216,0.5334178667809735,callo_178.png,smaller
-0.15529142830947099,-0.12401336489943386,-0.1732667049745874,0.03679216647614238,0.17990041554054795,-0.14414804510242685,callo_179.png,smaller
-0.27533236389668475,-0.16357535964423064,0.17540448708209425,1.7232534221332145,-0.2523417462011985,-0.14087413066869453,callo_18.png,smaller
1.4776253900539191,1.2236143426270125,0.6542162511589567,-0.5420479955031461,-0.2347637918187422,1.4050327586762554,callo_180.png,smaller
0.870168844703661,0.38634406492534457,-0.02521635707090262,-0.9843855124099968,0.12348112644787042,0.7737602269081152,callo_181.png,smaller
1.1448856079825365,0.8330959114879201,0.27351201339778636,-0.8132324169978814,-0.0951817752493961,1.0507407375820432,callo_182.png,smaller
1.1490116396405474,1.0319872996068848,0.9028176917826584,-0.2964339277798846,-0.6718835270135439,1.1019208856246572,callo_183.png,smaller
0.48876490185155624,0.10085082670266768,0.06946159994996672,-1.2170153060891395,-0.06728832151930522,0.3792991686712954,callo_184.png,smaller
0.39136764151790737,-0.07784340469283531,-0.2630898189219211,-1.2519204730912186,0.26543143090691346,0.28123867832492566,callo_185.png,smaller
-0.0033685956513951265,-0.39611546683628995,-0.7019442782194381,-1.1571669263071305,0.8163394403089025,-0.11164716583756665,callo_186.png,smaller
0.9025780821873485,0.7952428492573904,0.3203224400823583,-0.6492894433708862,-0.37470376941157646,0.8097603857261735,callo_187.png,smaller
1.0019658195151815,0.5653901127662181,-0.0059618075996619654,-1.0356551598761565,0.19656456334611278,0.8979577343689241,callo_188.png,smaller
0.805204732330752,0.6098937467499842,0.4003951996979976,-0.5325439901622809,-0.23043276528860107,0.7346685117602975,callo_189.png,smaller
-0.9307515859489495,-0.8993193262754269,-0.29789287342126497,1.2327814246052737,0.2038176441309681,-0.8624898089777441,callo_19.png,smaller
-0.15887478789271112,-0.22438396845761238,-0.5080343764589744,-0.25552146526041747,0.5346537820989427,-0.18739069916794504,callo_190.png,smaller
-0.2817649879032913,-0.359549588121542,-0.5737314235085055,-0.3647648064681384,0.734405065313598,-0.31717202113077697,callo_191.png,smaller
0.5985212387143911,0.4796495570599995,0.49887750508338313,-0.5009657406058491,-0.2849502352901111,0.5366534607551647,callo_192.png,smaller
-0.05955490160883861,-0.36678586172153643,-0.7661716765220905,-0.7403191859632371,0.8350459863887576,-0.14076547694393204,callo_193.png,smaller
0.09854996380293594,-0.18301059655509352,-0.2997170633955622,-0.7492279124300513,0.5321418059862587,0.020852563042774917,callo_194.png,smaller
0.9307876237865759,0.6840523077512132,0.005949725472161471,-0.6811894142074825,-0.05367236461683997,0.843992366462003,callo_195.png,smaller
-0.5655454816713602,-0.7095695881139089,-1.3962587694184803,-0.7164241993569477,1.1574459441167575,-0.6534549044562685,callo_196.png,smaller
0.5880400670781633,0.31942747511625885,-0.05692533446737801,-0.6752276236789605,0.2042681653267354,0.5112482173150377,callo_197.png,smaller
0.2811855308348885,0.3526281276640757,0.23988154025616187,-0.08431991586399772,-0.004243789916666551,0.2646719999121314,callo_198.png,smaller
-1.5528823806147147,-1.3584435947675375,-1.1277946639350909,0.3472546342502373,0.6052792421019383,-1.499684315090588,callo_199.png,smaller
-1.0845410319922912,-1.1337221235987363,-0.8121957127528859,-0.6281034157033749,0.12348473626156643,-1.1597634377718515,callo_2.png,smaller
-0.5629042361634773,-0.6936357787554176,-0.3519482635951794,0.7940748791679052,0.2033608643649006,-0.53227963051159,callo_20.png,smaller
-0.8507808354998513,-0.7561443126259543,-0.6590205627129142,0.269009092682253,0.3556182823357785,-0.8027637216131484,callo_200.png,smaller
-1.317587309720705,-0.9954851766191588,-0.8460328023606924,0.693594573350029,0.23938543851767097,-1.22710774825977,callo_201.png,smaller
-1.118883145578014,-0.89035386826651,-0.45645938054160456,0.8499995254856981,0.15001732665267176,-1.016836570222752,callo_202.png,smaller
-0.9594192355649017,-0.581232213897788,-0.6053336777452757,0.9558537467738845,0.01925320330959967,-0.8604752450549452,callo_203.png,smaller
-1.308182478011379,-0.8699244673824538,-0.7820629917971822,0.7271365591750611,0.13954361704217552,-1.2431073434271773,callo_204.png,smaller
-1.204726582228751,-1.1539822465865617,-1.0107590669558222,-0.1944358680104759,0.9052740521287533,-1.2131200050572826,callo_205.png,smaller
-1.1112937361983912,-1.003225646726135,-0.6704482913045366,0.1301978307484856,0.5410023057622751,-1.0875776848912229,callo_206.png,smaller
-1.209708358612398,-0.9970017195838503,-0.9839597721777977,0.26613758964848283,0.3144514441027048,-1.1866568889073956,callo_207.png,smaller
-0.608859599569831,-0.5357886724311626,-0.5606887551643359,-0.0013090766751718448,0.36813834802327294,-0.5895568149163863,callo_208.png,smaller
1.3486665640524003,1.515916275986774,1.6407959675518944,0.6629421257690176,-1.3458243714780853,1.444184391031589,callo_209.png,smaller
-0.20554654137042466,0.04439247586815094,-0.13800363617966063,1.2825078999291581,-0.0706606382424215,-0.11185610164927352,callo_21.png,smaller
0.12219694487562113,0.024217948760096555,0.011025822288064696,-0.19625131630391618,0.2316250045474347,0.11911528648279639,callo_210.png,smaller
-0.3208199944213618,-0.5384574622045699,-0.5371596762027103,-0.6390353628689655,0.738872690546146,-0.3769743014107562,callo_211.png,smaller
2.425875720133869,2.5663060108298796,2.566788689001754,0.5060933925141344,-2.0750689673846394,2.47843331641106,callo_212.png,smaller
1.2996731278199813,1.4577365750416889,1.0916564107315523,-0.2556403758986288,-0.8205124296130989,1.246533894875528,callo_213.png,smaller
1.9906654480538712,1.8542036549440417,1.8692892311956524,-0.4314284570053674,-1.3924682007604605,1.9309232478910245,callo_214.png,smaller
2.8401607766130454,3.241735725437786,3.5235471788463517,1.4952893904710673,-3.0075706510596065,3.0519442643335126,callo_215.png,smaller
0.4797402953188587,0.3622694762669693,-0.34000179413949944,-0.5147406029288043,0.28863316235196446,0.4201084559436841,callo_216.png,smaller
-0.7316150573330442,-0.9783213354822894,-1.194349059368178,-0.76761433632506,1.0612143680757131,-0.8080432779470064,callo_217.png,smaller
0.19732218591786072,0.12558877521224793,0.16649119656816816,-0.5101711476904689,-0.21296292533146044,0.13243556531863251,callo_218.png,smaller
-0.1771690884104511,-0.13895307490501835,-0.16784856770910994,-0.34691865513098286,-0.07025720325156565,-0.22319014204333776,callo_219.png,smaller
-0.5745654232680103,-0.45973135194382664,-0.4326417407230729,0.6892720817882637,-0.0833145216693681,-0.5127772535589336,callo_22.png,smaller
1.1055937751300056,1.2344035876494992,1.4663475244409843,-0.036388068728520524,-1.4178617738072588,1.0960130185411456,callo_220.png,smaller
0.6754165808949079,0.4288492039306173,0.2533281343673647,-0.634482690484747,0.04212397491079459,0.60574405702262,callo_221.png,smaller
-0.7497177916158422,-0.9137750377705376,-1.2476802682543797,-0.6941865158781461,0.9619550072377423,-0.8251216211386938,callo_222.png,smaller
0.48494462741700617,0.31357064499607823,-0.2732379456218363,-0.5967118340585218,0.27726381211600104,0.4068275948964755,callo_223.png,smaller
0.18126458877198537,0.16871589005105223,-0.7935594159241617,-0.39221694284440056,0.8393223588885522,0.13019986390231464,callo_224.png,smaller
-0.19661193781210176,-0.27994221304653105,-0.29082952853129435,-0.5583802017891429,0.39711281252056174,-0.26028801829805676,callo_225.png,smaller
1.5859682614552466,1.4064976614102838,1.2678116729966693,-0.17285948422961236,-0.8885761691919086,1.5731795408393716,callo_226.png,smaller
0.3903526815987337,0.10504923533821134,-0.014921023419251306,-0.7093271594186207,0.27978697877437253,0.31566032184144155,callo_227.png,smaller
1.2767176669937228,1.8043694736634937,2.0875372110041512,0.31999596781489037,-2.1413385331267087,1.4433719348793517,callo_228.png,smaller
0.4280605222542612,0.1466442120911371,-0.12554644254379288,-0.6538216989005263,0.48912499175782037,0.35859835119104144,callo_229.png,smaller
-0.29301748736591093,-0.397211589020326,-0.26721014057194037,-0.11161453345696773,-0.1258327097380956,-0.33892258890161453,callo_23.png,smaller
1.9838818405185341,1.7380972963102383,1.3850944405307035,-0.5074306356715373,-0.7490002014516971,1.9179120026448149,callo_230.png,smaller
2.099480674121169,1.889101609501719,1.762063516953936,-0.4722057086814846,-1.124215068887018,2.038815821580902,callo_231.png,smaller
1.762068490039316,1.4490322583247839,1.2655815762898337,-0.6032683241975558,-0.5651183773171585,1.6932113687928596,callo_232.png,smaller
1.2227014190525536,1.040677980529256,0.9367273865480291,-0.18904192358945013,-0.867267913832998,1.2171418014286877,callo_233.png,smaller
-0.18654957259481994,-0.530725848471995,-0.6986356021986009,-0.6814027745078068,0.7673428184040048,-0.2521072895533496,callo_234.png,smaller
0.8350569687338036,0.46594720576435367,-0.19100051717927505,-0.7907487743654954,0.4913836884505094,0.7488484784737999,callo_235.png,smaller
-0.8408696634851803,-1.032436679126075,-0.8263162930087696,-0.6690544306685299,0.9264564002367108,-0.8993458850638438,callo_236.png,smaller
0.361634391792296,-0.16672442741995344,-0.6578304242937143,-0.9101318148011556,0.9085136505262199,0.2771288327811996,callo_237.png,smaller
-0.7757904384373832,-0.9666007068535505,-0.8558250144972672,-0.16978645529354455,0.9005500853288566,-0.7602509097495727,callo_238.png,smaller
0.7581655317942667,0.36740568402142026,0.26810563014368666,-0.754469988987336,0.13220530114401416,0.683969545072282,callo_239.png,smaller
-0.4169434493854562,-0.4953708754983875,-0.3947900227328813,0.8069522533069573,0.264441787378117,-0.3955143229629252,callo_24.png,smaller
-1.1683070858650393,-1.4610790428060636,-1.3305812745623036,-0.6673858601944047,1.1960279025013183,-1.2177857239958816,callo_240.png,smaller
-1.1530713024332617,-1.5343478071109375,-1.4751964031047533,-0.9469139975546069,1.3484916829623521,-1.234156431371023,callo_241.png,smaller
-0.296942063726073,-0.7064222293954922,-0.8931751690387947,-0.8559981816196212,1.1547386940809907,-0.37522275696651114,callo_242.png,smaller
-0.7494860806174679,-0.7874717651742534,-0.5990867752700281,0.05521942283645818,0.29070000378551064,-0.740090046782664,callo_243.png,smaller
-1.84612294231739,-1.7849591093458241,-1.3035059159012878,-0.529076355228317,0.8119460442260408,-1.9027696660608746,callo_244.png,smaller
-0.4991210235334853,-0.5779804542265814,-0.29718494492620806,-0.24609527821803082,-0.2050680391823596,-0.5355946670728569,callo_245.png,smaller
-2.2081026290678536,-2.0142916407222944,-1.2403586148133972,-0.3254191492289234,0.6003362548265828,-2.2388696464987348,callo_246.png,smaller
-1.8488797178618508,-1.7961687047383827,-1.6277793638343074,-0.43525631107535906,1.0270116521983876,-1.8968612652769714,callo_247.png,smaller
-1.5087902538216524,-1.6645505260294198,-1.3955138347269131,-0.494606860814025,1.2041336378953964,-1.543439285835025,callo_248.png,smaller
-2.401023605810357,-2.258581988496165,-1.4067191387861075,-0.3608853922002527,0.6698720623082723,-2.4272547130841367,callo_249.png,smaller
0.3741915246695589,0.6220831893747257,0.8249476737922842,1.61428498307409,-0.9659032357110982,0.5025942605704986,callo_25.png,smaller
-1.095160394669832,-1.0740349407051146,-0.7565233356852146,-0.3666082534800405,0.20143791436161218,-1.127172649497286,callo_250.png,smaller
-1.6430278801103038,-1.7769038251090377,-1.934748096411836,-0.7375512181014202,1.2589083972736097,-1.7125498445853593,callo_251.png,smaller
-0.47632281644536134,-0.50791332964758,-0.4774371049983907,-0.06538522882370225,0.1984936080954151,-0.5105969299683326,callo_252.png,smaller
-0.19687368008887093,0.02647288646267075,0.21767577205240962,0.7955286140779527,-0.297125476927954,-0.12936301367616296,callo_253.png,smaller
-0.11788711079814888,0.09734493009002071,0.31105938421749557,1.0092637239476103,-0.48051041595432054,-0.027937950232150975,callo_254.png,smaller
1.2152546300057931,1.1386982208351388,1.1717893444127105,0.08931938555267672,-1.0549994534444154,1.1945927044964462,callo_255.png,smaller
0.21378016440935896,0.41084256420445503,0.6027202965386206,1.6332841891060856,-0.7235083203774337,0.30857683447803,callo_256.png,smaller
-0.8101024622373821,-0.6316505721451914,-0.22305719566358087,1.228596774341323,-0.08756372711486624,-0.7472861211188465,callo_257.png,smaller
0.15411333606395083,0.4623500311059595,0.518682874906298,1.1123680140096703,-0.7289820904778163,0.2678663757153455,callo_258.png,smaller
1.0059343789832376,0.9032911239281185,1.1212112656637767,-0.07464276847977798,-1.1038078903788924,0.9726427067536954,callo_259.png,smaller
-0.1946248205884386,-0.03998052308693815,-0.44025056816354524,0.004999139629086085,-0.29093901990370075,-0.20584088361766892,callo_26.png,smaller
-0.577192684507622,-0.2643841526564708,-0.4374221685169039,0.7213661472514101,-0.0550420705446122,-0.5090542834520373,callo_260.png,smaller
0.8208563858324035,1.4552696476177363,1.329069915280997,2.3863709260163275,-1.359726710781707,1.1336434397879822,callo_261.png,smaller
0.9272612576116198,1.364572316547778,1.6771283866793998,2.251381357139385,-1.7954055087472869,1.141241525480589,callo_262.png,smaller
-0.011571793449324031,0.43091187303388456,0.33946384608809677,1.5222972173618146,-0.6782999215306065,0.14559115308634626,callo_263.png,smaller
0.2755965953711162,0.6353843635031022,1.071605576723272,1.997409977579369,-1.2288185628549029,0.46937270450923,callo_264.png,smaller
0.4502704742139704,0.8219053556902166,1.0961130830856396,2.06871216233669,-1.4013676338892467,0.634342781526533,callo_265.png,smaller
0.015642747884276123,0.5836508169167105,0.9109096930587597,2.5010097555725146,-1.1914859978355723,0.2819884792293312,callo_266.png,smaller
-0.6732141683158879,-0.316879759030409,-0.10127606807264826,1.4859732917391357,-0.2419445980400145,-0.5392921145271554,callo_267.png,smaller
0.9218978228262271,1.4335462590363313,1.9373462906746723,2.8709253071908294,-2.1304969136995386,1.1830167237158498,callo_268.png,smaller
-0.45646206348524776,0.04258463335237988,0.07822899479468991,1.43855948821726,-0.6228881366466769,-0.26255620120839757,callo_269.png,smaller
-0.41399702835091967,0.05740701269135332,0.27513378769620234,2.307945310231504,-0.5093807484393708,-0.24211001175919714,callo_27.png,smaller
-1.711427779905881,-1.3731623478659394,-1.0108594639640676,0.8621565027512886,0.23081720072201237,-1.6390471663872819,callo_28.png,smaller
1.5451663649043392,1.2408411981808631,1.1322286221429196,-1.1161577315515097,-0.9393440011140229,1.4306049703109809,callo_29.png,smaller
-1.3983522717118027,-1.4663403861440274,-0.8776618363938324,-0.4961296143234936,0.4437270913062095,-1.4554305366834797,callo_3.png,smaller
1.931524065593967,1.7009852610063374,1.7882290812986636,-1.0288977244505417,-1.5862766291357764,1.8171178342482766,callo_30.png,smaller
1.003491673717273,1.3961711915122519,1.5550421660138365,0.02021464733652883,-1.7953197698594021,1.079886362887294,callo_31.png,smaller
1.4889065944849336,1.2654096174067353,1.4122685132858146,-1.0820059870176664,-1.4288405766312324,1.3751245261288252,callo_32.png,smaller
1.2012468825684885,1.128290394984734,1.0374707399968497,-0.575427412621181,-1.096796927206387,1.1237686990394748,callo_33.png,smaller
1.10748838843402,1.6206868833289707,1.8603941906960328,2.6968939723149172,-1.9447642786603478,1.3673615932040393,callo_34.png,smaller
2.0774221463459566,2.4893296093747086,2.63172656186857,1.9411856044792555,-2.5162289753118574,2.2854654135603387,callo_35.png,smaller
2.4375202518484813,3.1930553630492486,3.7258359361455127,4.205636557655158,-3.4380432676792805,2.924525768711483,callo_36.png,smaller
-0.21184230954566224,-0.05599148037908813,0.016080868431219458,0.28091794867097514,-0.5548256128068527,-0.18378351424903044,callo_37.png,smaller
1.944910988227223,1.713677846362114,1.7742544252322348,-1.1338633841439685,-1.6017603403049125,1.8282768037103465,callo_38.png,smaller
2.75209804758271,3.234270385240278,3.529194648362092,2.815456471554216,-3.1972050853615044,3.032107893537759,callo_39.png,smaller
-0.8037072521598838,-0.7091770873317009,-0.029095377191980423,-0.44596213370349636,-0.4134321312723437,-0.8630842858336804,callo_4.png,smaller
3.0750860509398246,3.088254090870311,3.5722664992256488,-0.9270570931931968,-3.2912049502274296,2.98593607033704,callo_40.png,smaller
2.4799178213627715,2.533784172622381,2.7119820051966177,-0.12254644264024661,-2.5064750846616306,2.4349892196568255,callo_41.png,smaller
1.5735297060008357,2.0708145119461703,2.111090414214256,2.1683625795197905,-2.034276136060166,1.8074075475328695,callo_42.png,smaller
2.269509746063755,2.6874201018893507,3.118742582708578,2.3688219837369844,-2.9993013193145206,2.4954761280510214,callo_43.png,smaller
2.686744032465981,2.8636685790450818,3.5558549393603545,-0.47000329657464934,-3.806933018456282,2.6579124840751116,callo_44.png,smaller
2.47390490528697,2.9301962310298846,3.447758565910642,2.4254930305744384,-3.314043052828332,2.729660174096676,callo_45.png,smaller
0.6597069079370199,0.5803808483468693,0.9590099442557958,-0.6463635919806495,-1.4227153544845024,0.5758239371561221,callo_46.png,smaller
-0.23506088840011485,-0.5603440727389838,-0.2940291323003819,-1.0949958284465156,-0.22288603901033782,-0.33411447559664453,callo_47.png,smaller
2.029518598687166,1.9310579734577056,2.318349188816617,-0.5183375383079474,-2.5193600591464214,1.955365532797056,callo_48.png,smaller
0.12888291253983214,0.13365705654300533,1.047336035576942,-0.8137821222922998,-1.9649287591042244,0.03293114860660963,callo_49.png,smaller
0.16250371812442294,0.1941453077579661,0.8240965741496844,1.7255722354267784,-0.8761522495207698,0.211296254985388,callo_5.png,smaller
0.6119145882572041,0.4077921166025107,1.0320491308187771,-1.0846460387121315,-1.3659307523781854,0.504698789710034,callo_50.png,smaller
0.0688612508256533,-0.17556051650458687,0.0549189304522567,-0.8856353980500042,-0.4352734375752551,-0.027404840408828967,callo_51.png,smaller
0.5011404902679482,0.22830946808547775,0.4174196948766374,-1.0608002888178731,-0.5049259978330594,0.3997713611241053,callo_52.png,smaller
1.5097307470148968,1.3239640200128502,1.8294354309874619,-0.7745265810042699,-1.928894917817864,1.4209128802147633,callo_53.png,smaller
1.473891661053046,1.3446349687279036,2.0925740762427503,-1.0129810315682377,-2.8765685233680727,1.3691242944629092,callo_54.png,smaller
0.17607186757597149,0.36083261571827796,1.2483097140630008,1.5258400174695173,-1.8902472780305615,0.2650747380286741,callo_55.png,smaller
0.8523649751918879,0.9343331294840115,1.6776063177573168,0.28279422121857706,-2.470943952467587,0.8306752774401541,callo_56.png,smaller
-0.22418203590339147,0.20087800514689177,0.5809070396704065,1.912060071073226,-1.0946223704385474,-0.07351581252794588,callo_57.png,smaller
-0.9321317625150275,-0.7601495105915377,-0.2410528356093518,1.0417604929044064,-0.5449693437085172,-0.8944549090041496,callo_58.png,smaller
1.198180333991708,1.6986107016269163,2.7790105488069297,2.1819473231902267,-3.54767861911945,1.4118747987494762,callo_59.png,smaller
-0.36699964578328437,-0.37478831464806006,0.20604281469084385,0.4621065447844772,-0.37705980826703533,-0.3695385617641436,callo_6.png,smaller
1.333103161429716,1.638728632326826,2.250410452325602,3.0192547978138893,-2.2173018688842845,1.5255593669380592,callo_60.png,smaller
0.1676570447525257,0.6574117224725877,1.6920343136888112,2.596657691412685,-2.5514347220618525,0.3752327739462093,callo_61.png,smaller
0.2314500499256483,0.33429119864257917,1.2148306841117833,0.41402861633013666,-2.149463167244075,0.22499947198650286,callo_62.png,smaller
1.3917873438898514,1.4261912792735496,2.7703502639646347,0.18813927061152366,-3.7467016090926717,1.3682217412186795,callo_63.png,smaller
0.7546113190300436,0.7656561194668522,0.711706554915515,-0.12395058127097698,-0.7301056822533103,0.7328375592774706,callo_64.png,smaller
0.19912426723607551,0.20649963809745933,-0.03288055060257544,-0.20444805489981638,-0.019218009250547494,0.16937769082431245,callo_65.png,smaller
0.1471610925283928,0.32953362345724935,0.1404899982265977,0.41704254037821725,-0.26906557355595584,0.1983120129827348,callo_66.png,smaller
2.3289000265062887,2.156681878553213,2.2362765686014514,-0.3522369991755766,-1.7840872071781904,2.275857703842749,callo_67.png,smaller
0.3544197437611993,0.4211147276138094,0.11226923223151063,-0.4791174559004714,-0.27566828634522095,0.2774867678685405,callo_68.png,smaller
-0.4696359230663768,-0.5904821610006901,-0.5629212302022004,-0.6936871900822499,0.4494399831199299,-0.5477560796091774,callo_69.png,smaller
0.14108210200507404,-0.06183062165271657,-0.043283241687232146,-0.4683209393453313,-0.33333379455174766,0.07083830301998187,callo_7.png,smaller
1.331774932463895,1.4168467047509354,1.548270085165292,0.23280001808724993,-1.3740900640159601,1.3476721449824711,callo_70.png,smaller
0.55499896883089,0.44264051358622875,0.6012809020463856,-0.4122768593042136,-0.5840283575271946,0.5056798939825543,callo_71.png,smaller
0.09480370960614093,0.40098110380033697,0.19284717279753144,0.5046342636711246,-0.5636982249358797,0.15867232965422942,callo_72.png,smaller
-0.34023008128379484,-0.6557416619363208,-0.5952887646819646,-1.0707801656257712,0.28278075267008795,-0.44244722480129034,callo_73.png,smaller
-0.6678878794604232,-0.7512374161636777,-0.6678565857937301,-0.39168517127534475,0.24659376223380444,-0.7260132187964613,callo_74.png,smaller
-0.42137228183053693,-0.5463099423122046,-0.20594676173677484,-0.3491673803759359,-0.2391808057273495,-0.4863780112847001,callo_75.png,smaller
-0.5306838270488606,-0.9277066503749524,-0.9870149090021569,-1.1950407999027433,0.6219328244835547,-0.6345924614409177,callo_76.png,smaller
-0.6199878927082193,-1.056911520313132,-0.8071268518831465,-1.3426700188924052,0.4851350830402129,-0.7259644021209531,callo_77.png,smaller
-0.23823977291029003,-0.5752817437401281,-0.7108779436886086,-0.9189165650024306,0.2975354173955735,-0.332598785359598,callo_78.png,smaller
0.3770080191609676,0.3367374493245005,0.09064809796026736,-0.8105202216228322,-0.7903165766988179,0.2738769877968297,callo_79.png,smaller
-0.17859351041744342,-0.4029427341156911,-0.4512821637515375,-0.7154538439410255,-0.09230415792567688,-0.25803920924210233,callo_8.png,smaller
0.14238301561198055,-0.22758988103607744,-0.04068689666496197,-1.2503170510418482,-0.22721824259673817,0.03578750689047986,callo_80.png,smaller
-0.5315079809773501,-0.5843054456421805,-0.4122668709874999,-0.3399075887735277,-0.24196036202041807,-0.5941116547814953,callo_81.png,smaller
0.2683077671582357,0.33661986221168927,-0.2914022971072415,-0.35097214438534086,0.2717305799170134,0.2055504008951351,callo_82.png,smaller
-0.6516067911517992,-0.9063477754747908,-0.9067997351709735,-0.9426758085834291,0.5222071343839363,-0.7450594565818054,callo_83.png,smaller
-0.24322886554884487,-0.020793472884702426,-0.7622202369363247,-0.41349479694260793,0.21385643723472605,-0.31125787469882477,callo_84.png,smaller
0.3931306476608317,0.2113485925520143,-0.22272922905265438,-0.9008626523657695,0.026323479531393214,0.29059621379427786,callo_85.png,smaller
-1.2517287064676632,-1.3120065988532539,-1.187665503594549,-0.5986891620147885,0.7754601341921452,-1.3247767426128076,callo_86.png,smaller
-0.13597670080055277,-0.5384020898362181,-0.938948931703146,-1.080633473885526,0.7445980020190646,-0.24007040583923223,callo_87.png,smaller
0.8385188144646205,0.7853078166302805,0.7126556206065586,-0.8853931935066844,-1.2315666135955434,0.7292351141173835,callo_88.png,smaller
0.23836650009490845,0.09617820889465996,-0.0671843921688518,-0.6160436817389352,-0.13979259325122198,0.16245266308393144,callo_89.png,smaller
-0.5526909965246172,-0.39320716635438707,-0.10445472512202096,-0.22346315719862075,-0.9657025184350642,-0.6055494726896202,callo_9.png,smaller
0.18854136462824722,-0.033009443298020184,-0.5968591988159292,-0.8150655175268327,0.5684450537910061,0.09482144236157929,callo_90.png,smaller
0.2656587364558091,0.19799415742898352,-0.3219744511339306,-0.3630675239957368,0.09010002787748074,0.21191948629077334,callo_91.png,smaller
-1.12673620894078,-1.1536053927770331,-1.5701838352940727,-0.44555777336123814,1.483849282762993,-1.1706305842818372,callo_92.png,smaller
0.6586089481511657,0.517961250154679,0.14094013997670377,-0.4018559532804754,0.06658369527482998,0.6147475825115661,callo_93.png,smaller
0.07570786204578786,0.31845817025788337,-0.12387845260427785,0.34710163220858653,-0.21803903537887545,0.09347095237051599,callo_94.png,smaller
-0.03316793297353952,0.19875439920374705,0.18002615846011327,0.9352830998853212,-0.31405988806637397,0.04808049865009767,callo_95.png,smaller
-0.5159660945703878,-0.06853400706844479,-0.9715528899115564,0.2429982535704456,0.5145660231777173,-0.4920741660907719,callo_96.png,smaller
0.08697864313827292,0.7430665113399816,0.2993507690938065,1.8989492146453486,-0.2827048883280411,0.29717271644432225,callo_97.png,smaller
0.10471857478398523,0.2657488136622501,0.41454574136838573,1.2844707988573387,-0.6994854082957642,0.16225921807574853,callo_98.png,smaller
-0.3030828363662732,-0.04676014333664993,-0.14124514350458048,0.40334834350769605,0.25029124037180456,-0.29845289476406794,callo_99.png,smaller
-0.13191124581360747,-0.3006629291826268,-0.027950035973754613,-0.8312834846050131,-0.0694220260321095,-0.2187859186919871,callo_1.png,higher
-0.5667380514272867,-0.5978746040886613,-0.20969140882211723,-0.6355659401717499,0.27986598002673924,-0.637546789154802,callo_10.png,higher
-0.5279337498664308,-0.412895607698706,-0.435160803311296,0.17896385531290007,0.3396403992037929,-0.5080569827764636,callo_100.png,higher
-1.7586350489138236,-1.6378685510216777,-1.6602943775480432,0.030481953268970713,1.5302832647266336,-1.728514940017935,callo_101.png,higher
-0.21986499786704358,-0.07296855090387427,0.21030220027497493,0.12067910162782743,-0.12601088960707194,-0.20766690051287068,callo_102.png,higher
-0.6650553586973692,-0.2809078913775602,0.07086423121783726,1.1118998250097005,-0.28113051563309627,-0.5498991542688246,callo_103.png,higher
-0.3636012285945615,-0.2841700861072848,-0.37248234711079536,0.04197394441012025,0.38675144697687414,-0.3616974998701403,callo_104.png,higher
-1.0714895260466064,-0.7718109863754785,-0.4037812551582335,0.654769150343237,0.2580131466097666,-0.9717178634037088,callo_105.png,higher
-1.2534058935413308,-1.1650830175465796,-1.2656252913432828,0.08509671744897694,1.1215911141058024,-1.2395531830401183,callo_106.png,higher
-1.3412846681697939,-1.3046519570567585,-1.0113344467522154,-0.2634482581590014,0.973627737191918,-1.370092882543424,callo_107.png,higher
-2.5189386504356714,-2.3427548198480035,-2.09655395277402,0.2541093343817702,1.8885659679714328,-2.4751430003422343,callo_108.png,higher
-0.9048390160946378,-1.029281907647724,-1.3437373305058087,-0.6584826074272543,1.4212154055408253,-0.9780419526648892,callo_109.png,higher
-0.8708423028767063,-1.0606087881229957,-0.8564352728984418,-1.0589743502308653,0.9108730262131522,-0.9729885689835268,callo_11.png,higher
-1.2298288552854004,-1.2555095099907663,-1.1577624545544243,-0.3501379959637666,1.152571297353216,-1.2610609859388178,callo_110.png,higher
-1.4534840222446592,-1.5115420156471013,-1.3129865450514266,-0.5987965007895433,1.1381178235500236,-1.5147442917919056,callo_111.png,higher
0.3823760347967261,0.2758611252327126,0.30004897404066033,-0.490831349004216,-0.15337626232423618,0.3221133252141157,callo_112.png,higher
-1.3402222347762858,-1.2918813996268381,-1.0947451962703436,-0.53784582710356,0.9404577072878753,-1.4033264237361118,callo_113.png,higher
0.22620570248623056,0.1415660564905932,0.17271316133423714,-0.4183153446384538,0.11820628537408365,0.17927547422500553,callo_114.png,higher
-1.1647652030687838,-1.226285858409203,-1.0710653123238818,-0.3272092332634237,0.8645017429316425,-1.2082586357718261,callo_115.png,higher
-1.7142864151114177,-1.5016346066756037,-1.111231143568327,-0.4942287199602808,0.6369889289851054,-1.7737473589439559,callo_116.png,higher
-1.3397899923572272,-1.2758021071623207,-0.9595632333991284,-0.4595022472774187,0.6708179084947653,-1.3949808914527038,callo_117.png,higher
-0.5890418505628037,-0.6802848994457092,-0.4661242625192328,-0.6016000328681153,0.07460259305170357,-0.6523089731733596,callo_118.png,higher
-0.5054497944185392,-0.46674729432489837,-0.1347529267691553,-0.16808401876012788,0.1305938811462659,-0.49503782532174756,callo_119.png,higher
-0.36729823740879425,-0.3124740029246428,0.018866643280391702,-0.4082695525025447,0.0009507763296194421,-0.4234508414693283,callo_12.png,higher
-0.14632207855601395,-0.2882702043564471,-0.38632202950988326,-0.6110534342982484,0.1365869540053299,-0.21336105863917665,callo_120.png,higher
-1.448326824966591,-1.450586989830467,-1.2734028275954004,-0.5715826523909052,0.9297806832859548,-1.5050614789772998,callo_121.png,higher
-0.9372827122818032,-1.0032534191318745,-1.0091674522868153,-0.5035005754253596,0.9609737080754117,-0.9855010381988879,callo_122.png,higher
-1.309402996935608,-1.1949755106137492,-0.7456152894565545,-0.3880017521294108,0.313134063942526,-1.3491828285099472,callo_123.png,higher
-1.0138538911174027,-1.03194019045646,-1.0858830445123235,-0.5523659055552186,0.8068349175297418,-1.0650811393292539,callo_124.png,higher
-0.9532747011409425,-0.8861729777378969,-0.865875478652426,-0.5572267990924299,0.5492569500170824,-1.019387633021014,callo_125.png,higher
-1.9710777069705077,-1.9878173656988478,-2.0746978355941703,-0.711329016084967,1.6770148197352008,-2.045864054740243,callo_126.png,higher
-1.0899455939027165,-0.5435734195113101,-1.0475687569149372,-0.23396994140310093,1.1305539568834353,-1.057194859996535,callo_127.png,higher
-0.08262897675601326,0.03210014309032074,0.10168254913313131,0.7005905213582945,0.19506788110977932,0.04641402816001652,callo_128.png,higher
-0.022224009154248398,-0.05324770418450613,-0.052158386226427336,-0.4786159113288594,0.40014461660934664,-0.06023372187636542,callo_129.png,higher
-0.6130369044543662,-0.5250332758425287,-1.0038474753746942,-0.5202947091926001,1.0806414453239253,-0.689585036826572,callo_13.png,higher
-0.7780827499713633,-0.8366191578445585,-0.7120664207581617,-0.24290552115976652,0.7929498525150992,-0.7804452983330872,callo_130.png,higher
-1.9075173401313072,-1.7184648790945292,-1.5358335320483683,0.0714011807977979,1.5700887427519168,-1.8494652993940695,callo_131.png,higher
-1.0574170785066,-1.1476384285489427,-0.8954156267649125,0.07756764841163077,1.1450154295917156,-0.9805771505060044,callo_132.png,higher
-1.3540711943092034,-1.051476493516439,-0.3026202887864026,1.337763332790831,-0.07581809203852677,-1.2012603685332042,callo_133.png,higher
-0.7539673513320192,-0.6383007293841714,-0.6619210358156673,0.03317240123368521,0.6909290105393081,-0.7320401478082676,callo_134.png,higher
0.40341906248473575,0.712821599893199,1.1586952535485708,1.8541309250836013,-1.2255426784424839,0.5964992524034212,callo_135.png,higher
-2.1247723778531675,-2.070178410599719,-1.2612257132071951,0.5070834033074573,1.0523163624299214,-2.0181831854169365,callo_136.png,higher
-1.7171669861144172,-1.8739771804467342,-1.636059240486328,-0.01635009223284825,1.6963528082167527,-1.6478739088554886,callo_137.png,higher
-2.833332077543156,-2.4080260513538048,-1.6235205694958277,0.6203274169475217,1.2465186282496357,-2.7201382463920996,callo_138.png,higher
-0.20365541363385015,-0.60234095281301,-0.7258925553496479,-1.1395932013033547,1.0646716404239438,-0.3116801597766393,callo_139.png,higher
-0.2544239051993532,-0.3644114314670318,-0.2535405540880809,-0.9000160797507611,0.3129900825205387,-0.35092372109747183,callo_14.png,higher
0.522606675710623,0.5213889642856331,0.4726730510333692,0.6492074867322888,-0.3325773081724007,0.598266906162897,callo_140.png,higher
-0.358661694453017,-0.40475571062387566,-0.1254956479893808,0.0411007420433067,0.18122337523303594,-0.3258580357228125,callo_141.png,higher
-1.0686739502301157,-1.0220333258464256,-0.6929481363104238,0.5815817045819843,0.6322486808595135,-0.9972888499694934,callo_142.png,higher
-1.3567499818840019,-1.2543039782879348,-1.180000648301026,0.5512116717750297,1.1323809143754324,-1.2783752170935996,callo_143.png,higher
-0.3586510590966785,-0.7531128806632421,-0.3097493003012707,-1.1533386508246932,0.4290971706347849,-0.4623838207967314,callo_144.png,higher
-0.5415160729092524,-0.909465228536336,-0.5867145668459567,-0.9852089006891545,0.9252430380104588,-0.6309135194600791,callo_145.png,higher
-1.340010306541371,-1.5980940510726482,-1.515347895629984,-0.5577523442462646,1.4037961530800873,-1.371230560958237,callo_146.png,higher
-0.2258217536070079,-0.4717513255310687,-0.25147498347264524,-0.8652652353358081,0.5206975833329787,-0.30778787202538127,callo_147.png,higher
-0.9334316200226914,-0.7065942584528481,-0.38881731253795676,1.045120252362517,0.013666533200917676,-0.816941397200363,callo_148.png,higher
-1.1252303239977097,-1.6084568471786045,-1.9562016852338269,-1.1102057165319021,2.1339042855682155,-1.2283684476477916,callo_149.png,higher
-1.5439380548697015,-1.7216740712113128,-1.5210807994670126,-0.974320425774231,1.6348523397434422,-1.63739918987314,callo_15.png,higher
-1.2389263204838104,-1.157644210755239,-1.6522841888666808,-0.7365611388625362,1.8387319764998935,-1.3415513686849636,callo_150.png,higher
-0.7569342560114252,-0.9215461798305825,-0.5031869300090157,-0.2946695008493776,0.5963326813449601,-0.7717305485223629,callo_151.png,higher
-0.5772480533908045,-1.0112580755626073,-1.03136123026021,-1.000062241401151,1.4525251079106314,-0.6726709889295333,callo_152.png,higher
-0.8944743307698051,-0.9982605781644149,-1.3249097992328351,-0.5527560917230143,1.4099177572390587,-0.9507987850591573,callo_153.png,higher
-0.6317700553191444,-1.3155311406717785,-1.4797728188402695,-1.2552140907481442,1.9484153772029815,-0.7380905801604335,callo_154.png,higher
-0.961286765962894,-1.4629340051471709,-1.8089183632530714,-1.10418283737585,2.266469627020536,-1.0659948838484883,callo_155.png,higher
-0.7386264002815578,-0.9864317835260793,-0.7428233989798055,-0.7823883206084887,1.1993804051827985,-0.8092091099779113,callo_156.png,higher
-0.6569916405517638,-0.8621782061974123,-0.8437330417022136,-0.686167530687759,1.226738416865844,-0.7178046422299464,callo_157.png,higher
-1.6915882666765438,-1.552388325030038,-0.8805844618694262,-0.07360861792029498,0.9145367584476631,-1.6946736926264379,callo_158.png,higher
-0.5294873459778231,-0.6060318844289451,-0.6498624631020856,-0.41064036894553707,0.7423201989232722,-0.5621633395432232,callo_159.png,higher
-0.7664375418653536,-0.9933380235503331,-0.9205958080489651,-0.9843172870210916,1.0884161588226429,-0.8650050827222009,callo_16.png,higher
-1.5323115771672657,-1.684136751717063,-1.3796318947224882,-0.7100858209994876,1.7518037322135456,-1.5747249920563762,callo_160.png,higher
-0.09524096387667876,-0.3605053608247057,-0.44558876260155894,-0.6811078678299448,0.884142641558007,-0.1456771488152722,callo_161.png,higher
-1.303702489389069,-1.4604754276661844,-1.1491424162882853,-0.6645489126863979,1.265006437917578,-1.3647932553399535,callo_162.png,higher
-0.33066924146656845,-0.6478114980877375,-0.8146089714158644,-0.7441398778294692,1.3597691282072848,-0.38772624406598866,callo_163.png,higher
-0.7782357966785245,-0.9031961761624693,-0.7422358609952799,-0.5818435532296176,1.038676308183305,-0.820102909786201,callo_164.png,higher
0.36792303583194036,-0.11523931121033608,-0.6461040754521686,-0.8453319407194835,1.2339543567214069,0.28841700106517804,callo_165.png,higher
-0.2678905572421984,-0.8095589287585103,-1.1168061482990956,-0.898898508296524,1.780926928232078,-0.342581985140975,callo_166.png,higher
0.867072300991416,0.3617222681192003,0.19616144969526414,-0.8612828500453148,0.5679040960868356,0.7857435318915904,callo_167.png,higher
0.820581603493565,0.6182684812184012,0.5897530212484138,-0.40867001452944596,-0.16235034261797676,0.7960426370215044,callo_168.png,higher
0.003187211232738229,-0.38138853365143827,-0.4752700149833768,-0.6406019895783168,1.1331028471864069,-0.03637918621477771,callo_169.png,higher
-1.7546613487103133,-1.7498615352963856,-1.7509326716091136,-0.6749955395917296,1.7367682509602744,-1.8344333294080974,callo_17.png,higher
0.07913309719443809,0.06659660896597615,0.12051691662153262,-0.06642348281099555,0.07953112290063839,0.11715319808418381,callo_170.png,higher
1.3440686929698804,0.8121755948911207,0.8134063964663525,-1.00727030129032,0.028314142418732834,1.2420386911610968,callo_171.png,higher
-0.6629811154645047,-1.242609784041839,-1.3651790909587806,-1.098063510679336,1.9290453932972909,-0.763743214346735,callo_172.png,higher
-0.0428068617319627,-0.23143035792143302,-0.2048332029163177,-0.2525756970443991,0.6089679898683841,-0.03569479392273251,callo_173.png,higher
1.5265230648796326,1.2112622160659443,0.9009414029394084,-0.9654292838725084,-0.32875402840626006,1.4206993930693461,callo_174.png,higher
0.23133988117444365,0.007963421982194229,-0.41312262547395395,-0.9896775191600742,0.7174843550904626,0.12171788797213838,callo_175.png,higher
0.6169206547685673,1.1266324471325384,0.001100246857340282,-0.34101242961194755,0.5760319548150713,0.7342477766512193,callo_176.png,higher
-0.12517853748658067,0.11467825515798995,-0.10982840018168497,-0.16181980046014566,0.5437848813060682,-0.16478164725104838,callo_177.png,higher
0.6990702487195342,0.560979782561274,0.7507748683789454,-0.5107841294310712,-0.5235207723650631,0.6149193435503439,callo_178.png,higher
2.0214166615830536,1.9005464085898536,1.6272223838223532,-0.9656339418081444,-1.1938542217780035,1.9047265177981825,callo_179.png,higher
-0.9921529451517626,-0.987412155349967,-0.6519182217362025,-0.6548585935335294,0.6110552528118037,-1.068148026110724,callo_18.png,higher
0.18616155741922907,0.11495437582705088,-0.5230480682490124,-0.8274925758008156,0.9377114291775502,0.07718359591089673,callo_180.png,higher
0.5025434087742271,0.6473180896655493,0.26329347474685877,-0.37254390979191015,0.04754029827748121,0.44150663852014216,callo_181.png,higher
-1.0897678472011278,-1.0071644635602182,-0.9872031010984714,-0.5780101690590699,1.1386915028311242,-1.1580667149341801,callo_182.png,higher
-1.8699932561388743,-2.0669653960015797,-1.5744263813165265,-0.5170709462125804,1.6700744760630057,-1.911362953256905,callo_183.png,higher
0.16429548263985347,0.08305116820893144,-0.3189173624544189,-0.8280078587139783,0.5386578157658856,0.05912062795126503,callo_184.png,higher
0.7106134934874117,0.6455686454419173,0.2889312458557675,-0.6299514019697093,0.12450201978997948,0.6214791392965592,callo_185.png,higher
0.44172977365272154,0.34354579263188545,0.4450106899442366,-0.4992905230562072,-0.03715311882233144,0.39077609040424643,callo_186.png,higher
0.48903034909033716,0.5699884348396338,0.27452044947843524,0.605588900008064,0.01767950792602898,0.6221007146915931,callo_187.png,higher
-0.796693489222835,-0.11075189673204625,0.0010792057078711623,1.5567664610736718,0.0767122840677685,-0.5756984569841275,callo_188.png,higher
-0.42883563733185126,-0.3731644200502725,0.022850542068303156,-0.24101824706368755,0.4855650233144038,-0.4249358788108435,callo_189.png,higher
0.8193906923324152,0.4886873695028156,-0.004071224252996966,-0.5327751153799075,0.30674808730994346,0.7562011089631757,callo_19.png,higher
-0.03699585725352863,-0.18892806005859913,-0.08400574726675618,-0.6136246486177283,0.5437146907189367,-0.07840299046134051,callo_190.png,higher
1.2530773928925023,1.4092868919428931,1.3751530845190099,0.5042707096833035,-1.210032834772362,1.2690204547355763,callo_191.png,higher
-1.4098919317157614,-0.9859436436688284,-0.08843565056556568,1.8181896877825112,-0.16727236347178148,-1.224490438090066,callo_192.png,higher
0.19608212698638827,0.6699600531588024,0.3174835739735179,1.4326009294848059,-0.06303145302090589,0.3653250910284327,callo_193.png,higher
0.15726591685569044,0.16030555986855768,0.00551596495222341,-0.44536523463938965,0.22156842967847795,0.09348389685752011,callo_194.png,higher
-0.9859220917053045,-1.1457323841911597,-1.0459675442041076,-0.7212621108549052,1.4248673035944577,-1.0487173608932947,callo_195.png,higher
-0.16081246335756547,-0.06264154159884361,-0.6039349161190166,-0.4489843432674614,0.6486986031450273,-0.23418952004823088,callo_196.png,higher
0.2274269875347679,0.019855155964791912,0.16474609991993933,-0.664607096034174,0.4525027586517223,0.16973014173740855,callo_197.png,higher
0.3076228127961261,0.30059807743737416,0.18997743356035518,-0.5674114245979345,-0.015274061331881299,0.22338944417030443,callo_198.png,higher
-1.265020464907705,-1.5571167407467348,-1.6774647811571803,-0.8189504390102623,2.226319457742309,-1.3223364844801586,callo_199.png,higher
-0.8480716058140347,-1.178936124784769,-0.7103515738475099,-1.2677941730238054,0.5911790701086861,-0.9522723895367724,callo_2.png,higher
1.1171679530937186,0.7172492289103649,0.6799722490222496,-0.9478332961197908,-0.15948098679857045,1.0242309057632402,callo_20.png,higher
1.361284620216997,1.3193444051031722,0.7264453464202207,-0.8053043131048746,-0.23999906272372296,1.2655861514405145,callo_200.png,higher
0.2444272909678547,0.30709922607024004,0.7615548837415621,1.0743175980555804,-0.5254327833430188,0.389201805302963,callo_201.png,higher
0.8870273671472031,1.075915940968939,0.88928222724601,0.8806344025423247,-0.6255961023689891,1.033584596870356,callo_202.png,higher
0.4034191363617965,0.6265945193882453,-0.3418546331886816,-0.31841473891226385,0.5947407007150753,0.33410404666425736,callo_203.png,higher
-0.023329484666595988,0.21821317902271176,0.18850044761931298,1.0799160587151098,-0.0722323833571117,0.10833597101759382,callo_204.png,higher
0.37294447990402335,0.1177323316737752,0.043170541694390774,-0.7017756026869013,0.6279033140324904,0.30095365005949626,callo_205.png,higher
-0.10500930551942543,0.3671765675271815,0.3950871434719129,1.7294157186280221,-0.3628097029107445,0.09930322371075799,callo_206.png,higher
-1.25577304247029,-0.5469841945894733,-0.20485597746335618,1.4581989322899533,0.0019402706724364126,-1.0186653239733985,callo_207.png,higher
0.15025065097809465,0.4260294327940091,0.2977330831852696,0.6590890051925525,-0.30596652259065465,0.2737760514943987,callo_208.png,higher
-0.022505005486406642,0.3461438269464319,0.4718488331789286,2.0742098343488484,-0.477108648592149,0.17863202551131055,callo_209.png,higher
0.06659026551876092,-0.03434869581190488,-0.25106400648516386,-0.24471808743280368,0.5439402694747946,0.032279015596665156,callo_21.png,higher
-0.937651567527824,-0.8366025242369164,-0.9240896036147165,0.19425846805575275,0.9538192559192513,-0.855795130355873,callo_210.png,higher
-0.2230442405201442,0.3160938200654747,0.04948301262459263,1.0894907587927005,-0.05591650126683181,-0.06757990816956083,callo_211.png,higher
-1.2100406472701144,-1.0397714135495983,-0.8306894923755166,0.6578635089971512,0.6076497554071267,-1.1202699648844487,callo_212.png,higher
0.8080461752648519,1.026031017275775,0.6145408923471243,0.452387956627477,-0.5746005324535121,0.892988077286254,callo_213.png,higher
-0.7826928565108673,-0.5883694694683206,-0.9263447632691031,0.3138330626860527,0.9505060578724586,-0.6888427208695264,callo_214.png,higher
0.23613774675614138,0.3842822946221521,-0.3250341933485376,-0.7729082759095731,0.7453431409908623,0.14733115053286283,callo_215.png,higher
1.365013990242545,1.6708732632652028,0.5356176255582896,-0.03485479486018253,-0.0803099479290341,1.419971595589139,callo_216.png,higher
0.7114543993629675,0.7750681385885186,-0.43551524549027676,-0.7755099069582904,0.9434619548575087,0.6031383861155295,callo_217.png,higher
0.4750552768147488,0.22734574888948672,-0.22158145284315217,-0.8856456068583253,0.4220381171874794,0.3792333749125263,callo_218.png,higher
0.48512289350780463,0.4108033355796338,0.17340280107878192,-0.48047611540770624,0.06871191431292861,0.41626776853673014,callo_219.png,higher
0.9956235336937278,0.5086565796912398,0.22797303307264036,-1.2629958869187314,0.20348388130699804,0.8828214821292819,callo_22.png,higher
-0.15701218175732215,-0.30344088612198644,-0.41525530839570735,-1.0299102759471093,0.5955992253543674,-0.26154778099570436,callo_220.png,higher
0.633427010159592,0.4222339898103254,0.2291290059745002,-0.5530103876245371,-0.023056823716999124,0.5618246799121132,callo_221.png,higher
0.7005306872304647,0.6295951164512301,-0.30273060179754224,-0.8750854018581227,0.5894386921823104,0.590645902134205,callo_222.png,higher
0.3457839505451483,0.15422253428891988,-0.3525993057864628,-0.8629326992566515,0.5799843968877488,0.2467539613864537,callo_223.png,higher
0.440473466187634,0.6701140958860635,0.6653183812668646,0.7380715965415702,-0.2966000361671378,0.5774083481044733,callo_224.png,higher
-0.48334354816945563,-0.22847589992988887,-0.2496287119854877,0.8762983343072539,0.2795709396772166,-0.36302207040932033,callo_225.png,higher
-1.1646101662307002,-1.0887902737417403,-1.2900309066499152,-0.18138591440368326,1.3294904825571916,-1.1682097123144906,callo_226.png,higher
0.7064937900162308,1.3245136275680918,0.9207267671366073,0.5615393609396012,-0.4881945856732104,0.9118824333978418,callo_227.png,higher
-0.08007965166324758,0.058783589165940335,0.17539213881293245,0.258064594453751,0.06711851364626252,-0.04107853207361377,callo_228.png,higher
1.0328527152955869,1.1080050555192411,0.7649602063640298,0.20746508721180523,-0.2489030260077295,1.0828947242493199,callo_229.png,higher
1.486319186321946,0.9125784885368262,0.5787923034897692,-1.1514524321936617,0.03174312775631662,1.379168864573799,callo_23.png,higher
-0.10729346322991284,0.028680249022083344,-0.123918138618887,0.08344990114328824,0.35940469127700003,-0.07737540291836532,callo_230.png,higher
0.21907286833448417,0.4350641873045141,0.4771532626374836,0.8782049518206106,-0.07346145862757131,0.3532172258274982,callo_231.png,higher
0.05202951787371055,0.23229715264644366,0.578973741770496,0.07155171243858366,-0.47437779479332914,0.07464632318024822,callo_232.png,higher
1.9722216006251394,1.8096466389761432,1.450936141470671,-0.49465613837849526,-0.6967466262167447,1.9033153916994612,callo_233.png,higher
-0.3001660728859354,-0.3343065372670751,-0.4101903313255544,-0.4852586285999711,0.4883479307779557,-0.35581994098921255,callo_234.png,higher
-0.838141183594778,-0.6755414778119988,-0.7372921070422455,-0.14000106081413474,0.5387152644179444,-0.8714655683353728,callo_235.png,higher
0.37461504473930696,0.36274571846183457,0.42067493519588445,-0.38493167334485046,-0.35506451906455394,0.32774144935203475,callo_236.png,higher
-0.32210599431163195,-0.5329350578924839,-0.16896195993566318,-0.6758083950287753,0.22722088588871417,-0.38226164840222915,callo_237.png,higher
-0.8303675115927984,-0.8479708025686067,-0.8907820595457576,-0.5740936095552427,0.733503203830647,-0.8962502708344984,callo_238.png,higher
-0.16987816520696078,-0.2717572167696186,-0.3511922385652687,-0.49028803840809126,0.5800933722633718,-0.21413987958126224,callo_239.png,higher
1.4617224333519805,0.9052534289566185,0.6002271804058577,-1.2862434274798176,-0.03175688459564493,1.3473278350632691,callo_24.png,higher
1.0590288839633155,1.4341133080847495,0.45408251437516217,-0.1703182423500052,-0.24223453122117358,1.084819048493893,callo_240.png,higher
1.01871650856864,1.0098401624479207,1.2297600790586694,-0.43035922365235196,-1.1126437811510075,0.9655135587685141,callo_241.png,higher
-0.4286415196935413,-0.39912112901702684,-0.7764391163803142,-0.5789820824088382,0.5372436890798754,-0.4970555021535586,callo_242.png,higher
-0.6708885481150898,-0.5186249558305324,-0.027247917501571763,1.2324881783088053,0.11188166548577623,-0.4974355358594986,callo_243.png,higher
-0.6889854602406651,-0.3642727751358675,-0.15555180790667536,1.7724374999129577,0.06010942790039424,-0.5068106348132143,callo_244.png,higher
0.04643097997759683,0.47979218089022235,0.8228272238943931,2.2396789315999857,-0.5591641416251949,0.3335589079060745,callo_245.png,higher
0.743234618309987,0.8467973944625199,0.8698388309340095,1.4691027132302794,-0.5575796618784399,0.9047175627103997,callo_246.png,higher
1.2545250584175265,1.3828696638134914,1.3511203536992273,1.53758424835948,-0.8199053035524574,1.4515977517277934,callo_247.png,higher
0.44753956475552525,0.6867378656902351,1.1462715213730512,2.216875034903773,-0.7262052677004457,0.6927529530002844,callo_248.png,higher
0.20664650191055176,0.21477390971191168,0.5723879338771185,0.4700166328526383,-0.4480792187946585,0.30325008509185164,callo_249.png,higher
0.13951658976516135,-0.08477340757016762,-0.20054404138142642,-0.1256642804120401,0.053202275899305596,0.08680708978124066,callo_25.png,higher
-0.576203287037267,-0.31652965910986797,-0.8525167298684669,0.0918091362550808,1.007025655820466,-0.5490112356699957,callo_250.png,higher
1.730277794976647,1.910236608770407,2.035222683855004,1.5841110750796694,-1.6634144495927707,1.919248218378222,callo_251.png,higher
0.2853859527124811,0.0844354496784513,-0.07888092641736619,-0.2532416076552085,0.852781141758067,0.3006688938767102,callo_252.png,higher
-0.12361126710994945,-0.07105525428743732,0.004880607091868304,0.4939849363419119,0.3329986412605183,-0.03461121563080593,callo_253.png,higher
-0.510600941336861,-1.1538160295592008,-1.1286208825065458,-1.0638991094285297,1.8817687205823495,-0.5970332031881944,callo_254.png,higher
2.2724384086202223,2.0688724400710825,1.5059239729685396,-0.3952247694056165,-0.6951361795318489,2.2295701290562286,callo_255.png,higher
1.8782784191277901,1.4662300893973121,0.879245798094679,-0.7899326221466847,-0.11319795208898444,1.7688333280848785,callo_256.png,higher
0.7937129486959333,0.2346212360422691,-0.31782344409458635,-1.0005635337709802,1.144232131212679,0.6839082036260554,callo_257.png,higher
2.4056578509782085,2.1298696336869143,1.3960111943903113,-0.5327889826648848,-0.47118910149370835,2.3369761878308846,callo_258.png,higher
0.7408215599913048,0.6289588408105965,0.46046509610964476,-0.1842136064260494,0.17308702614115,0.7252941205898229,callo_259.png,higher
1.919585472763693,1.4308209257245585,1.0161221517041499,-1.1048027152301338,-0.6400740371262391,1.8093751348020597,callo_26.png,higher
0.29117344398696166,0.054132544958120234,-0.42417984666554787,-0.8925816873817021,0.6817326005545188,0.18144598150559696,callo_260.png,higher
-0.09751285844257397,-0.36051919758762235,-0.898163660962522,-0.8397146903847803,0.9513003963273745,-0.1975693854703645,callo_261.png,higher
0.52247614252712,0.4277533135839102,0.22921769699498862,-0.7421841978057849,0.05727907216120688,0.42214912961291423,callo_262.png,higher
0.7412268392050593,0.6661528613186086,-0.12993170479683705,-0.5985685225623133,0.3903297100795065,0.6516485340969386,callo_263.png,higher
0.4205498002410171,0.5168899084562704,0.22984482348242372,-0.4117264560317424,-0.07161400788179303,0.3555665520289784,callo_264.png,higher
1.2120181586879952,1.0170173017311264,0.21844489027545935,-0.8456670006035784,0.14025599641433556,1.0993546934436529,callo_265.png,higher
0.9528382604382257,0.8302787602702358,0.2609425284199468,-0.7661452325802952,0.11061186517101522,0.8412955782174095,callo_266.png,higher
0.1523011081133813,-0.061308685737987985,-0.2883423284338089,-0.8201322670223182,0.48924409156341214,0.04654477083745016,callo_267.png,higher
1.9364010579193396,1.7466001891675818,1.286678935917423,-0.8504982030387156,-0.7441562840701077,1.8226157987385996,callo_268.png,higher
0.39755759306512894,-0.23323537123836796,-0.980893679094323,-1.2488687988682237,1.2556264643795083,0.28731632520737715,callo_27.png,higher
0.4240741957492639,0.0953590940565775,-0.20869764802728272,-0.6553117853967891,0.6333807110979919,0.3568998660662162,callo_28.png,higher
0.5067835783620724,0.2084552846588698,0.298128828858625,-0.48948800397302233,-0.1317431102373423,0.4457947838642017,callo_29.png,higher
1.1364672328562684,0.7592653172026743,1.1026545352418937,-1.279730047407886,-0.7043950648749854,1.0236904549206594,callo_3.png,higher
0.3811039975998842,-0.08529486909298868,-0.15845070342510886,-1.253762191012942,0.6607468969436018,0.2707055145385605,callo_30.png,higher
0.33609336050717736,-0.16099342697885335,-0.40834236412061187,-0.885732925393404,0.8650899025354858,0.25198256620609094,callo_31.png,higher
1.5652184158726945,1.2112803178747218,0.9549536494299111,-1.1447623475349085,-0.35241812858736143,1.451447007206237,callo_32.png,higher
-0.042507532935355634,-0.3859368221059276,-0.8094119243015653,-1.0397867394557405,1.1579918147539159,-0.1508615473844061,callo_33.png,higher
-0.31092220791067865,-0.9251533036544315,-1.6516718123652114,-1.164571998263377,2.0033000794766895,-0.41767219980559445,callo_34.png,higher
1.1655506186958322,0.6287491351452621,0.2734651844630708,-1.2565985345051944,0.28338355126701475,1.0520906842886772,callo_35.png,higher
-2.2093173124001617,-2.3810678169220587,-1.9568787909935708,-0.9201646986977398,1.9816018747659714,-2.2889447336719178,callo_36.png,higher
-0.0900661140162801,-0.29209514745506326,-0.6715671686041317,-0.9667778376887326,0.9865966899098298,-0.19677160600530222,callo_37.png,higher
0.09210503105277662,0.006693941998096086,-0.31834157871952345,-0.6593360189581967,0.5002164996414623,0.0025607488932314097,callo_38.png,higher
-0.3169754468060097,-0.3633281087742527,-0.4596064386157313,-0.6291535227361288,0.44216291412669106,-0.39574372676552916,callo_39.png,higher
0.4590717621583482,0.0442490502689517,-0.03344018991251315,-1.1492248509124625,0.29565780394068814,0.34859449975791373,callo_4.png,higher
0.7664087223268867,0.7395653740071054,0.16907353635988925,-0.5498863705945325,0.12655422729209712,0.6828650401279888,callo_40.png,higher
1.6582702034822696,1.604065860285932,0.8176046343310716,-0.7594057703238274,-0.4663519736486377,1.5479925688394334,callo_41.png,higher
-0.4167904607991608,-0.5343871540399164,-0.6618420535007755,-0.657626106222183,0.7778996657696882,-0.4945700640488248,callo_42.png,higher
0.06434021805554048,-0.2067086396621983,-0.5119892563739603,-0.8971498719061043,0.7625780068546457,-0.03775734497657118,callo_43.png,higher
-0.2826688721633179,-0.34369298158195066,-0.11661399763799396,-0.993267377966171,0.2618949449286083,-0.3890231385239446,callo_44.png,higher
0.8753370753995898,0.7129703460241413,0.15822130471584053,-0.7208447458776723,0.03617876061986677,0.7820224557281773,callo_45.png,higher
0.30515668378512634,0.11731517694176989,-0.36779341251841785,-0.7412906359621184,0.5685682373740732,0.2177745460998745,callo_46.png,higher
-0.01942502656282649,-0.22002663069434905,-0.47909015446996833,-0.9169239777593411,0.8579203875397695,-0.1181228098453144,callo_47.png,higher
0.8613446868837488,0.5717131036261694,-0.16257113225540243,-0.8728925034113458,0.6633403661313015,0.7499380568641374,callo_48.png,higher
0.7552345773736769,0.48715885974180567,0.02342428040769887,-0.7393761457843856,0.5154511756497335,0.6651405638435731,callo_49.png,higher
-0.7584549418325363,-1.1277130868087275,-0.7408572670585847,-1.0306378502079832,0.8811696339361087,-0.8487258997758299,callo_5.png,higher
0.16919318807249165,0.034933063865468274,-0.42614416750223666,-0.6139234700685766,0.5361285852817649,0.08058276939834333,callo_50.png,higher
0.7142169825317658,0.3666650279652559,-0.21221012909145734,-1.0769656953911293,0.5170026483180172,0.6028252251093448,callo_51.png,higher
2.3737824190286436,2.1304223535640534,1.5749911135962849,-0.8408124009369765,-0.9691748624685449,2.266221891828536,callo_52.png,higher
2.357595371033343,2.061890353531266,1.7410174730104464,-1.0214656489914251,-1.1992508981896943,2.2394284716335133,callo_53.png,higher
0.7310431254920936,0.6521822475665753,0.1411636600274591,-0.34121070599700754,0.22012402795130573,0.6910725985099614,callo_54.png,higher
-0.27758198593499006,-0.1332353507809297,-0.24292564547341444,0.9236352512074392,0.5576785583576463,-0.1540013107835337,callo_55.png,higher
-0.07278818343573008,0.06798553610717314,-0.11682106333128832,0.6694045002970133,0.47661261694232787,0.04596995689041401,callo_56.png,higher
-0.8201985900617164,-0.830066590784895,-0.8548309982883454,-0.20755362156205218,1.184882808288752,-0.8203816225104505,callo_57.png,higher
-0.963381309737221,-1.0177438795604101,-1.186101455998216,-0.21182332234472206,1.4383151841707413,-0.9630343446133595,callo_58.png,higher
-0.48739537849510073,-0.3839315675471391,-0.1289967434291597,0.48752702879978094,0.05181995290734877,-0.4039196289810002,callo_59.png,higher
0.5205409405271555,0.4456070426445188,0.877255153599664,-0.5810142888036285,-0.773113658297469,0.4505107540580728,callo_6.png,higher
-0.7648810576012398,-0.7306430663795377,-0.8337738127073246,0.02951115629715976,1.128558632047644,-0.7394328419306483,callo_60.png,higher
-0.641560005938737,-0.7028069767302834,-1.1869708763656828,-0.35996317132088573,1.4153800116384019,-0.6779074685747805,callo_61.png,higher
-1.5565478730108835,-1.7543938243328463,-2.0599957443117374,-0.5710219285611969,2.196763531130854,-1.5962175009593547,callo_62.png,higher
-1.5121296521205867,-1.4989016158414699,-1.3304585764546568,-0.21009296464763547,1.2680960215648893,-1.5298459354734477,callo_63.png,higher
-1.922711068582603,-1.7853320825391448,-1.391048426109436,0.5495155232112022,1.3283891994131967,-1.8202527522511174,callo_64.png,higher
-1.1321286472337015,-0.8074977550021726,-0.5248084349432592,1.026969885838771,0.5974399732199287,-0.9728417543256573,callo_65.png,higher
-0.3987875022746874,-0.36046238585178725,-0.2651705961458472,0.657419007422891,0.5520916902461998,-0.2705830862730575,callo_66.png,higher
-0.8075043034634481,-0.6288590206798452,-0.2690781205666405,1.1996929265851377,0.5196702858236653,-0.6334471850583334,callo_67.png,higher
-1.3474515296359777,-0.8783927114221203,-0.45308603124830565,1.629944755696905,0.33982647521141784,-1.1397159145163962,callo_68.png,higher
-0.5346478986612653,-0.04920630001728892,0.7163032483436453,2.2970912401956367,-0.9266821528498848,-0.30268894216459696,callo_69.png,higher
-1.6275460521823824,-2.0641972541968294,-1.520447522851465,-0.9914495442686514,1.3052554064385722,-1.7120225544942356,callo_7.png,higher
-0.9293600399885961,-0.8664222503885456,-0.5932650865433152,0.9344671101970694,0.8312739825717781,-0.7928571658173278,callo_70.png,higher
-0.6251286140862077,-0.5921441909054882,-0.23876415625164402,0.8449609926582198,0.40530943772732375,-0.5006011923295848,callo_71.png,higher
-0.6960294017277872,-0.4006744738994115,0.0661421380079427,2.193375587461104,0.0010421551368998434,-0.4652897267805337,callo_72.png,higher
0.7015394791696045,1.1793772700683116,1.3293457893015548,2.5726000524990753,-1.0044647597471568,0.9876424008410501,callo_73.png,higher
-0.49073287955255973,-0.2514224372687797,-0.6276941194418368,0.8501623270666404,0.7009664947357184,-0.38408023345527936,callo_74.png,higher
0.48465963371415505,0.9133399967896821,1.6215322792697422,2.911063064663854,-1.4216992832708393,0.7791440211375878,callo_75.png,higher
0.05074411113908671,0.47557247119137364,0.4825785185080959,2.0346394847803904,-0.3273137809684991,0.2580851878555616,callo_76.png,higher
-0.29270673934563063,-0.018636511011861718,0.15687239413840132,1.634021389162372,0.1193723588725048,-0.12953592206527054,callo_77.png,higher
0.5320927222885184,0.7579470592855051,0.7246331876395471,0.760126238885147,-0.6500153063627099,0.6204218576953938,callo_78.png,higher
0.6974513466942478,0.9816662829733939,1.1444582855917536,2.038967885843753,-0.923736752509653,0.9209216980481207,callo_79.png,higher
-0.5879262334320182,-0.9041639799246552,-0.5341232091753718,-1.1214884645713914,0.44630526344612415,-0.6843394114248808,callo_8.png,higher
0.8483764245874899,1.199120692526864,0.5657486410869483,1.1943356144205788,-0.3656743552454115,0.9963422285344082,callo_80.png,higher
0.5383156141325021,0.6703903686813991,0.5823145019334836,0.7635390082972864,-0.2370447263675337,0.6508356535270283,callo_81.png,higher
0.7773164748193855,1.2055918321868904,1.666312008509531,2.3791770230783875,-1.5711837752942062,1.0415685779171895,callo_82.png,higher
-0.7857242272183607,-0.39577270336116666,-0.013210733543996397,1.3791666441583423,-0.13417568085935067,-0.603661648408217,callo_83.png,higher
0.6233087065240928,0.8142507374582886,0.7464665488478227,1.016620831326968,-0.4567855704306578,0.7656678150468799,callo_84.png,higher
0.4449061875423475,0.8546165283460193,1.1852906430383472,2.3252478937832004,-1.0474217243823958,0.6653309403343042,callo_85.png,higher
0.435957096714039,0.6880354616871792,0.5945668488595878,1.0148426354892468,-0.47697770816684726,0.5845666458688241,callo_86.png,higher
-0.47254010601621904,-0.338183487010676,-0.3407796991836891,0.5505120376247786,0.5653308501956307,-0.3690241103510326,callo_87.png,higher
-0.8258794340977114,-0.7488950938243235,-1.0804684846038624,-0.004681130901306636,1.0875030902249143,-0.8265784480056249,callo_88.png,higher
-1.199629413210859,-1.1208141052211766,-0.9195897596779979,0.39572900993955634,0.6057197355852083,-1.1451259262985882,callo_89.png,higher
-0.2277173453452595,-0.5914823952694638,-0.27972415252129296,-0.6405187212422394,0.2063369994340182,-0.3010585738998789,callo_9.png,higher
0.1309779137905146,0.3597306161747706,0.06007599445462575,0.7033569649486164,-0.11254018071051404,0.22300815206372346,callo_90.png,higher
0.7946806427886988,0.8501818186993582,0.5642323763742131,0.4906462289779353,-0.3204489596276838,0.8397320023500588,callo_91.png,higher
-0.2362035048637389,-0.19935185985774714,-0.48125053601549955,0.28328023524994494,0.5680216510461648,-0.19814500657671083,callo_92.png,higher
0.7945833298068786,0.6673680279362395,0.31609034308860806,0.10670929088693362,-0.09150231031338045,0.7729963611208263,callo_93.png,higher
0.6889589083516267,0.8253528622795874,0.503248268164933,1.147220642427498,-0.3048366319840329,0.805394225188514,callo_94.png,higher
0.5320506501177064,0.6497494780737775,0.6209977569095362,0.8933690503663109,-0.4103924158295414,0.6022726148332667,callo_95.png,higher
-0.08466866272495598,-0.2005434044523658,-0.28427225001014333,0.014286214224224,0.36193427824572494,-0.10592831339692868,callo_96.png,higher
0.012455293232864782,0.107445410932055,0.18002014064204666,1.284708100430538,-0.04195783594387155,0.11413431234522114,callo_97.png,higher
1.1741017252813497,1.5429692307658902,1.756730464971224,2.768508055264198,-1.2944425486302753,1.4307245536293471,callo_98.png,higher
-0.388515779551224,-0.35014339314811327,-0.09226940383400406,0.7325547978925252,-0.020329367265930195,-0.3036839275300163,callo_99.png,higher
