eccentricity,extent,solidity,contrast,homogeneity,energy,mean_magnitude,std_magnitude,label,filename
0.8400833167142572,0.4485920330905495,0.7493545709404097,0.1800349253091891,0.8494698704863111,0.6376273837473136,0.3212147656848738,0.2918372949132084,smaller,callo_1.png
0.841452205121068,0.3019517262314672,0.4412380778070408,0.1087873353168898,0.916683380591651,0.6609200982093286,0.382918504069008,0.5184566395169964,smaller,callo_10.png
0.6609932899924689,0.769458122948542,0.9390053371182288,0.2849598322371424,0.7117252848482551,0.413043281243082,0.3119998156470492,0.2231248482576402,smaller,callo_100.png
0.7199667190676415,0.7798859242546861,0.8794314705175483,0.2103766694298442,0.7131126131023193,0.3706280922101883,0.3302727129209322,0.2867847278419217,smaller,callo_101.png
0.4597216117357616,0.7502104127326679,0.9292096160627918,0.3575665648587914,0.56298433395648,0.3808630293885849,0.2054500769737669,0.1319722711562062,smaller,callo_102.png
0.491931993837474,0.6439664823307256,0.8510175053299522,0.2303574936461518,0.6825749154961605,0.3046158811903393,0.2661076573805859,0.2220151809926457,smaller,callo_103.png
0.4511509926123238,0.6786394022363575,0.8312867814260871,0.1420771697055607,0.8484191695860854,0.4289125731024746,0.3303305877667865,0.3567162447162258,smaller,callo_104.png
0.7816792448506902,0.649905584030213,0.7979282839391824,0.0739630031980689,0.6975343345710328,0.4495524190133941,0.1888843799229212,0.25278432088732,smaller,callo_105.png
0.6671709936986943,0.7282810185727155,0.9086157731448168,0.1826129191330759,0.6951534863123436,0.4020607269243982,0.2320226290110212,0.2202578790367094,smaller,callo_106.png
0.6792231019233301,0.8246476670748457,0.8351883145452634,0.2878605343739573,0.5960576505966628,0.4753565675732858,0.2991161551781626,0.2135144385704689,smaller,callo_107.png
0.6205496726738919,0.5872252812643806,0.8273073553424315,0.0843731552796294,0.8339501496436141,0.4659675128543924,0.2978355943133411,0.3472781419947002,smaller,callo_108.png
0.434865874414197,0.674607153992872,0.8020008001658328,0.1646564975562917,0.7043420269799077,0.4580789682253788,0.1999889648947048,0.2072967820015204,smaller,callo_109.png
0.4554833969412925,0.7341928354219289,0.8770510205654563,0.3742887237279803,0.7448807767782042,0.5182592577919549,0.2616409608974004,0.1652728734898445,smaller,callo_11.png
0.5812052771401577,0.5439874271392133,0.8065401588326158,0.1394049796098628,0.7258874143671203,0.45215687460626,0.3503024622746187,0.4269025889952792,smaller,callo_110.png
0.7862206766611057,0.6689277614507549,0.905692966321995,0.3259811269029796,0.7785239358760614,0.5234830355619515,0.3874285512057157,0.3155803906939253,smaller,callo_111.png
0.724408148067093,0.4736272673013055,0.7107268331528764,0.0697969936373516,0.9226857494476204,0.5671953170723425,0.3884667403942874,0.508963094077394,smaller,callo_112.png
0.3874374206350887,0.6991117264125493,0.8345109013853449,0.1856947881708882,0.8018790446020532,0.4895658431256311,0.2567253469252797,0.2395950466806557,smaller,callo_113.png
0.727326647868578,0.6265775334951893,0.8766096754767356,0.2671485286285221,0.6297368343299907,0.4553538024774475,0.2559198085971815,0.1992159180964104,smaller,callo_114.png
0.4725595592309304,0.7562666395738962,0.8839840052447772,0.2329772155640121,0.6334169900160131,0.3794603741558393,0.2797595561722343,0.222795572736831,smaller,callo_115.png
0.5257600574073686,0.6938403881865047,0.8583137982355897,0.2738371468946259,0.7465091559273191,0.4669126584899786,0.433039588481931,0.3398733991176381,smaller,callo_116.png
0.2795923962510214,0.518129493716563,0.8042755953757474,0.1363316411343686,0.8129813651995539,0.3782591719487493,0.3361719265314044,0.3858189700099869,smaller,callo_117.png
0.6851658197148929,0.8146932356470491,0.9344492789920968,0.1561079710391231,0.8091105149707176,0.6758435368466189,0.2771869432071926,0.2329184047268933,smaller,callo_118.png
0.6383963400275394,0.5312227831515666,0.7731683476025051,0.1401234344082418,0.6811465395698066,0.398908729813626,0.1053092652728174,0.1473770563652918,smaller,callo_119.png
0.3902024144846316,0.8310877798759104,0.8964639365047522,0.4037594594599292,0.6299952753217686,0.486300999519637,0.2787632915173423,0.1646362855415652,smaller,callo_12.png
0.7820863913328202,0.5062364929994914,0.7749966261381005,0.1258617862815223,0.8813010595971673,0.5413021736458163,0.4018502549852759,0.4200093654979961,smaller,callo_120.png
0.9135555129127167,0.3815452685060492,0.6645060637183706,0.0803010552242963,0.8525417877452828,0.6114575522553438,0.4366874837917864,0.5274217131236357,smaller,callo_121.png
0.2573024654776158,0.5961519657341032,0.77401358001849,0.1248819171285062,0.6429068063393681,0.2931897553094019,0.203168083157806,0.2303231391244443,smaller,callo_122.png
0.6417540786107898,0.9111309380597216,0.8696458349650431,0.2404106501164712,0.6793587602399285,0.3194136915964888,0.3193865863051807,0.2131176421897101,smaller,callo_123.png
0.4693986170580856,0.6264116375346396,0.8070076313546417,0.1120222727092473,0.8168370999838812,0.3659524828063689,0.3502366665462249,0.396055079871224,smaller,callo_124.png
0.6243333024646582,0.3652945143528143,0.5303420844351268,0.1598652519778151,0.8196075637897593,0.5964853210977694,0.3614591786754283,0.4093669710382707,smaller,callo_125.png
0.6068520131628163,0.7536125648173126,0.844956263979759,0.3828976953047759,0.4292717271943869,0.3032630775846405,0.0818240208059809,0.0266289323363664,smaller,callo_126.png
0.7556032578233987,0.6433646378769815,0.8675233981610451,0.111841538682627,0.7331655233455199,0.3806443567379767,0.1932881776791982,0.2147794731961133,smaller,callo_127.png
0.4741812258538418,0.8272161514853604,0.8786524856093156,0.141740038228812,0.6598866211516476,0.4335263794945171,0.1312128057059147,0.1333490729982598,smaller,callo_128.png
0.6882025033351811,0.7215391937539226,0.7780675737399543,0.0700512729273052,0.7593162494550283,0.323611683022233,0.3733269162631245,0.4071900518399894,smaller,callo_129.png
0.2765862512787887,0.6417232150718202,0.8942356138489329,0.2374449427344302,0.7529054200149488,0.4686319429906784,0.3175761722979833,0.2770998369332095,smaller,callo_13.png
0.4857481825170361,0.6960039700515597,0.9071382661060604,0.0879607731469747,0.6736240460479794,0.3960531577599497,0.1498938495883016,0.1979915175049734,smaller,callo_130.png
0.6370833785011654,0.5166561039291881,0.7720161620915107,0.0720949112676956,0.856053287077073,0.5083664742792704,0.2560190176681653,0.3257002851083892,smaller,callo_131.png
0.8516981235371586,0.521743759449439,0.6942207624819168,0.0998257940355454,0.6806890216425194,0.366374980446673,0.2403162525821062,0.3031009071576577,smaller,callo_132.png
0.5174114613255203,0.6888489030809091,0.8253101092506583,0.0904288705658368,0.7176129809483296,0.3682497020090863,0.3371338750495419,0.3777213536978265,smaller,callo_133.png
0.4841576062537281,0.7794509094063542,0.8913881666101946,0.0779462256710807,0.7108906327039697,0.3706211231653694,0.1918989725178117,0.2595444239646608,smaller,callo_134.png
0.4688085086002677,0.9930536822228218,1.0,0.0862534065000052,0.5800787556943137,0.4745745937473932,0.0,0.0,smaller,callo_135.png
0.340652480150269,0.5941997239340104,0.8319492819690895,0.1360255219538597,0.7517841982398763,0.4188790397646978,0.2070445884899783,0.2244205218749411,smaller,callo_136.png
0.4956058036832814,0.7144397652454595,0.8524121888648089,0.1088953207970992,0.8198832929264355,0.4179247991021341,0.3372114687220799,0.3473073074151543,smaller,callo_137.png
0.6928175901796401,0.6299678747002588,0.8197876430114541,0.0790686738056216,0.7829202529969495,0.4704196177499984,0.1906222417402416,0.2765651890434299,smaller,callo_138.png
0.7768696750209241,0.7498893297553579,0.7500120090836022,0.2572331462272688,0.7116075726766402,0.4016083650359165,0.3905033032151395,0.3219272439178534,smaller,callo_139.png
0.7496612696085085,0.5857152929347427,0.908640869624372,0.2759034816115235,0.7582434217791598,0.4567931321941361,0.3211570249423376,0.2391968066229992,smaller,callo_14.png
0.8325669396861586,0.5059343570387211,0.8305699798540311,0.0690564634038421,0.8953515397476228,0.5317333421611008,0.3256234980132011,0.4413487737325465,smaller,callo_140.png
0.8317480461091096,0.7612115336021825,0.8822012751945234,0.1531036508232049,0.7181207810401382,0.4602870779017246,0.2655937661031025,0.2583728374505777,smaller,callo_141.png
0.843156746595308,0.5533407953488558,0.7502990923095851,0.0598308666151007,0.813179760306121,0.4637309680039079,0.2891653356493681,0.4084684865128928,smaller,callo_142.png
0.3301940343112202,0.5789663137307794,0.5838443447644774,0.0878431730045894,0.812799726731352,0.4129663943745333,0.3042322751856264,0.3846892888372512,smaller,callo_143.png
0.5964517419396944,0.7925125858764919,0.8684881421628623,0.0943453651664198,0.6095624088932707,0.3270712172573254,0.0777763050669874,0.1062636672874942,smaller,callo_144.png
0.4695389144629209,0.8442514748830063,0.8451795450021233,0.1532066527990833,0.7401631167250495,0.511525058427609,0.3021068219908051,0.3283327337776736,smaller,callo_145.png
0.4005828790226548,0.7254918122870646,0.8324599026289872,0.1824266477512905,0.7414161793674094,0.4377165228419,0.2170688248722863,0.2233634477519719,smaller,callo_146.png
0.6151203592053871,0.7782645802806716,0.8626673102264548,0.2723598917527059,0.709567036199406,0.4556716347341386,0.23393378112056,0.198068216085017,smaller,callo_147.png
0.5345546792117961,0.5169969510834418,0.7160740357448312,0.1281644312706183,0.842059242993038,0.4664498829334303,0.4181405883830441,0.507580406783888,smaller,callo_148.png
0.7389535919338461,0.5499712256092077,0.8671667704041206,0.0748438316563172,0.7023918470796038,0.3252061335763948,0.1949410095239614,0.2763803940849313,smaller,callo_149.png
0.4631405670830789,0.6480312456787407,0.8221655213777304,0.332593411901578,0.8287853057385446,0.4715368759754152,0.4268785546843923,0.2858092261311817,smaller,callo_15.png
0.7634119927461016,0.3199554896142433,0.1299293480331502,0.9688709254897652,0.0,0.0,0.2977178657155639,0.0750172445466027,smaller,callo_150.png
0.4327200292957846,0.61357225598629,0.7110057249221828,0.108977517388029,0.601984964185398,0.2482210767989541,0.2935835702734969,0.3484861061052388,smaller,callo_151.png
0.7071424465174514,0.3431438868395193,0.4887246452868119,0.1100185205797371,0.8696283270774208,0.6128981497052874,0.6650705481303655,0.8148199550074109,smaller,callo_152.png
0.5821568602872083,0.6784563677102888,0.7924301733525196,0.1441041303107714,0.5565553377394861,0.2960956897583761,0.1841574063967795,0.2151103330756533,smaller,callo_153.png
0.7735990910045656,0.5634063653160006,0.7604466814169772,0.2444298709390914,0.6757300889859525,0.3846332539650621,0.3230115982392941,0.2994660609110298,smaller,callo_154.png
0.0,0.6759716414890748,0.7968309373889197,0.2048178807082603,0.8060756693212472,0.4877088771658333,0.3264903124414593,0.2910190509596143,smaller,callo_155.png
0.2999878956617314,0.6480507294453881,0.7645059366702687,0.1833506319627429,0.794024615096355,0.397686324414136,0.3829283455178111,0.3652914275713107,smaller,callo_156.png
0.8050748464280417,0.5202501946563012,0.8639769448585899,0.1383103807622236,0.9016229136448332,0.5136536766750064,0.4036618424570221,0.4400057493182796,smaller,callo_157.png
0.8838726513654263,0.0596785779261108,0.3369273391850711,0.0962190471381555,0.9913601888913312,1.0000000000000002,0.369106409712303,0.5224625146747783,smaller,callo_158.png
0.6619086197582937,0.651442985903836,0.8144977261218942,0.1490215559435732,0.7839854542580662,0.3923218436708808,0.3718010832868896,0.3984963843579436,smaller,callo_159.png
0.4486505053171671,0.7178372753334277,0.9354084848901988,0.2280576175900177,0.7649864833429487,0.4450591488891885,0.3370779065454029,0.2824431974466592,smaller,callo_16.png
0.4807149758306469,0.2965846743337206,0.440383886144285,0.1522346129442513,0.8817551346511658,0.6668947104552554,0.4904574339038946,0.593452977946207,smaller,callo_160.png
0.7161391444595582,0.7634866796044781,0.7059319556958039,0.8186825048704051,0.2850010017388356,0.1334966550060535,0.4666962673162473,0.2082934332030851,smaller,callo_161.png
0.6788124350637439,0.7491244055647617,0.457888243705286,1.0,0.2249719682185658,0.349984731400487,0.3849602386674164,0.1814529718615569,smaller,callo_162.png
0.3665013780216227,0.9608973135860304,0.8856443326884846,0.5782062768483519,0.5748295990756045,0.6055212722083676,0.2334210608324117,0.1003786676435408,smaller,callo_163.png
0.7633076285414757,0.5996485996610676,0.7701145845023409,0.2353413186991042,0.7177631633398649,0.4611419730097053,0.2836466794362547,0.2341757040293075,smaller,callo_164.png
0.6607791233433307,0.675492725162042,0.7719420752838522,0.2455039107006209,0.7670820402928613,0.304235116582529,0.4246464263874749,0.3119525856610762,smaller,callo_165.png
0.6214917469711474,0.7121438160009688,0.828083889852631,0.3986457921311513,0.6922642032629085,0.3672765124328693,0.2995789867944534,0.1918137144592508,smaller,callo_166.png
0.6546840851612719,0.5615737894723927,0.8631946438170826,0.1191273869737059,0.8126618101901983,0.36193205864692,0.3399788685967279,0.3699306905874849,smaller,callo_167.png
0.2895647616902653,0.7339768680874021,0.9124804686457324,0.2063223408261093,0.6260301877856613,0.4431077295758602,0.1886311490883172,0.1572052676753421,smaller,callo_168.png
0.4674204476453065,0.5653827893175074,0.7737503747126611,0.2695928214626435,0.7976009637705168,0.5355675083018852,0.2703133652597536,0.2211349506132183,smaller,callo_169.png
0.3647883503046417,0.5964944727976749,0.7585865747499041,0.2317538340926214,0.7676846860924846,0.4083693806583105,0.3690853657219766,0.3066710276123868,smaller,callo_17.png
0.4673004926602214,0.5258853179428624,0.6917911560923775,0.3575912475906493,0.7898072190719669,0.420901252560483,0.5479694200700664,0.4257001577046529,smaller,callo_170.png
0.7143704915002176,0.7015195954938946,0.8585211013765022,0.2712924907747978,0.7227737287077964,0.4740835571740251,0.2494848040761353,0.1619462854178059,smaller,callo_171.png
0.1813128268825078,1.0,0.8999925692386019,0.3237828273898191,0.5461365210168658,0.6281129907365071,0.1587086383367639,0.1027955563149072,smaller,callo_172.png
0.5705687729364286,0.6721285084845916,0.848557474679787,0.2459857349417277,0.8409269031713822,0.4412854404334329,0.3650238446873728,0.2971843427422859,smaller,callo_173.png
0.8633563454809774,0.222972457334289,0.4159335783554847,0.2509964280952907,0.7736573856467097,0.6404244316631056,0.5364537983152101,0.547671241920833,smaller,callo_174.png
0.6342753782952777,0.7265030387660865,0.8467215037050975,0.305833882524861,0.778132646564123,0.3775118937118189,0.4994163141693611,0.3804093270401933,smaller,callo_175.png
0.5739408460644249,0.5336322615021392,0.755090455530713,0.3139724732423112,0.7679921186099188,0.3956593823997459,0.42206011633741,0.3422525631473131,smaller,callo_176.png
0.7201690242563221,0.6875108550650195,0.7367004405255226,0.3637610590373745,0.730533053887958,0.3968133782611794,0.5064839924144756,0.3444841577922485,smaller,callo_177.png
0.7890225910802569,0.4985044837367471,0.807194277207113,0.3618532166234955,0.7055663236213485,0.4168048571477381,0.4510974029739398,0.3445834562959474,smaller,callo_178.png
0.7673895783861839,0.5886158602545946,0.7406739863271261,0.3477467519213189,0.6941387575243549,0.3564672616746324,0.5307291696824128,0.3904485892102648,smaller,callo_179.png
0.487228855690053,0.5511917475638461,0.738967282370991,0.2902246462225721,0.779381371402331,0.4077974310805438,0.4570989464065461,0.3764854646860858,smaller,callo_18.png
0.4458467151258504,0.4958974494842447,0.8184616555119026,0.2101556929134692,0.8447190791159098,0.5298115597264614,0.357290147134099,0.3685250739943703,smaller,callo_180.png
0.6972750382543336,0.6790882668677076,0.8022494390603925,0.1919669412897374,0.7728027100630004,0.4253332515919403,0.3769764410511164,0.3890969875396384,smaller,callo_181.png
0.6421193910680396,0.5812759643916914,0.8019141218988863,0.1687003081059141,0.7193907342748749,0.4592140193069075,0.2662794158985706,0.3096779379942496,smaller,callo_182.png
0.1104270052412062,0.443143613042037,0.5489360374256198,0.2079379348025958,0.8358864886705719,0.5835209179144811,0.5476159704337198,0.538133538239798,smaller,callo_183.png
0.5737528377358736,0.6091853430446901,0.8507093907570948,0.1566213313447266,0.8044556972629464,0.4807121287516895,0.2971075632607205,0.3093330683449855,smaller,callo_184.png
0.3370076631216319,0.6950494713520547,0.8557164099980687,0.1854198178191176,0.7514827773883823,0.3955828355997656,0.3436663298951549,0.3275393020827024,smaller,callo_185.png
0.5978762404294984,0.6574473004740067,0.8266150594778381,0.1752756866632424,0.7317592250238225,0.4214537509285315,0.396744176080407,0.3880241277086804,smaller,callo_186.png
0.8279904083126035,0.6366566227100352,0.8148573500246268,0.2428886387920968,0.6880939630276908,0.5160487544970072,0.2175682816279859,0.1743903965130867,smaller,callo_187.png
0.4822695767810391,0.6756416913946588,0.834982956972246,0.1315787365793752,0.8575827137365839,0.5225986316213302,0.3720827957289289,0.4079501069094016,smaller,callo_188.png
0.5446919333303037,0.5526138334285084,0.6863283546691219,0.2070011533728847,0.8260419154120129,0.441139746154142,0.4565587564843769,0.4505359831789456,smaller,callo_189.png
0.6867147576643025,0.5638305957133611,0.6758761158173954,0.3448281570530973,0.7506558206019647,0.2993745779638829,0.6967640738334611,0.4913161056463955,smaller,callo_19.png
0.0275313561352398,0.6786684850483069,0.8689051929553147,0.4557418361423787,0.6818156933319539,0.505440483659348,0.3629575729517407,0.2213791128512407,smaller,callo_190.png
0.6325784145433935,0.6301649293926159,0.8007016520397296,0.3396307104631603,0.6816495478597959,0.3581753770284606,0.5348276268457818,0.3903334807346192,smaller,callo_191.png
0.3802278431184618,0.4770382018942125,0.580222634419846,0.4721372814773426,0.7235443837999251,0.4202997670775896,0.6367582987178322,0.4418663311170302,smaller,callo_192.png
0.5494494127519993,0.7338673527369153,0.823586972732486,0.3748333452658348,0.5164703824427259,0.3655657577017329,0.2532831787906658,0.1404799582479909,smaller,callo_193.png
0.5987438064259214,0.5693408787694967,0.6772781182125613,0.2330262562877602,0.7306161189605063,0.4430241020759826,0.4205406228729393,0.3713452811498388,smaller,callo_194.png
0.4864575765439408,0.8455465811897998,0.9001366883011626,0.245820304616166,0.5016280024104418,0.3325412769541336,0.1282097675845509,0.1185056268710567,smaller,callo_195.png
0.4456040391596945,0.9000602969565996,0.96169059431299,0.2729055183710505,0.6239566278444024,0.501312673938406,0.1473297897628369,0.0883452264047722,smaller,callo_196.png
0.3858587463452294,0.6216218619973677,0.8351307183812864,0.3939180797106384,0.6484692998315813,0.3664994116562996,0.2873996956286557,0.1980615442039234,smaller,callo_197.png
0.8204337324741744,0.4732852393722528,0.619604069936732,0.2394778582417539,0.7784275838895329,0.403031376281974,0.5597176893426951,0.5261724543418379,smaller,callo_198.png
0.3183043881560681,0.7461776893564727,0.8618223906610643,0.4623129547436647,0.5920175398803393,0.5099596206770376,0.2813671762292253,0.1381162909577035,smaller,callo_199.png
0.2538691696852745,0.7611145126342549,0.8540681908723364,0.1709882245369801,0.733500555422272,0.364223046242933,0.1994575177241494,0.1758457856910064,smaller,callo_2.png
0.7835554592066423,0.6350971095546394,0.925241576633446,0.2712749196408808,0.7670853453348081,0.4549722916595908,0.3538211537349077,0.2655877954620275,smaller,callo_20.png
0.6551028237514631,0.7002229734286487,0.8884426235295249,0.3739554135627413,0.6099224970577732,0.3099926204530597,0.2834841355125016,0.1739336810500907,smaller,callo_200.png
0.4925852425903514,0.7199358081511535,0.8449341399917238,0.3505197260200433,0.6871237796001788,0.446744137070953,0.2828549281461731,0.1641427088335078,smaller,callo_201.png
0.6377030592973951,0.613784731588886,0.893047244889176,0.4038734694697526,0.7718894478892309,0.4224814360266701,0.3596307729098362,0.2250944110726539,smaller,callo_202.png
0.0188351518401361,0.8079616777431722,0.911194143309976,0.2920938723429769,0.6654367264786569,0.3386753763051969,0.192805943513621,0.143995848319448,smaller,callo_203.png
0.6634371240905945,0.7336002421259713,0.950485927934286,0.3354295872058497,0.6728026721243419,0.4877803700312995,0.2118574091914239,0.0998431958843247,smaller,callo_204.png
0.6726177990185873,0.6584310026188493,0.7613129942317372,0.3331536931674892,0.7410382332362233,0.3554452848697379,0.6823287806491591,0.4623996362651221,smaller,callo_205.png
0.7799566559078654,0.5733674730661587,0.8546574251853669,0.3576010685822427,0.804755980678002,0.5029673337097695,0.4590314616033316,0.3071619128641581,smaller,callo_206.png
0.4171693132745527,0.8203655159245935,0.9090617055851368,0.3219447335528143,0.5508817758588007,0.3657272213361303,0.1973454607399428,0.1203674305686793,smaller,callo_207.png
0.4664940522712443,0.7163822656833767,0.8285261013698275,0.254143055700502,0.6950847945326131,0.3263668209374794,0.4117416766968107,0.3377186970917959,smaller,callo_208.png
0.7419574780165124,0.2620631009108001,0.295545028756867,0.3051395685485859,0.7811331645401647,0.5625108134186201,0.7627862953557413,0.6837015417895862,smaller,callo_209.png
0.7548186874660976,0.654951879591869,0.7795328471970409,0.3078432623111554,0.700002437324982,0.5139342399535536,0.2945153728350231,0.2342878567623695,smaller,callo_21.png
0.6865229812141365,0.5508645370136707,0.8109621869304064,0.1933947773045649,0.8679305998837408,0.4511899424363239,0.5266351312630915,0.4993939415281265,smaller,callo_210.png
0.7300353252387468,0.6063505030459679,0.7023806917023996,0.2924222052557591,0.8001877536258637,0.3985988700442016,0.5701790452813135,0.4369623225710736,smaller,callo_211.png
0.6273861092852773,0.1487238752105221,0.219638274183153,0.291015017026985,0.8361624342894887,0.7815931393109743,0.4764063777717354,0.4406954886679836,smaller,callo_212.png
0.8497382578991941,0.4336832880668024,0.6888078492998402,0.5338836566376299,0.5889316382639245,0.4098625209386182,0.4582569550891399,0.3001317413603113,smaller,callo_213.png
0.7708377457516038,0.2423803039047398,0.4203484193746576,0.3335625977841627,0.7376379840410818,0.6037525657889011,0.4682239740337562,0.4052668036960323,smaller,callo_214.png
0.9061080563850834,0.1036248365460763,0.1908510462225325,0.362732629841494,0.632153865445837,0.6373803335919632,0.3908425387990314,0.3862652569036543,smaller,callo_215.png
0.3025837827419049,0.7805358259558084,0.8222683561112396,0.542978527087004,0.4294239436492431,0.2974197762878765,0.1803209194085634,0.0784776075972672,smaller,callo_216.png
0.2495145748744974,0.7657547282918202,0.8806128743497401,0.2128956024283244,0.7236826824351077,0.5119521438683317,0.2309539101813358,0.186755457209498,smaller,callo_217.png
0.681806086381648,0.5437797267718765,0.7215846831620631,0.2198410195728205,0.7245081426436064,0.3852307222912595,0.4175333889125994,0.3732712148960168,smaller,callo_218.png
0.3897574129730469,0.5924282775829512,0.9299988971810582,0.1865679225439649,0.708343347983901,0.4394125846349264,0.1980231494260379,0.1805477892930526,smaller,callo_219.png
0.5441417334493992,0.8811120770197451,0.9753132943280364,0.6398719907181545,0.5997941278760086,0.5406829877017689,0.2194613156184117,0.0976283696667532,smaller,callo_22.png
0.7316598473861307,0.2565406909801495,0.4892437124783031,0.160727424433171,0.7930515847836559,0.4647524042819512,0.3812989085552741,0.4309927892178878,smaller,callo_220.png
0.6402036904602197,0.4988050769269132,0.8012649959024014,0.167639221169053,0.780036456502927,0.4365371412022267,0.3205451106549762,0.3356325287013421,smaller,callo_221.png
0.70549918104614,0.8086219485447637,0.8447464304356491,0.2284067056016168,0.7655282983317391,0.4367514159607242,0.2676245295807126,0.2326449727879802,smaller,callo_222.png
0.7906219934212271,0.6780030763909319,0.9157015745580614,0.148714367849771,0.7889149028504492,0.51850483122304,0.1836171059526763,0.1804681107690332,smaller,callo_223.png
0.6269973938060205,0.7633189385176007,0.8860842413787737,0.1021523975332174,0.8275858980809572,0.5071919346660057,0.2427850118350943,0.2849797088506853,smaller,callo_224.png
0.6840709882576295,0.5544863321643738,0.6656673741622503,0.1698594406527197,0.7699204795150241,0.3701213521431319,0.4044406016775025,0.4039858850522141,smaller,callo_225.png
0.0757381356746305,0.3970009791934528,0.5192693800068766,0.2967145602519904,0.8319988813106787,0.51481781533956,0.4602952206089352,0.40380845366325,smaller,callo_226.png
0.7819678664820457,0.565896406080876,0.736323802974636,0.2673878538079394,0.8493468766918908,0.4733847026384674,0.5078006119364724,0.4354257223109568,smaller,callo_227.png
0.6020078905021591,0.7365994481613267,0.5759152187869045,0.6578784099767055,0.138769378486391,0.1091712249785843,0.3135443859946299,0.1861210500013525,smaller,callo_228.png
0.5137715302848207,0.5953629978554493,0.7780477121422462,0.2314083934106789,0.7717633023995192,0.3972687024168462,0.4763954606567229,0.4450972736223109,smaller,callo_229.png
0.6234871997808051,0.7146135111179621,0.8921332727414901,0.3401012864949764,0.6956561007953033,0.5119297057486625,0.235638058719325,0.1555763150083249,smaller,callo_23.png
0.606909390505046,0.3560465992433452,0.2172464191428755,0.3323248689548775,0.7155679112669251,0.4233945805388817,0.6784429349518794,0.6014395128447818,smaller,callo_230.png
0.7032586698284551,0.3040112548688374,0.4338684796822178,0.3891637524908783,0.6400910206525423,0.4132919334635216,0.5127459688416556,0.4094122882379317,smaller,callo_231.png
0.7872967688402321,0.4180643479404171,0.4481138816792105,0.3574942499586112,0.7517419697848315,0.4867814639202767,0.6103791062846277,0.5077329273816256,smaller,callo_232.png
1.0,0.5296861436885529,0.455510806673215,0.3388171363450534,0.6723898348585013,0.2871700307969266,0.3859702828451883,0.3065359677587927,smaller,callo_233.png
0.6080663348856086,0.6875291891624904,0.8641317624188742,0.277868263989724,0.7428510047029331,0.3805701476865948,0.3614059960119635,0.2955642669236136,smaller,callo_234.png
0.2976814886286341,0.7031874724597491,0.8937059392203208,0.1865499975236127,0.7273424449929422,0.4506964518265915,0.2599803406561942,0.2609059424060282,smaller,callo_235.png
0.5301238495704723,0.7075732447913148,0.8573695422125063,0.4034479289021913,0.7241813463037992,0.3395220312877572,0.5797643970029769,0.3876565829358979,smaller,callo_236.png
0.5304327794948618,0.6860650133876398,0.920967965729942,0.2001427183825106,0.8064171511044238,0.4231804218521926,0.2395666949162797,0.2087892047759959,smaller,callo_237.png
0.7407964539563849,0.6780634806363426,0.8839700950120428,0.3061573374473981,0.8344972161300781,0.4377404858489923,0.4486542972242816,0.2995017599164181,smaller,callo_238.png
0.8000369989473235,0.5015172172442204,0.7064890270273434,0.2902165587226479,0.7825845510442351,0.482948573761746,0.4967007757250075,0.423148729526719,smaller,callo_239.png
0.7004814126952374,0.6602316215684592,0.8633036155004137,0.3265856957873663,0.7026118012085032,0.3774341675108311,0.4017690501477901,0.2878464551009467,smaller,callo_24.png
0.8163935287316595,0.7879410619360672,0.8536159192724528,0.4120382385713679,0.6992034994730623,0.4471453897938953,0.4328598333257928,0.2434580463709537,smaller,callo_240.png
0.4682328810643684,0.8103384611072768,0.8318711366426867,0.3775172549780381,0.6811353140704206,0.4450303011255974,0.3704725913034528,0.2227748813854873,smaller,callo_241.png
0.5784801136875681,0.6700281927333189,0.8750826152541211,0.2465166409474011,0.7496424677358369,0.3197742512840803,0.4877625773438553,0.4227790884872178,smaller,callo_242.png
0.1422859665132945,0.6538498150439211,0.8441056331495942,0.3068845768191829,0.7369859212558487,0.4913321197515627,0.3023121257234392,0.2113228517328735,smaller,callo_243.png
0.7522377351023799,0.7122355445566995,0.8291344892286621,0.1853983900355865,0.8079671478283155,0.5336448870587882,0.3256285774511139,0.2346715569779337,smaller,callo_244.png
0.6604801946495737,0.6237609670250619,0.851912875467639,0.2707489438335196,0.6804383410465968,0.4618863021189865,0.209059077711108,0.1585610308970999,smaller,callo_245.png
0.6321389188292563,0.6552231332515999,0.8668461434332495,0.210609865816355,0.7691798891108492,0.5251147199461093,0.3118567268717858,0.2319849479426094,smaller,callo_246.png
0.2728203559342421,0.8140987117691669,0.952179614914472,0.210434114308601,0.7708214616729805,0.6563555931244436,0.1980162997585352,0.1555049254911076,smaller,callo_247.png
0.7634280648684828,0.7520407019356548,0.9282172298783392,0.3028305999339377,0.7654534407755507,0.5207912136007145,0.3697591669999264,0.2512488758231026,smaller,callo_248.png
0.7034996891476055,0.6972043759432482,0.8510740446077287,0.2140476364404138,0.7491016553070207,0.5597659915224584,0.31321145397626,0.2378520634064207,smaller,callo_249.png
0.1986468430594352,0.576399840833069,0.6985265846727833,0.4845853235102543,0.6851553757806337,0.4446248106909759,0.2585847419083119,0.1723491283465661,smaller,callo_25.png
0.4963170596588761,0.727893788164897,0.8276207555465442,0.3055694610849093,0.6764622135707228,0.5438957218873424,0.2109718371654813,0.1364394189613405,smaller,callo_250.png
0.293810912996957,0.9358623325240536,0.9488856762042012,0.2386440355477279,0.6418078639129212,0.5856465515875371,0.1396813511232751,0.0800915260902121,smaller,callo_251.png
0.6266280416475747,0.7726314920896873,0.9071737486100976,0.3044190248120291,0.638561454507109,0.4158310017542488,0.2722032372325214,0.1919993733973991,smaller,callo_252.png
0.4953872183972936,0.6853370734937023,0.909017002434492,0.2480833305879668,0.8239383994587621,0.4380977893238915,0.3589133573950221,0.3143584127684484,smaller,callo_253.png
0.6011029915279757,0.5797569989670963,0.8125938756418507,0.2453994711369271,0.7421381318208589,0.3812233663029264,0.3851410061584314,0.3421379973816278,smaller,callo_254.png
0.456732904766838,0.6325656535364377,0.9062757555374152,0.2482193230023287,0.7644848534993205,0.5414081803791126,0.2453267433441038,0.2356195930878864,smaller,callo_255.png
0.1939957328948648,0.7588726127623966,0.9113404738357832,0.3232624341774149,0.6646420027936797,0.4107844328712285,0.3038632826726003,0.2317957434313264,smaller,callo_256.png
0.4917901852830188,0.7147132151658631,0.8996168489441778,0.3106468711533127,0.7019734439292948,0.3823856767472393,0.3478057281817883,0.2661338533168709,smaller,callo_257.png
0.4490720051695976,0.7117148687978259,0.8823458037595788,0.3395773088374524,0.5440716930362552,0.3478800050987808,0.2292084962402603,0.1775050896505347,smaller,callo_258.png
0.5255060443571045,0.4111046144006611,0.7635283981609966,0.2330268647651892,0.7711818746127026,0.4064138171196095,0.2577218261511234,0.2493138768595719,smaller,callo_259.png
0.3783253262349518,0.945297587451316,0.9383145138133682,0.3533622570032052,0.6535612160809512,0.7485599205922939,0.1181564980701171,0.071440296645832,smaller,callo_26.png
0.7771033311767093,0.6133031202230015,0.9331140377040696,0.2002382468419606,0.612241060067825,0.354622448404515,0.1631001868992521,0.1309713599188026,smaller,callo_260.png
0.8711986602950499,0.5426398409662792,0.5429440782571533,0.0417827431429496,0.7595109347442133,0.4749410845184577,0.2619659910861623,0.4107530612845638,smaller,callo_261.png
0.8199761119817297,0.3657949848741761,0.6092578064641192,0.0577501761636277,0.7982100647242012,0.5615360541712617,0.2741711803821537,0.4089728302192349,smaller,callo_262.png
0.299610548963288,0.6867898602852158,0.6879469450150202,0.0254066704480116,0.763765355366282,0.319471824713363,0.2406312063809787,0.3540068398833168,smaller,callo_263.png
0.0025932983591007,0.5463837419072026,0.691050376334811,0.055681620261683,0.7711122307686415,0.5356145837984567,0.2588787172845382,0.3792385950164273,smaller,callo_264.png
0.7992539295513272,0.5071640970305658,0.866672704867135,0.0194084933371742,0.7965628225439012,0.5219249170577327,0.1506231350641635,0.2704532707405883,smaller,callo_265.png
0.6230298834203605,0.5876939953733775,0.8419809690370679,0.0148623233747017,0.841172842194545,0.4691114415744399,0.1875522429152484,0.3787086713788942,smaller,callo_266.png
0.8790271325725958,0.6010028357370636,0.7367358263227353,0.01103078735144,0.8380849630263869,0.4782346130957258,0.2689124671041805,0.4144054478630486,smaller,callo_267.png
0.6782988059007811,0.41745784481188,0.6159073986872579,0.0182630455177919,0.7713707408065615,0.5004162221679729,0.2194160220233249,0.3631227792780569,smaller,callo_268.png
0.8113750338319148,0.7169871671355352,0.8290305230178963,0.0513371442927356,0.7077155955501242,0.4795357199141894,0.1229092152501739,0.1886761510982968,smaller,callo_269.png
0.8056239855611302,0.5710913964527236,0.9150419695994628,0.3514980739307647,0.7465288057133814,0.4445870556499046,0.3509934854190998,0.2366943297961279,smaller,callo_27.png
0.6432300680354506,0.8176365110710999,0.9337490013266972,0.4371990897237403,0.6524682305026057,0.4472836815463999,0.2722363662403764,0.126845172458565,smaller,callo_28.png
0.8248144897955527,0.4037076826940478,0.7033954947750785,0.1011169810532294,0.843415374990689,0.5920776959474319,0.4108524762148148,0.5087285695794942,smaller,callo_29.png
0.7272221208439329,0.6747064487037147,0.82047247162863,0.1639183259132538,0.8202243030574641,0.385500748584759,0.4020156126585003,0.3556517521412028,smaller,callo_3.png
0.5655079652755375,0.2583993369919609,0.3677802857833401,0.0861340376651471,0.9143540517652872,0.6675466029319108,0.3903359462957906,0.5323023135132994,smaller,callo_30.png
0.7164168473342261,0.3133384082686956,0.0542789415287578,0.3233997361635757,0.4690195172101141,0.311430681360932,0.3096246142931962,0.2744798512121271,smaller,callo_31.png
0.8268230848250839,0.3591682183344629,0.5783175754121532,0.095879687187328,0.8288780120486088,0.563437477610303,0.3915462213252548,0.5274270279135407,smaller,callo_32.png
0.916923923913782,0.4379732212957334,0.6900320716488815,0.1108784945746733,0.8754327926032035,0.5775376885737988,0.3813254790912224,0.437841024435319,smaller,callo_33.png
0.8005157326825918,0.358431552388962,0.5483260360527071,0.0441804116426672,0.9093036544571484,0.5425911725614221,0.3305772675602848,0.4928143521632199,smaller,callo_34.png
0.7953878446869169,0.1599870764476137,0.2066741942765113,0.051386976438877,0.97060152031263,0.8113644331533156,0.4086220902427111,0.6601596063629586,smaller,callo_35.png
0.5765381382284742,0.8990838953331535,0.8509068538651414,0.0800104570306965,0.8257268911707416,0.7191556948526185,0.2817419899763113,0.4728315433001,smaller,callo_36.png
0.7692929135271911,0.6472659832748853,0.9091480527989032,0.0751106331897241,0.8848445051735663,0.5406801761944444,0.2138846204632282,0.2522430194618509,smaller,callo_37.png
0.8712893914545787,0.3556626849295137,0.4863993761431078,0.1102392783765146,0.8669688465617029,0.566974276344254,0.3099328335284617,0.3956676375877939,smaller,callo_38.png
0.6538592374386083,0.0,0.0247164088294762,0.0748816420204664,0.943599968676498,0.8334430738424958,0.4643623929076272,0.7322239033847076,smaller,callo_39.png
0.8600319254298077,0.4847010002178797,0.5960515357790719,0.174557470292319,0.7900835174165075,0.459079427980341,0.5052964007424755,0.4824009974420177,smaller,callo_4.png
0.7669929595892626,0.0086414811303603,0.0329203338444776,0.196642963508697,0.7014839071347487,0.7792049197683413,0.30684536608515,0.3753532351744244,smaller,callo_40.png
0.6000030013434732,0.1106397805952702,0.2162150799235058,0.1183293921724321,0.9043662648573032,0.7980170104186433,0.4461397307572535,0.5868548994311004,smaller,callo_41.png
0.4465903169871848,0.2626260829038955,0.4711519402298385,0.0751933891144515,0.8491791563323208,0.5636554666317148,0.3068054921270129,0.4881616529426285,smaller,callo_42.png
0.6615180997704926,0.071337465909536,0.1549382040774849,0.1018974697724133,0.8639320864757556,0.7641677466922583,0.4150080511022621,0.5917937728797545,smaller,callo_43.png
0.9509133233809806,0.9870123424659096,0.7954418762947311,0.575323370612718,0.3215721895309178,0.4312037892730155,0.2587145086570156,0.1873144218287692,smaller,callo_44.png
0.4802612175259971,0.7063729925935536,0.8245714038698255,0.0949487291695953,0.9545944735939736,0.922394693753982,0.4461050956515231,0.6424913372299093,smaller,callo_45.png
0.7714207472558192,0.4971075629482213,0.7286761464611042,0.1387650331141623,0.7230991129205204,0.3266616800281849,0.2735196291663371,0.308273701194227,smaller,callo_46.png
0.744633812706136,0.7282328673133085,0.7369765921862468,0.1830392537780691,0.593191504828841,0.3219087271707873,0.2333085548394415,0.2258562307666273,smaller,callo_47.png
0.6143346286182176,0.3258212690705273,0.3379482048352595,0.2101079614100359,0.4932484374976695,0.35700220672701,0.2564862157392606,0.2782076681866334,smaller,callo_48.png
0.9245722783307616,0.386152536007659,0.6305193228177335,0.195133813172889,0.5891104005410472,0.3155496407813518,0.2338365221665837,0.2316989497531471,smaller,callo_49.png
0.5467453223014112,0.416794337993593,0.6753761440865156,0.2262360852078334,0.8230392664316,0.5256590187943533,0.502641017722418,0.4724026909006255,smaller,callo_5.png
0.9074452435228936,0.42996170810576,0.4924591273651699,0.1801399171204954,0.6893946709819692,0.4021315314478351,0.3542972170614962,0.3483785256821208,smaller,callo_50.png
0.6132684340363528,0.6559986091797188,0.7890199898182073,0.2104730018899537,0.6791132689858617,0.3949200424373359,0.301500383547565,0.2597630537537945,smaller,callo_51.png
0.8130677080697026,0.5484862572310643,0.8577537432845073,0.0960688101178723,0.7842831102647136,0.4036424717750771,0.3078262568022556,0.3579944864076247,smaller,callo_52.png
0.9463546573932882,0.3091480676537503,0.513798207989868,0.1499360282336216,0.7717562434239764,0.51256289208946,0.3992187874313471,0.4646550506925069,smaller,callo_53.png
0.4503221782252307,0.654951879591869,0.7185395052403987,0.2646128129452255,0.4453190683822501,0.3757267537826747,0.0880380886702553,0.0832187987540468,smaller,callo_54.png
0.5950396398571791,0.6106185030206837,0.8408983740950491,0.2427558716787937,0.5294510490470254,0.3461980361590847,0.2895799251251008,0.2590825640568174,smaller,callo_55.png
0.7868342969014721,0.522724820364421,0.7191551219965826,0.2506145629294094,0.3531648101459357,0.2350075520473779,0.1762141843878286,0.1804962364660086,smaller,callo_56.png
0.9058831381485988,0.6649559392140993,0.6853971149433908,0.2271872016901988,0.6609681523731159,0.4585772504165849,0.2056957316971061,0.2219672092639147,smaller,callo_57.png
0.1643279888867353,0.73106756899403,0.9299936654787228,0.1566593208016584,0.6371530976739006,0.4230034589406428,0.1747805781289831,0.1665528965541001,smaller,callo_58.png
0.8854179083257276,0.3391613014054297,0.2158013010686594,0.2545138698811175,0.3275639901421039,0.2171698167534992,0.1960386277000368,0.2035806401874766,smaller,callo_59.png
0.804626670662645,0.4945058566780191,0.6030383832043169,0.2078664235782458,0.8469617966526855,0.4273132215482539,0.5950771958073984,0.5449064910083172,smaller,callo_6.png
0.9469300669548806,0.1968729824837916,0.522884946478777,0.1099457058045609,0.8066053654235108,0.6092672119200602,0.3180202582526952,0.4170497462482603,smaller,callo_60.png
0.8905788678366746,0.455288533745507,0.6261587084019895,0.1437498717554601,0.6694151588824675,0.4875762392894576,0.1761256572976229,0.1991900602739013,smaller,callo_61.png
0.6395460956825962,0.5102522882541514,0.6297058922707406,0.3156943889100948,0.273974886048137,0.1586528342459127,0.1631121677908807,0.1246253842639576,smaller,callo_62.png
0.9453537386065768,0.3526661883168878,0.4118509052232395,0.3782324020508386,0.1393639566359832,0.2064231421049147,0.1694625687687334,0.1268522603136908,smaller,callo_63.png
0.789824185255356,0.5003662973719623,0.7113173572719984,0.2893487542353619,0.6913481056434572,0.4250424002179603,0.3638532161794061,0.3098464612979854,smaller,callo_64.png
0.6345405303517633,0.616171443837225,0.7905953871523197,0.2270009412532863,0.7959847816794801,0.4799689084158798,0.4506029733389691,0.3859616251883088,smaller,callo_65.png
0.8067708475129578,0.6296650240545174,0.7782530405231607,0.319821125754047,0.7042086407025168,0.4029595715867111,0.3623196677459515,0.3133244731897798,smaller,callo_66.png
0.4497056825158438,0.2212227760675351,0.3785985793028312,0.2987825972293972,0.8483597237136764,0.6779218282786832,0.4475920158936478,0.424522472799815,smaller,callo_67.png
0.8248152897172281,0.636669102108453,0.6351229020366658,0.3965900820228328,0.5956068766477172,0.2926158488873225,0.428626320941704,0.3118371317169727,smaller,callo_68.png
0.7893445589530803,0.6534800433863861,0.7955813728260706,0.430041412995845,0.5505487565503935,0.3613459532742054,0.3267511226074185,0.2046148948502093,smaller,callo_69.png
0.5849953699617365,0.7031363139437481,0.8825670436399327,0.2681726167432184,0.58386429839527,0.4648728386768057,0.1559850938083324,0.1095860941883243,smaller,callo_7.png
0.6539022501943133,0.2797651989688838,0.492633932733616,0.4183429063550837,0.6185326029973157,0.3384266419750107,0.4885804951077086,0.3743924233239328,smaller,callo_70.png
0.8887180205853491,0.5400411201598145,0.6646640457789115,0.5316573750880492,0.5550786806075894,0.330823778993922,0.3105339261835808,0.2089001817107401,smaller,callo_71.png
0.6878800296354812,0.6569233496473852,0.7659046654792399,0.2530841266473934,0.6031552763698014,0.251518458632288,0.4588131616503214,0.4043750127942461,smaller,callo_72.png
0.5780606729650875,0.8109212301052064,0.8770964638086265,0.2067490341483885,0.6684718448456595,0.3123301485638753,0.2422375442542164,0.2188693481552377,smaller,callo_73.png
0.7155366011656061,0.7505834438685974,0.8465515386797391,0.180873129553877,0.7284269257380753,0.4828408506274297,0.2980887025104638,0.2501776065039859,smaller,callo_74.png
0.7786416389253326,0.6757946723712192,0.9002287299516736,0.1216357824704721,0.8157010456737046,0.5271037887685233,0.2617595084334574,0.2832043490370525,smaller,callo_75.png
0.5860450052379214,0.8382401791307601,0.8656977258469849,0.1774270032500307,0.7186625983276835,0.3885869414465537,0.2940856586406548,0.2702989652928866,smaller,callo_76.png
0.4883403363239498,0.7774939595702621,0.9181624662650072,0.1784451993729444,0.7764511887831436,0.563957897285855,0.2220172958314503,0.1917590229807534,smaller,callo_77.png
0.5132448812190278,0.8411819162763323,0.8837402854296887,0.1207341267943346,0.8294717234748124,0.5075851220227745,0.1220379895749812,0.1178366221388614,smaller,callo_78.png
0.5287895571837231,0.8047988227977101,0.9077022633319558,0.2158652486613925,0.4575244084825915,0.3342739694617404,0.067793949945072,0.055057822234246,smaller,callo_79.png
0.6891842716724303,0.7698874365451112,0.8359064085290733,0.1012708681424154,0.7087371995704492,0.4153062966849693,0.0953657885360658,0.0885598076231384,smaller,callo_8.png
0.7593860279328224,0.6782739482687117,0.8663135791624437,0.181022357527261,0.7581001636542464,0.4442866659547626,0.286848174778344,0.2629166867306793,smaller,callo_80.png
0.6338591083079541,0.7635733915565148,0.92573235646644,0.1839959039225414,0.567009104748931,0.577166910170259,0.1129881327547735,0.0864081511235912,smaller,callo_81.png
0.6038451244309155,0.637831854649362,0.8908592626091274,0.1266967849242995,0.747826381909785,0.435068362938637,0.2260933368756778,0.2390230403223232,smaller,callo_82.png
0.4190012021755138,0.7485906577237167,0.92062068211258,0.2042566469526222,0.6083986322423205,0.380772683145605,0.1747612701782296,0.1560505676603845,smaller,callo_83.png
0.7753015264185539,0.8606649320814153,0.8356422972026387,0.1360019248598699,0.5121519220543838,0.3295558504967274,0.1046920146791782,0.1357424227919399,smaller,callo_84.png
0.4539047690037893,0.7290041286983397,0.941731646852558,0.0768600533186613,0.7520088780703529,0.3361610344783281,0.1569717092701396,0.219010814091262,smaller,callo_85.png
0.5719031515995523,0.7358970720348983,0.8054668619801377,0.16431310358809,0.6910965672115004,0.2883384248734701,0.5350698815890751,0.4213997098423415,smaller,callo_86.png
0.1373510761590409,0.7548738623065614,0.8225225401118672,0.1419502765664922,0.7661685389737127,0.4646203424301663,0.2665383692058448,0.282422212639559,smaller,callo_87.png
0.6322941437900036,0.6331666524110615,0.8435225493472538,0.0947177452328098,0.680525737661144,0.3535079525418518,0.0807667382723977,0.1133277017029849,smaller,callo_88.png
0.6989009228225451,0.730087037590804,0.9363153204553368,0.1451998557699527,0.7857164951996642,0.4402260101970693,0.286515609920418,0.3106223294799265,smaller,callo_89.png
0.5028367226771437,0.9066311982335722,0.893614733355022,0.3274401270262586,0.6250384314443025,0.3542294259793428,0.0828696686582963,0.0468651121911663,smaller,callo_9.png
0.6757481725993302,0.7233782577223997,0.6865957205768203,0.1283016400665363,0.71021494702646,0.3417644343722995,0.4550163900994388,0.4655977628432568,smaller,callo_90.png
0.5469325674588885,0.8330140229817311,0.9475504363917948,0.4251777170581496,0.583161791730598,0.4098679262842237,0.1879802469106853,0.1108180929167816,smaller,callo_91.png
0.6781965602302442,0.8929207789249527,0.9154123434232796,0.3835735808797696,0.5917285000506576,0.3138658697733417,0.392537339724993,0.2454167272457253,smaller,callo_92.png
0.4151772654958061,0.579447275467154,0.812509495744909,0.2825096158720381,0.7758796965817267,0.4377789788013215,0.3596444058808977,0.2844608910927783,smaller,callo_93.png
0.5454343062198361,0.7572753906528475,0.8361555229978552,0.3387496063901437,0.5770039916744207,0.401582131498392,0.2410620913919633,0.182286930502396,smaller,callo_94.png
0.2675275203463275,0.5693591589083644,0.7994276361713435,0.1871964438192103,0.8148806408464884,0.4115572836068405,0.378143857942487,0.3512701371085939,smaller,callo_95.png
0.7061011606948413,0.8676367822040556,0.9120147410425656,0.134122994862793,0.4439223959039413,0.2890633230173749,0.0767016601857871,0.1039062956699146,smaller,callo_96.png
0.7660701130360388,0.5440145640025658,0.7625957517677733,0.0732917233799222,0.7555256882525145,0.4209425734074761,0.2737638775904756,0.3562793648592552,smaller,callo_97.png
0.6813054358121755,0.6128084923337149,0.7592506865970878,0.1733663063136452,0.786327423572621,0.438902610225801,0.2813914510980633,0.2933252749331061,smaller,callo_98.png
0.6128689884392611,0.5187118657778382,0.8076925090267848,0.1392642467177228,0.8471708260743873,0.4352143207950674,0.5361855216938787,0.5884214860584481,smaller,callo_99.png
0.2708083465482291,0.5506820375648807,0.8242963694409564,0.0986377499590902,0.8659219930466451,0.4913765425386378,0.379875882873059,0.4512130804592797,higher,callo_1.png
0.8013477878578068,0.4897262881738669,0.7019720898767119,0.1039639910894472,0.961692171952282,0.5696676690880971,0.5300961629668219,0.5799069733276934,higher,callo_10.png
0.6824055688346251,0.5473041535406369,0.7944419061597641,0.1385726958651734,0.8650609785505203,0.5483680939221014,0.6132232211769381,0.610935073113995,higher,callo_100.png
0.6687029301353007,0.7596524254703636,0.8313955962706614,0.1840046335132204,0.870214907941341,0.400486088206758,0.5734266073145703,0.4683363189345043,higher,callo_101.png
0.52081859630122,0.4776467328511589,0.731810421897199,0.1570411280521499,0.948802802282544,0.6440995705509336,0.5670958089634789,0.5863804194637887,higher,callo_102.png
0.83595315348354,0.4525671150201074,0.6733993641953664,0.3068468868621388,0.8160422522330459,0.5402372326207809,0.5512760124777036,0.4158622813533422,higher,callo_103.png
0.3976770910280142,0.5331414621338344,0.6838280857071997,0.2286595276393556,0.8445200180482351,0.4373039831390818,0.6231993351608003,0.5769946923396847,higher,callo_104.png
0.7518371806803554,0.5716133671759032,0.7731870020360347,0.2148086026211171,0.8601043210249935,0.4409065616833245,0.5444529920527678,0.4811632428162334,higher,callo_105.png
0.3440129659727586,0.8493665316525891,0.6777577764186788,0.3715735709372666,0.7991417096470448,0.3997573197848693,0.6278226417365917,0.4608494605002077,higher,callo_106.png
0.6579565360942652,0.6172248127737743,0.846582828115461,0.1458174180934147,0.9364919226411504,0.6010170690626662,0.5096012101560652,0.4589082442373535,higher,callo_107.png
0.5266781549855832,0.890624619120272,0.9357079762790173,0.2136521592399858,0.8614260046828077,0.4988248295709865,0.5717988431490336,0.4163094050116477,higher,callo_108.png
0.5184653112805264,0.7669483462044362,0.7849329225272055,0.1654647598979285,0.8009549250730958,0.4476662096001365,0.4564690993635553,0.4381240144501629,higher,callo_109.png
0.6869086837806886,0.6451088901845101,0.8506057823530835,0.146927596612426,0.7996285657026236,0.4047272506725983,0.5370135341307438,0.5251056969187655,higher,callo_11.png
0.4577510973115883,0.6702379105960181,0.8190859779825876,0.1483653454879671,0.8203533385863411,0.4509578661686292,0.5239976205062576,0.4906846042347901,higher,callo_110.png
0.5759276946398726,0.6961352583700506,0.8428375205036966,0.151724715684533,0.8148483129762814,0.4230172940899089,0.4876620631477932,0.4140325516833655,higher,callo_111.png
0.4071577246623793,0.434246536207775,0.7245575046664938,0.0938500724888507,0.8349915232139313,0.4954481393901522,0.4896577270565388,0.6129069919243137,higher,callo_112.png
0.5854720915321872,0.6297204017835891,0.5000504650639441,0.1691913933158218,0.8038199913625381,0.3777878061702422,0.5829382069372983,0.5177302878247306,higher,callo_113.png
0.7283011411311835,0.5541257851940344,0.7893021134355604,0.1209228530608851,0.8539200548481722,0.4916484850315055,0.4163805268214827,0.5080393824101438,higher,callo_114.png
0.5849096943088763,0.6404653804823981,0.7106043303089471,0.1580929778823235,0.7372078765666079,0.3154481625532829,0.5772040999456771,0.4907966800172142,higher,callo_115.png
0.36496644230567,0.6981841868054506,0.5669888885553962,0.2396824097685863,0.7419448103943824,0.2986891315642781,0.5595994126066403,0.3985368876587101,higher,callo_116.png
0.744418953901737,0.6238674210530673,0.8726971336201812,0.0797000770781541,0.8955989455824214,0.4460186696247337,0.4388527316735258,0.4904807157252068,higher,callo_117.png
0.5849116621208881,0.61850429579938,0.8095057918036694,0.0459367529632945,0.8024691997966067,0.3919266347132756,0.3955056019930197,0.5218575918719276,higher,callo_118.png
0.7967542297463002,0.5142107176786572,0.7881732571557496,0.0374864696516359,0.9751301931738264,0.5650601439876333,0.4193586449538039,0.5831076477160804,higher,callo_119.png
0.6178006724169265,0.4324391118440605,0.6974596229090242,0.0774109383600135,0.9694216013390844,0.6743403209732199,0.5650014588752578,0.6730946734841973,higher,callo_12.png
0.6496316429823756,0.6450034683417472,0.8252833847979724,0.0564721084149509,0.807916889913225,0.4342881627062347,0.4063958062408337,0.5173162789982456,higher,callo_120.png
0.6664374540190785,0.6815421647904096,0.7344098102348102,0.0,0.8701491886803798,0.4212264869244072,0.3605084269357193,0.5218907517100856,higher,callo_121.png
0.540321771023502,0.6271294198741502,0.8591373895999377,0.0442480297952832,0.9067679881026462,0.4894111343932619,0.4536980202052575,0.5491865676006946,higher,callo_122.png
0.6433818903552833,0.5790543581566736,0.7380165932215246,0.0273285310487492,0.8248170868233355,0.4391223045361089,0.443170515799467,0.5853877903628074,higher,callo_123.png
0.5553164196029752,0.8168490835060207,0.8907861583390342,0.0587482846317234,0.8535887072724546,0.3662015584676857,0.3562122791549644,0.4415914336664118,higher,callo_124.png
0.6576117961548977,0.577783247463624,0.5689574405947708,0.0234687850170988,0.7899010561653581,0.3507244366676627,0.3419062897419412,0.4462160987050066,higher,callo_125.png
0.1438887045449754,0.8353048147685751,0.8765716117677453,0.0240174508788459,0.8303317362681581,0.4116182332584038,0.3070588503156971,0.3510135584863246,higher,callo_126.png
0.6203316402475114,0.5478928498229303,0.7088333994128841,0.1412163955521382,0.7560351663491156,0.4129975264097165,0.4772116380015219,0.4479183833858235,higher,callo_127.png
0.6956058922570338,0.465074019764959,0.7568964646902254,0.0680885057845373,0.9720301745813478,0.6141266644806935,0.6011613655560989,0.6882657402954102,higher,callo_128.png
0.6505474021224866,0.4476683467129274,0.612921892127851,0.1524645136889011,0.8667506692350644,0.4817729882058619,0.703463307562721,0.7340326782178631,higher,callo_129.png
0.45548365184607,0.6632249177700691,0.8135763385735386,0.1250705463064047,0.7902821170476635,0.3891416651382656,0.4293318994495518,0.4588886010138956,higher,callo_13.png
0.6738280552391107,0.5854145271768159,0.899428375547507,0.2317031638091929,0.7941129816052999,0.4483873462727975,0.4772833640020441,0.4036673041322661,higher,callo_130.png
0.4225199094986459,0.6965334239348422,0.7879860403456438,0.2220103000591361,0.7907218121163537,0.3308097267206967,0.5341306638244632,0.4210700083654485,higher,callo_131.png
0.7980715252549464,0.6402415671834245,0.7188446006677105,0.2475141071198559,0.8096799349562533,0.3904403093095981,0.7804302060287083,0.5986591532741457,higher,callo_132.png
0.5703798834818941,0.6392584549330926,0.5449984659450704,0.4634817711367472,0.7886787921898355,0.4676813378859696,0.698937424792834,0.4821098378234324,higher,callo_133.png
0.8399655310756617,0.7435463502623509,0.7960645830398985,0.2311233375966209,0.8191642348387496,0.3587943551597582,0.5583166208213848,0.4987546294405155,higher,callo_134.png
0.2197470743550975,0.3428897598923519,0.4312200084610778,0.3192180684764583,0.801172282186208,0.5689599608521321,0.7182331075072512,0.6435652866169803,higher,callo_135.png
0.7096697881948457,0.685413952451883,0.6281484528805448,0.2714820135133612,0.8533673395755654,0.3603653687768294,0.8707596507339151,0.6550473867763188,higher,callo_136.png
0.3353546163627327,0.7537580361478284,0.756166089123776,0.2293574261715574,0.8420104383780496,0.3734093777784102,0.7874879807023197,0.6054707765712822,higher,callo_137.png
0.5794043426077125,0.7044682629974852,0.6966240730143909,0.3188692997403478,0.8012134515160398,0.3939743270375441,0.6540581830207364,0.4147353143621506,higher,callo_138.png
0.3384741745104577,0.6824454898933054,0.8358418713656417,0.0908398170850134,0.8158425553073698,0.4343148806616306,0.4932350692497403,0.5841607500931615,higher,callo_139.png
0.4550043435647918,0.7121417152505649,0.8364262836021346,0.1504175394641017,0.7492042076272365,0.3996601066306208,0.4937033290164695,0.5132216198473968,higher,callo_14.png
0.3204038818064695,0.6692256870376962,0.8635063770248221,0.0778980774527559,0.8417574806683108,0.4929096365308711,0.2719301441067467,0.3718775958690763,higher,callo_140.png
0.6355435857018523,0.5989250596380986,0.7931226773370559,0.0705365849199153,0.8486156398537581,0.4400183107445983,0.338828745676175,0.4666598080882886,higher,callo_141.png
0.6078970647527666,0.6165439633725982,0.8366071282167966,0.0215994629267856,0.9511739775019016,0.3921324950759894,0.4955325195877585,0.6268886229812294,higher,callo_142.png
0.0853209901340456,0.8226332013633817,0.8935374754357328,0.0370643306702795,0.8758143419460103,0.4185488660684182,0.3531432243113761,0.4596714717974934,higher,callo_143.png
0.5066560242636757,0.5123321904767393,0.5872766330670636,0.2102497293854635,0.8602029097760799,0.4762772142795959,0.5449598117154495,0.5278319371639604,higher,callo_144.png
0.8266552628489798,0.5214634223987857,0.7482999874822409,0.1073416238495833,0.8922071410768604,0.4978816365755678,0.5306852684572069,0.5714367564025801,higher,callo_145.png
0.5294600420938369,0.7709491873491996,0.8474940155485251,0.1125708098044208,0.8504016765109341,0.5238633482316792,0.5216096933485312,0.4797581668040553,higher,callo_146.png
0.3377841942340292,0.6032180819840252,0.8575099960647232,0.1461863618258792,0.8569205400828204,0.5265169788053095,0.3900225053444951,0.4295736101454185,higher,callo_147.png
0.6689511354863491,0.6176312584326185,0.8669248801902862,0.0711791627663939,0.8136912370853522,0.4787342149934033,0.261218351747826,0.3116891579579443,higher,callo_148.png
0.5657522226008704,0.8034920312051306,0.8822606502804498,0.1118540098285837,0.8239257447399799,0.4426090042688416,0.4703011286515979,0.4139814071298908,higher,callo_149.png
0.586259491277906,0.812070733659946,0.9318095868031052,0.0950644886926745,0.833452439764411,0.4327171203578186,0.4886972495413312,0.5172486753863503,higher,callo_15.png
0.5993769534973135,0.8396447868467771,0.8281526145326905,0.0794058844102092,0.7592472044765346,0.3803165587878724,0.3780442256351117,0.4358844146885886,higher,callo_150.png
0.8681214331543086,0.7351319090715145,0.7985585041659042,0.0775633120087608,0.8841893725842955,0.4508686063032115,0.4696660107907174,0.5775836266374641,higher,callo_151.png
0.5955490167137965,0.6526209929524003,0.7860436263531778,0.0948142237837952,0.8927174198284122,0.4395275381701465,0.5891399521975077,0.6392395476839143,higher,callo_152.png
0.3469926504055097,0.7943994737333675,0.785111267762588,0.059117243825496,0.863037612929114,0.3515489785451076,0.4521867969666882,0.5070926792324358,higher,callo_153.png
0.6842209588265633,0.6914512973210631,0.8312483123607308,0.0546473039045732,0.9074320450830666,0.4068772771400631,0.6033245008518954,0.6566725017966745,higher,callo_154.png
0.5916270181505661,0.7473981278157766,0.8745671521739558,0.0682303800039739,0.8872466372791608,0.4537436074923172,0.5277318926091401,0.5456994405122514,higher,callo_155.png
0.7627478550211433,0.6012929367862603,0.8272421958696143,0.1800608696224988,0.9193206120591446,0.595034352944747,0.6299675889538529,0.5866360121570996,higher,callo_156.png
0.8003973273015048,0.5941864868979481,0.8229852744418824,0.149493032221945,0.8580618465511405,0.4393552170464018,0.5807412311378392,0.5689935150445926,higher,callo_157.png
0.7923940980025275,0.5673449424491119,0.7117889708933995,0.2674336907583652,0.9381750564834516,0.5018549266515653,0.7818232341627251,0.6457154325061144,higher,callo_158.png
0.5734331091846925,0.6809182497803923,0.5369697409189673,0.2657523076626266,0.7636186609622753,0.3803507196441514,0.6170190931167456,0.5142081839540598,higher,callo_159.png
0.705324099781145,0.6046421693388537,0.8041546602634273,0.0989828187597203,0.8654632014750918,0.3772500101276114,0.5932407962184727,0.6251864483769638,higher,callo_16.png
0.6964762931077435,0.6815714245022906,0.8900156440367013,0.1612592054838563,0.9194505772187124,0.4817551128940098,0.602916695539471,0.5834943600609281,higher,callo_160.png
0.6629704089976347,0.513004775959754,0.7001815439578172,0.1458172069778549,0.845751067450804,0.4583351610235335,0.6492483698710717,0.6330835195855717,higher,callo_161.png
0.614316161008392,0.6435636259632542,0.7948336172995676,0.2746055064448538,0.8372175957405013,0.546464340369289,0.5478148805765225,0.4262138284248496,higher,callo_162.png
0.7903568346418728,0.5939373630794094,0.7620084150233388,0.134155257774998,0.9074648330640636,0.4899148888481679,0.5992251946044092,0.6015712362755705,higher,callo_163.png
0.6136401782272647,0.6408347910565781,0.733138832478262,0.1569984675636431,0.8708475771798851,0.3517514835736015,0.5653342259642842,0.5634366877476117,higher,callo_164.png
0.4749558641330713,0.6101168851660275,0.6856100243474006,0.2992340759961696,0.763481661869152,0.4088918245841678,0.7130477498262671,0.5880965301513874,higher,callo_165.png
0.5972035310580357,0.7236643416423578,0.8607354009851833,0.2810930786818193,0.8167301018539428,0.4037566967121059,0.7506452636193913,0.5988994640293355,higher,callo_166.png
0.570898524759651,0.4574454783037216,0.770961660760944,0.2324463991188698,0.8513804808648824,0.5019687364798391,0.7409072827504922,0.7132119196019666,higher,callo_167.png
0.4801541157709527,0.4132112176260689,0.5924355536872115,0.2542052273648563,0.8458392556196626,0.5391485288502798,0.763875987388736,0.6888020433374696,higher,callo_168.png
0.7278306213959611,0.554295884106708,0.7139422885050721,0.2419732962827853,0.9206064477731905,0.528627088837464,0.7784276543989905,0.6745850709609206,higher,callo_169.png
0.7300693431642882,0.8541345637731255,0.8854644555296303,0.125867739957623,0.8192692158348422,0.391216609897604,0.5082485098523576,0.4853833799039176,higher,callo_17.png
0.4709531091897718,0.5214308239842307,0.7822368022104198,0.2285738889338165,0.9190202221948484,0.5068980535315437,0.6377943157933137,0.535626858487596,higher,callo_170.png
0.5576430620603536,0.4359534320196012,0.6493884537266321,0.2481259390235962,0.8354787786735578,0.5249729662422102,0.7047179667918785,0.6887853788837662,higher,callo_171.png
0.5533297633972969,0.6742271086050489,0.7379685515703174,0.1982841554816302,0.8388111721895903,0.4166687514431689,0.6866561546525504,0.6077397401725104,higher,callo_172.png
0.6230193156803352,0.5706457177274047,0.6577919277516191,0.4153611529705101,0.892752070822612,0.5078187900239794,1.0,0.733059003081077,higher,callo_173.png
0.8347345790622469,0.3603948449824512,0.7068031358057896,0.0539507609562231,0.9337512919720412,0.6913807247857064,0.4902684271124526,0.7182259727284888,higher,callo_174.png
0.6237967681229584,0.5867758203673308,0.7708764684089946,0.0734212303872207,0.8241195395618006,0.4013692125549124,0.4839231483928201,0.6086115451775834,higher,callo_175.png
0.7749829290783903,0.4288841071198186,0.6912813940090423,0.1059154279603512,0.7148610781924019,0.4658795559313393,0.4734200276658689,0.5463744909931987,higher,callo_176.png
0.3152745884316433,0.4708236317812011,0.7266038776067647,0.109545108641045,0.9451914077858404,0.5834450395185045,0.6428333162190591,0.7328927461518583,higher,callo_177.png
0.6472655292514975,0.3041351052176797,0.5389722919868818,0.2315666139393522,0.7377572197988567,0.3919172200676664,0.7389639080323226,0.7436581998677864,higher,callo_178.png
0.0239898370014335,0.2894573695308307,0.2916193815007979,0.0753256740858693,0.8613619222573741,0.6415190102304156,0.6261739870684069,0.8513515272966761,higher,callo_179.png
0.7713701523687508,0.6424050791516862,0.7186852262219512,0.1503202577283885,0.8008473251021089,0.4073436048541365,0.5639181082058446,0.5435156432546692,higher,callo_18.png
0.7236326007644187,0.6198865950480543,0.808714241745748,0.1233449447665012,0.7812777801295216,0.3869649984764266,0.4252734222942034,0.4878412625785912,higher,callo_180.png
0.9762949748609148,0.4100256399163235,0.6354625543967802,0.1839403384581319,0.8178922717063171,0.5514097893974139,0.6654248035498425,0.6503892088511879,higher,callo_181.png
0.7848010261314398,0.6145681674644428,0.599173875591029,0.137567995234651,0.8495695920484008,0.398472015940534,0.7090854591329433,0.6738880706436293,higher,callo_182.png
0.1677229475845642,0.6839553359007808,0.6484824714925603,0.4564013415364737,0.7275457030154033,0.3805902446860312,0.7077168858213693,0.4526299391676838,higher,callo_183.png
0.6217259235062877,0.5422746712118829,0.7371198017932068,0.0893446540883405,0.8137291184282529,0.3938808954338774,0.5250160013295175,0.6245990289393332,higher,callo_184.png
0.8427543835775912,0.424754294056441,0.7138473736650459,0.0448884692072399,0.8468120584016332,0.4899049044083319,0.494501874762531,0.7107664273470841,higher,callo_185.png
0.8460042350183523,0.367827900994202,0.5091635220217317,0.2731160837595413,0.7756793831551154,0.4558318895459884,0.6739487685913792,0.5747728113917534,higher,callo_186.png
0.469155238027135,0.6083978125734062,0.7062958061173463,0.1070842536822493,0.9076138209577302,0.5618717422198518,0.5523351326094089,0.6899044118297759,higher,callo_187.png
0.3494917380015922,0.5528593970443523,0.7697775905929576,0.1958725867897855,0.7903762040754878,0.4911536961803948,0.5404305821804611,0.4960397398155588,higher,callo_188.png
0.6716143766687142,0.4201171141701481,0.7704069199522146,0.1534704878640946,0.9402662320148196,0.6167624271943402,0.6395521902103943,0.65182904698,higher,callo_189.png
0.6774986912399557,0.6524324477871541,0.7470467107318453,0.1365960423283285,0.8357875243571309,0.3814094637735848,0.5116887527447249,0.5780320620535243,higher,callo_19.png
0.5932808289450211,0.4504759834335676,0.6542815069895069,0.2341571638490808,0.7933152206092475,0.3624199288441423,0.712463728079095,0.6355853217574793,higher,callo_190.png
0.674571127048414,0.4667437451256617,0.7642213422803124,0.0979715348356917,0.8662608274827739,0.5814920839231206,0.3051927727210125,0.4260965819051692,higher,callo_191.png
0.5398181382979816,0.5672723715107715,0.6962102462198367,0.1050205476365037,0.9751586484637498,0.5433573489292525,0.4839271343915025,0.5230821559183818,higher,callo_192.png
0.6167647928866586,0.4768348540932592,0.8059117510167328,0.0509979994881505,0.9261924331722016,0.6422166450583184,0.4355335092073122,0.5910423168102041,higher,callo_193.png
0.6578788795198998,0.5097667802928121,0.7576652856333186,0.0849823816189134,0.9073281300237634,0.5322246460822047,0.5163972246946321,0.6395097121716404,higher,callo_194.png
0.4161033083150423,0.5940759331337966,0.7626200737100337,0.2207748817593934,0.8504771066215282,0.5158725583437647,0.6098094165886732,0.5066548546337315,higher,callo_195.png
0.5184734377008557,0.7208399297013717,0.878206794502687,0.0564678360203972,0.7655680141551455,0.3522689151384797,0.259069215568159,0.3562572720911457,higher,callo_196.png
0.582422400222322,0.4113340348463912,0.6175299109111325,0.2468697169235496,0.854529118130718,0.5007985038104588,0.7935966946567025,0.7182881019653563,higher,callo_197.png
0.7540262096407457,0.488903269272166,0.6278242074764129,0.1336122339864594,0.8302647507203327,0.5380062043681519,0.5431832478315661,0.6230617225188927,higher,callo_198.png
0.6358318424498299,0.6790037038922296,0.8188961298991089,0.1593072292925717,0.8560542656545311,0.388819885795281,0.682498252373678,0.6200591455128293,higher,callo_199.png
0.6333436407926267,0.672674553972983,0.8374156247803126,0.1513847226961356,0.8406545159352796,0.4327327179726841,0.559708421773943,0.5379486310370307,higher,callo_2.png
0.4924318817886978,0.4645267263859303,0.7027151134640728,0.1420653167017433,0.8935447692182055,0.5985156688542139,0.6264285480139161,0.7329943798694895,higher,callo_20.png
0.38588090522406,0.3786567713607032,0.5564387905283998,0.0402501274813833,0.8072863366005611,0.4517843200778195,0.4432042648851854,0.6631899092043808,higher,callo_200.png
0.2819937303437862,0.3705219771494088,0.5410033261885192,0.0799795629983158,1.0000000000000004,0.7357130232222537,0.6109390354391088,0.7646242176183248,higher,callo_201.png
0.8343006066601799,0.4079118710823746,0.6208221294777299,0.0723129966576318,0.8693219733536033,0.5229063063875661,0.5315842879465366,0.670438866627674,higher,callo_202.png
0.5456588689438298,0.7115235087830656,0.7632399656419628,0.0733543965117853,0.7874836846826807,0.3364677718345028,0.3648029302798229,0.5001331898828949,higher,callo_203.png
0.449815521244429,0.6335745961794936,0.7106828370407559,0.0706712691667749,0.8995322403759602,0.510476096257789,0.5313035374557605,0.6981238502572243,higher,callo_204.png
0.4741102524333726,0.4438643072232642,0.6731047692747998,0.2038381843144205,0.8448538721184131,0.5741125562036158,0.7456671251904466,0.7139647537270127,higher,callo_205.png
0.8409293033076282,0.4555196180484113,0.7472171440441833,0.0086874901410716,0.9144239186976556,0.5169170486868555,0.4917186316713313,0.7106044283612036,higher,callo_206.png
0.515997261764507,0.4820964827197211,0.772333780429985,0.1646678632141953,0.812820767098978,0.4157560067631846,0.5188664912305593,0.4640322625593869,higher,callo_207.png
0.647556371335527,0.4600658765971013,0.7136037886189475,0.1351566391624557,0.823624846600564,0.5695628910182222,0.4977562400406278,0.538499782003143,higher,callo_208.png
0.8578283071357022,0.4307828024428983,0.616665035436154,0.0799630572088858,0.8478788206208265,0.481367736388739,0.5207401228276959,0.6850667586699847,higher,callo_209.png
0.692803756803146,0.6620524193644648,0.8681139969713358,0.1392285269675937,0.8492621361683512,0.451369692823575,0.5067388542079787,0.5384109143811568,higher,callo_21.png
0.4348134028480259,0.6329367220316775,0.7009871302576836,0.0500977584470903,0.8383008281978719,0.3428553785716605,0.4691719096766269,0.5746344641623163,higher,callo_210.png
0.5533488600455636,0.7659954878963693,0.959121838920492,0.0585253173397632,0.8526150828321231,0.4983773308056904,0.2839044899184679,0.4019602492710655,higher,callo_211.png
0.3549557231312297,0.7886250279804166,0.8958297849346939,0.0604527668228989,0.8826981937337179,0.4288357872769009,0.3560337254712005,0.4372737798696297,higher,callo_212.png
0.6506454305420257,0.683337292126184,0.8007365794537689,0.013863694873688,0.906232262772976,0.4677715128303034,0.2571410266594344,0.46272259164123,higher,callo_213.png
0.674296718621576,0.6889224231833087,0.797651566881302,0.1334659852501956,0.8119655727884068,0.4075970759759383,0.5633331691989246,0.572454123043154,higher,callo_214.png
0.4839243018690597,0.6009264092953275,0.7988548193224192,0.0856370998011462,0.8285417806961797,0.4341819084662213,0.4718271985615654,0.5762204885080877,higher,callo_215.png
0.8792200777384691,0.4760936125543917,0.6461242537487899,0.1301071762151831,0.6561218770398916,0.4025907566041146,0.4244640003106529,0.5254391837150211,higher,callo_216.png
0.3102312220732175,0.589329076561113,0.8295320874154593,0.0753954039564326,0.7967263448647177,0.4424017262649959,0.4655619068486133,0.5948006680304082,higher,callo_217.png
0.652645384460766,0.6315421030384998,0.7366925274521634,0.1029939742003145,0.8764667547473652,0.4571146466188217,0.5404402444191179,0.6365956438550366,higher,callo_218.png
0.5670814823301262,0.5314190886627048,0.6653472738430781,0.0839510360338601,0.9537702804896128,0.5743633968294528,0.5952873678946573,0.7377408941856411,higher,callo_219.png
0.7018277469667697,0.6351465260434344,0.7105469455213997,0.1646980552526987,0.8695065387379999,0.4577825727199609,0.5862950872787541,0.6398979145169592,higher,callo_22.png
0.8067810011391021,0.6120770573013548,0.8668651576870336,0.1043948641578535,0.8700409816528456,0.4072061459472617,0.5595016782582422,0.6343894066709287,higher,callo_220.png
0.8043847790936378,0.5368039708659293,0.7278375377482564,0.0943090983657728,0.9267167375426246,0.4787037562201321,0.6317010387022947,0.7448446320861076,higher,callo_221.png
0.6016081203553854,0.7650978677510887,0.923300074729786,0.0678174147800448,0.8668708959206288,0.4610487339728081,0.3013578371350036,0.4054155500074418,higher,callo_222.png
0.670455892279483,0.6177519219875875,0.7595892794131214,0.1147059188849119,0.8291943317246657,0.3877755693097312,0.50195364506004,0.5820305687317828,higher,callo_223.png
0.6438388261668899,0.364630616332078,0.6365000654325825,0.0972168201373475,0.9520599175665816,0.6716335514033769,0.5941294598885495,0.7267649467803099,higher,callo_224.png
0.7171771869475978,0.5642154939730759,0.5727181557709933,0.1502002176670661,0.863072058160872,0.5022958550856624,0.5377339095174837,0.5321632779639967,higher,callo_225.png
0.4665426627821193,0.722067610561894,0.8567424194615025,0.2435053729637497,0.8218630430656062,0.4134937803568844,0.6854273723579763,0.5370758404571235,higher,callo_226.png
0.8475475425499035,0.3263320532366642,0.7064334917755983,0.2162113000047879,0.7120888815380675,0.4976136600049357,0.5160414876055193,0.4745098313317968,higher,callo_227.png
0.5818700175313694,0.4749844584884339,0.6847584778870939,0.1147299965875051,0.8655427348947771,0.4632748428681134,0.6102555423165802,0.6722602470167539,higher,callo_228.png
0.7868493772566811,0.4087716226989122,0.5942954055832599,0.1327086815330509,0.9020891743170356,0.6484623421276055,0.5978458640868711,0.6905606507525965,higher,callo_229.png
0.494372259614852,0.5663735326987553,0.6156370230857648,0.1643574160523029,0.8024713754884507,0.4166126017144034,0.5748285550863315,0.6207781270346454,higher,callo_23.png
0.4714464087071986,0.5353962149766442,0.5958990007587626,0.1128124909383271,0.9438120703563068,0.6105421783698004,0.6661846769404451,0.7160949067981636,higher,callo_230.png
0.5248377341854882,0.420320478390304,0.6275958991956068,0.1256952188065425,0.9232916086095662,0.605894520506401,0.6857643027904632,0.7822380800807845,higher,callo_231.png
0.849964148955296,0.4213954001830866,0.5739049301197743,0.2038222467570668,0.8095527699909724,0.4396307143570156,0.6043238634122996,0.5564380556090956,higher,callo_232.png
0.8706520461821412,0.2881213435508749,0.4532299176411221,0.2830285872655811,0.8523489434544858,0.6267173503623296,0.6657521318058964,0.622962372853214,higher,callo_233.png
0.724629183094508,0.476988857887664,0.7787442192693006,0.0404009488658388,0.8735936792241126,0.4346502262008921,0.4619822588951452,0.6135961972697498,higher,callo_234.png
0.802824725227244,0.5243866152193855,0.7724498819361476,0.0855654902037855,0.8212809974870718,0.4275086010382265,0.5007843348924993,0.5229315363782661,higher,callo_235.png
0.6599974935284314,0.2778481993996429,0.0,0.1334882494806512,0.8528643040831287,0.5504161556246356,0.5610010457488241,0.6061227809678696,higher,callo_236.png
0.7226271484305615,0.4268876795519756,0.5413838247566882,0.1559385822045762,0.8533945811604613,0.4890234515183287,0.5463258822408021,0.5735585209194405,higher,callo_237.png
0.4919245281350053,0.7472368737673591,0.7317617810921537,0.1322578667246884,0.702165697386691,0.3362428126257797,0.3151848361966314,0.3264887445605237,higher,callo_238.png
0.7034784927004412,0.5293363203623775,0.6703921747145472,0.1040687725927234,0.9277230472358636,0.5349498744353258,0.6145670068601281,0.6698388335867904,higher,callo_239.png
0.7589500890291005,0.5245761028543972,0.7426804154327442,0.0998371672116943,0.8918644879819912,0.5371850161423422,0.5197801606517297,0.6659168191276273,higher,callo_24.png
0.902890065978071,0.3915232362839929,0.5350901559348282,0.0914134462809857,0.6727764483064846,0.4700610737642167,0.3211465314132872,0.4248196373927654,higher,callo_240.png
0.652500314874052,0.2237602832259776,0.3269269800988237,0.0900317160469544,0.9815244262483572,0.81202116278084,0.5952226622596796,0.7327918675524858,higher,callo_241.png
0.5684426507336373,0.6819392113013758,0.7825058721864009,0.0567379856277447,0.8445369755419034,0.3958750920885612,0.3569796303914292,0.4405064908383368,higher,callo_242.png
0.7678094609464645,0.4297537218453648,0.6389917660908155,0.3784480604310365,0.8475265601528337,0.5206271657037094,0.9143938881700858,0.696004186435964,higher,callo_243.png
0.5370713509341349,0.5637681700012651,0.6118879294132862,0.3790244424488976,0.7943470079908632,0.4506539059853822,0.7850396623278267,0.5643882541970227,higher,callo_244.png
0.4518551633505569,0.3970305575262471,0.3872707219789559,0.1340497610400185,0.994118437988594,0.7427112976579902,0.6201049677956886,0.6760262291113308,higher,callo_245.png
0.7122743273693968,0.4568847787968706,0.6032267742243098,0.1275205755062133,0.9091160086976848,0.6775101413195255,0.5500254446907741,0.6343190860621015,higher,callo_246.png
0.5240577524756658,0.2604113106002325,0.4539153192414713,0.1283658001727518,0.9777672655625872,0.7493933802591286,0.8890625343775437,1.0,higher,callo_247.png
0.7607112184801057,0.2927563254231196,0.5452474984048643,0.0800334888505074,0.9668350876730633,0.7305987454269582,0.7177686013853014,0.936887476050046,higher,callo_248.png
0.7537619194517056,0.4537718862644677,0.681953242005608,0.1297753927621622,0.9006937593888931,0.4961433670333797,0.5863803310294033,0.6246919762973595,higher,callo_249.png
0.6815152622170944,0.6736552742868007,0.581765552917471,0.3870855374920389,0.6882261119748967,0.2652993077159523,0.6666516933641403,0.5769577286742513,higher,callo_25.png
0.8685028146177836,0.6117394659299231,0.7011937876476375,0.166759181443661,0.7842249717968075,0.4451322513802955,0.4708211871231597,0.4643497408121556,higher,callo_250.png
0.5221003837441482,0.1995490859289079,0.2476350257383184,0.2224064093607968,0.9425003134556228,0.8568613771643145,0.775636217137745,0.8360462537136631,higher,callo_251.png
0.7825148022543984,0.4532865041451692,0.7629098494217066,0.2863977909262951,0.8735631498746823,0.4679901968157506,0.8252872785418374,0.7390972988510619,higher,callo_252.png
0.5496249588151814,0.5003189655954099,0.741444066687313,0.3455037074930813,0.7808432505251872,0.4383299886954026,0.7682840236339701,0.583652321693962,higher,callo_253.png
0.6932424509432678,0.6938541168546328,0.8103226705646829,0.2655402857071777,0.8542525741637896,0.4368159584406536,0.850289207138717,0.6918480113734231,higher,callo_254.png
0.8354201700905814,0.3370966983070449,0.3591094076728613,0.3272688438086434,0.785291778868979,0.5018979563937975,0.7004530423564876,0.6469969978840728,higher,callo_255.png
0.7662356851430174,0.3710977542487186,0.4072391742899894,0.2457312636993725,0.7916897017501361,0.502965373896548,0.6989124213949963,0.6778309768318933,higher,callo_256.png
0.6762972899775459,0.5607149505730902,0.7393356117069083,0.30475721743841,0.7315799663332077,0.3506745212326961,0.7015301514704948,0.598417755475027,higher,callo_257.png
0.8087429822562648,0.2905599357480932,0.3644098034293923,0.3343779311468444,0.8213090875711972,0.5925473892436834,0.7713853860514628,0.673657198056875,higher,callo_258.png
0.7181801397750622,0.3911623349096853,0.4935335882656508,0.3703306214828897,0.8254148303356379,0.520411031684817,0.9302368510073774,0.785018657616982,higher,callo_259.png
0.4277329698032109,0.6744161624725424,0.8272484414843193,0.1122910846976571,0.8585362029048662,0.435458264313194,0.2484984332015821,0.3074425443384452,higher,callo_26.png
0.5003401114444999,0.5906248307315749,0.759630930075281,0.1034885093656582,0.7742360655127785,0.3943197241910361,0.4568794819592887,0.5475788946001743,higher,callo_260.png
0.74512996977499,0.743705682299896,0.8859989626969098,0.0762597788409366,0.8090953810063617,0.5020802753149425,0.3590829388525438,0.4152471878871753,higher,callo_261.png
0.623261042908301,0.4373932620738956,0.7600160933671722,0.0588294500530894,0.8922278659293221,0.487518959435091,0.4720273537481039,0.6079886831195154,higher,callo_262.png
0.6744301946613183,0.590259473653892,0.763664321165402,0.0168053947119586,0.81838934154624,0.3586921471955656,0.3715214649753073,0.5893664058039502,higher,callo_263.png
0.8859230937488538,0.4380178249217059,0.7091298744748225,0.0606340741868306,0.9045323109898012,0.6234264558170333,0.4490388710714562,0.587144829483937,higher,callo_264.png
0.6089938383447495,0.6128611870662384,0.8259127767255983,0.0331230714910075,0.7896588180873496,0.3720244931907027,0.2834375179575016,0.4857366355652828,higher,callo_265.png
0.5282109230568637,0.4513469193089314,0.5725237447070215,0.0977814716418457,0.8417676611299676,0.5135669108505247,0.4913173988602853,0.6082078347781439,higher,callo_266.png
0.7986998823922,0.5374508200396335,0.7458308645406693,0.0673570343700176,0.9227615555673436,0.5165748162698165,0.5246085691492072,0.6500234920242416,higher,callo_267.png
0.5381630827771104,0.367887679031083,0.4926795708773099,0.05792889588391,0.8291530866392876,0.5155938327651151,0.5078567085924989,0.7596106465505629,higher,callo_268.png
0.7668660518110202,0.8014255234918846,0.9142001482450884,0.131252985249471,0.7848968715886078,0.4204261563034529,0.4177853870150354,0.4564644349809764,higher,callo_27.png
0.5677922439824592,0.6152234511284957,0.7457095491018471,0.1392362477392221,0.8954155976723621,0.4605092779348786,0.5644461205151998,0.6139591473524056,higher,callo_28.png
0.1703192342199928,0.5407354676480789,0.3233796403316551,0.1457202794226979,0.8210922259375901,0.4346237145621064,0.6504534033228083,0.6623786537759212,higher,callo_29.png
0.8564917590743697,0.3032722198873097,0.5365791056169669,0.0987884436458785,0.9066598523998032,0.5936421523337287,0.6312026074487397,0.7619909173800206,higher,callo_3.png
0.6225016781022883,0.5340002835619002,0.70440438947426,0.0968699115127154,0.899041484153547,0.5327505773811352,0.6614893501821121,0.7073671300541978,higher,callo_30.png
0.3215801986986975,0.5819831471485704,0.7317039342311575,0.1438052734873185,0.8558139661422892,0.488205479846479,0.591801573735016,0.6034196313406733,higher,callo_31.png
0.8417651708293181,0.3747623260256354,0.4618461835000573,0.1147802946646751,0.8789533235745446,0.6301590150106973,0.6558821068343745,0.8117802540443638,higher,callo_32.png
0.6647640069732672,0.7832855226588455,0.6812387525178261,0.1583773693255603,0.8146373750414422,0.3821128067612328,0.5288234233106739,0.4986042472348807,higher,callo_33.png
0.7895437661078448,0.8118115160275832,0.7235920787497829,0.1361926795382841,0.8237511091955971,0.4382358354647397,0.5613514120403055,0.4688730626876096,higher,callo_34.png
0.6989571753294821,0.5081046787476793,0.6941903398196863,0.0860341523272385,0.923887059752238,0.6027254389368828,0.5286487841757812,0.6732628021062265,higher,callo_35.png
0.379496346765461,0.8201151266977691,0.8779658685366651,0.1346277614295578,0.9007516284326988,0.3886948042365209,0.5161392394301837,0.4449059937107936,higher,callo_36.png
0.4956584922137401,0.6240311419225715,0.8104428426445409,0.0979216463089479,0.8092247986340668,0.4319432052908882,0.5724442165663576,0.6139793631236296,higher,callo_37.png
0.6201800910156241,0.5244282042749364,0.6787103505484422,0.116070469249082,0.8213008487549631,0.4262361023268903,0.5496061512610757,0.5805936365389379,higher,callo_38.png
0.5678488040987564,0.6934101149976521,0.7426432000729006,0.1377623296507953,0.8094411775918773,0.4415418617385619,0.4575664769260521,0.4824353873316669,higher,callo_39.png
0.7445669762893867,0.6747642237840303,0.7667931181546661,0.122174748742129,0.8077211108136675,0.3979773870971752,0.5755966776577934,0.5762476492732119,higher,callo_4.png
0.4483593883532883,0.4717527064289497,0.7951694269233274,0.0564855016545716,0.7918925272154529,0.4053688107183704,0.4143727088718689,0.5973587574866591,higher,callo_40.png
0.8061763802424746,0.4505892307392811,0.7004091619372412,0.0920689525784775,0.6722372860982668,0.3270713651639306,0.3524926941717726,0.505648158702633,higher,callo_41.png
0.1372109633820572,0.5839252182989076,0.7766496465134411,0.1270476228272664,0.7907564774668581,0.3961970519012692,0.5448657432024624,0.5686521826919106,higher,callo_42.png
0.3683423305367815,0.5875594936410284,0.8106009613036811,0.1085172705352355,0.8120746596810928,0.4054920489215082,0.5598814716981453,0.6041747423023953,higher,callo_43.png
0.8009111634640154,0.5038287536995301,0.7202884791088551,0.1615207721638897,0.8693236204047028,0.4737924644955201,0.546574982300415,0.5488785301125231,higher,callo_44.png
0.7169780408365465,0.54095606285406,0.6315377298973179,0.1036051868248899,0.7664404161875567,0.4039657712383372,0.5480701996266638,0.659970282911367,higher,callo_45.png
0.5237865833710789,0.6691475334615742,0.7140246595645499,0.1866396750776243,0.7767770820635014,0.3537788169885626,0.5504506356038273,0.5449712421470961,higher,callo_46.png
0.490196375542671,0.5482399673607261,0.7980128914814788,0.1133298470589929,0.8106496861799846,0.3908959891934045,0.4399672025908318,0.5057083772282669,higher,callo_47.png
0.5705528730399703,0.5283564010094899,0.5329355913039175,0.1142136767322708,0.8158435119914094,0.4218655246832744,0.6097995023369205,0.6888087755800181,higher,callo_48.png
0.5805309507812177,0.4354380226598326,0.7001269376405608,0.178312453798615,0.8411034690170771,0.4830180551095329,0.5817080787751878,0.5854830423055107,higher,callo_49.png
0.4263335535529862,0.649905584030213,0.731065884812145,0.1476170855543591,0.8191954891573117,0.3028616495992574,0.6457411551250959,0.6054910789316332,higher,callo_5.png
0.4415649291840138,0.6112357893464015,0.6459018889478567,0.1447800745052372,0.708376403800616,0.319672302157013,0.5350167594311164,0.5532268738095867,higher,callo_50.png
0.6392957573157927,0.6010313703899179,0.6129226860777026,0.0883316199258897,0.8136249623353149,0.4021412263396241,0.4796559154462017,0.5672894291302604,higher,callo_51.png
0.6302178863304508,0.365232375261489,0.5289817407238844,0.1359984274089109,0.8559867735162969,0.6231317535817709,0.5254879946210173,0.6388082300708963,higher,callo_52.png
0.3371380505059555,0.2936851773350291,0.414385010825393,0.0973538847189,0.8201906149551292,0.6057831686588462,0.5213595640208676,0.692481035092026,higher,callo_53.png
0.7670585512676731,0.5110987831506444,0.7849226931736608,0.1836783586846141,0.842474101350176,0.4983916523231386,0.646752560647304,0.6474944953095148,higher,callo_54.png
0.499622087564317,0.5442766626477944,0.7742458397807752,0.2513805566029026,0.9006580536679873,0.5418922964501665,0.7402419181794436,0.6448005486293725,higher,callo_55.png
0.7585845382076886,0.5211366069764918,0.6381421718962026,0.2076960452960035,0.870792704092942,0.4929291424313367,0.6724372649385297,0.6116296980627962,higher,callo_56.png
0.3550489951226704,0.5938852029829045,0.7060711867722562,0.218943804066197,0.871983980700747,0.473396115632986,0.7692334636215697,0.6366950710157452,higher,callo_57.png
0.7624930616894183,0.7017239759073441,0.8774461380334879,0.2162542447898312,0.8901266766955431,0.4600539733771295,0.7105621069121277,0.5656666673886425,higher,callo_58.png
0.9131123713396548,0.5603360628088621,0.6546326333697712,0.3212550072390432,0.7315261937121162,0.4002049994327884,0.5211492108552673,0.3991928785253856,higher,callo_59.png
0.6941260835818062,0.3349897373945882,0.5489201428556596,0.0947453814907438,0.9065905755193028,0.6317531749455976,0.5770371175536835,0.7233907842330806,higher,callo_6.png
0.7955639935819634,0.6093941192338819,0.855830868208568,0.195805867926656,0.9072830904395072,0.5152106507299141,0.6490662768661628,0.5052362587679208,higher,callo_60.png
0.5915349416890312,0.7057024148374436,0.736990803839191,0.1319309308818274,0.8691737612261483,0.4313923686795735,0.6359749056013079,0.6060289313797075,higher,callo_61.png
0.6167398680005862,0.8333190188673256,0.8505052792893559,0.1918388784404035,0.866834928775154,0.5089008964002024,0.6248937860917049,0.4563497341243875,higher,callo_62.png
0.7516630091103282,0.7186740630976209,0.8049251210991148,0.2723342918014234,0.7716118565636068,0.3745790808723559,0.7079117379565623,0.4703477275739628,higher,callo_63.png
0.4089461820755684,0.7057132720427208,0.6835251033705092,0.4032802253397832,0.6803649455792518,0.3359426563685392,0.7271126020619959,0.4172389211709704,higher,callo_64.png
0.5610420834467211,0.6126415637675091,0.568704972545395,0.3493236854779897,0.7829111034846181,0.3964715008725263,0.8749633582824904,0.6081398872512236,higher,callo_65.png
0.6712875195625765,0.5578658608998341,0.7096796928976976,0.3341093013860796,0.7703855503792609,0.4130076687907944,0.8406046567956599,0.6139133801314689,higher,callo_66.png
0.6101308602073838,0.6460415634287167,0.7326466644645122,0.2544895151371361,0.8087511143752195,0.4013999173487248,0.708759952633049,0.6067915254521965,higher,callo_67.png
0.8207280863424784,0.5961206156614656,0.7502665189455919,0.2057748648131794,0.8540157911539179,0.4324431182602346,0.6197567379142653,0.5431489390730236,higher,callo_68.png
0.8967049993773708,0.5199761451977161,0.7134270128217539,0.3242728358218476,0.7556496522557041,0.452802504902412,0.6412730218003281,0.4896745573009879,higher,callo_69.png
0.5203906773660072,0.7274975066398222,0.5857315771892426,0.334040309161925,0.6929979863733782,0.3008753558188664,0.8141675960042191,0.4949764669548214,higher,callo_7.png
0.676186641096975,0.5580391640416407,0.6293560500972872,0.1994778040526867,0.8700291826692474,0.4936046243780463,0.7185485227159666,0.5756896518244731,higher,callo_70.png
0.3869423079953044,0.5255546184965432,0.5449619102696914,0.2639910957246763,0.8425109618863198,0.4458316343916894,0.6945030842871465,0.5367165658878065,higher,callo_71.png
0.5056223459446565,0.5538522434295772,0.5670776104221069,0.2601502086758586,0.8022248169787054,0.4304456204954014,0.7530039960411549,0.6702247171027422,higher,callo_72.png
0.4938224988465419,0.3958988276738451,0.4213794989314869,0.2528854932816505,0.8079333314052457,0.465041084801706,0.6934493921225303,0.6685549089637166,higher,callo_73.png
0.5430446010878853,0.6609227391581887,0.7558261666798327,0.2437526512940654,0.8124497745411619,0.430541674720742,0.6409061365126175,0.5281603942674303,higher,callo_74.png
0.9126609911659556,0.2852797180721924,0.5636470963757771,0.3461645503206849,0.7510591703022658,0.5162404936445433,0.7029172497181553,0.585488318158994,higher,callo_75.png
0.738029920556956,0.4148036436491977,0.5434106511783798,0.2628970609203165,0.8039514993116024,0.508133598631811,0.717228586386807,0.6258596316912931,higher,callo_76.png
0.7669595718652382,0.4966008635415384,0.8636360409145816,0.2259454666278292,0.8425211795163499,0.4163953716316539,0.6726802720959513,0.6121155740425938,higher,callo_77.png
0.4773580745630248,0.467888501884137,0.50023687540324,0.2541234708910049,0.7393184043534027,0.4250647487540626,0.7789814271263288,0.7188584773283633,higher,callo_78.png
0.5679615679618362,0.392420220523419,0.3819452536991545,0.198121173432284,0.7325566784439888,0.3875065499671205,0.731258504312879,0.7549293678375311,higher,callo_79.png
0.4510935938260909,0.7454430499534745,0.916779196114104,0.237659082938735,0.7789828834750177,0.4152236988789218,0.432914516724748,0.3854002296803837,higher,callo_8.png
0.7390856712515745,0.4840340376043301,0.6469751089893758,0.1189550440670637,0.697009979977969,0.3531914877889811,0.4591561105333863,0.5572799876161567,higher,callo_80.png
0.5123301508430655,0.4410098027417348,0.4848129027179999,0.1914525605011184,0.7849191757314515,0.4424455964255893,0.6255657003393618,0.6215023869848878,higher,callo_81.png
0.7093643867953925,0.3212670924740335,0.4912456733379511,0.0874523820218869,0.7795687081494282,0.5528644511999627,0.3960007826738004,0.5498945002591288,higher,callo_82.png
0.6619103074733632,0.5222147355127869,0.6335843846384088,0.0339360214581218,0.8559306931741388,0.4303542018540766,0.426959389773434,0.5889615806787025,higher,callo_83.png
0.8244670641086427,0.3635373869773888,0.5689044555539857,0.0108595543905335,0.8998683058320451,0.5310423965635327,0.4936584014088682,0.7606872314832044,higher,callo_84.png
0.8495873191577041,0.3204726527716353,0.5675278298805624,0.0096025334355539,0.9003290539262756,0.5868580434973922,0.4110798547999915,0.654241349899834,higher,callo_85.png
0.6761447824450941,0.4286088230312233,0.4927144660525471,0.0571043550453772,0.8460483348452854,0.4974635934269729,0.5076182605035328,0.6585922708897309,higher,callo_86.png
0.6544685476307543,0.5180048135537749,0.6789269764540549,0.0280192640917111,0.92352745366878,0.4830318023217799,0.4749477312321664,0.657396669639031,higher,callo_87.png
0.4724238924181739,0.6992391531611841,0.6800747013614294,0.0591781077652883,0.8672179634010275,0.4430545294272466,0.4101646103524762,0.5013199129729573,higher,callo_88.png
0.3577931603049563,0.6947282781960418,0.4828885401387164,0.1305744642128785,0.7721543984543446,0.4212925444996602,0.5560786045211114,0.5423825529423688,higher,callo_89.png
0.3530230689361927,0.582209700713304,0.336564422395561,0.329144935934891,0.6721425244039083,0.3190223087094621,0.8797436768449295,0.6497642340861565,higher,callo_9.png
0.7489749175445786,0.6074757854023431,0.7859225589623806,0.0252774766908787,0.8834173544534805,0.4584847307818783,0.3262317480131461,0.4972973168724816,higher,callo_90.png
0.7859331190957441,0.53312691991072,0.6633410857165185,0.1487091622153006,0.8526930619212134,0.4272321897474163,0.5403671208035904,0.592884722732968,higher,callo_91.png
0.5660170934966569,0.6565345813816612,0.8132925746813937,0.1468524989983756,0.923594147182938,0.5208829192810667,0.4123389485865265,0.4062165787098423,higher,callo_92.png
0.5884091831468767,0.5718798647557051,0.692162471610303,0.1375513515343957,0.8310717620804944,0.4220377436205763,0.5268267620186001,0.5833327116330909,higher,callo_93.png
0.3750216410017388,0.5696900305897563,0.6411461080319469,0.1360850909704543,0.8629357021025266,0.4930048237959963,0.5044528286175419,0.5708603597625102,higher,callo_94.png
0.470664878691811,0.4976065146575545,0.6249362037868942,0.1601438465130728,0.8872162897848983,0.5264770279207389,0.5778648825802953,0.6165503446547194,higher,callo_95.png
0.3750584819799947,0.6448685477264684,0.7358226984293423,0.2051626003963752,0.9137900664329464,0.4341760857314725,0.6212109124426236,0.5855452088311573,higher,callo_96.png
0.6380074054629541,0.5385476389428043,0.6782243306670714,0.1825468264974903,0.8341663692359029,0.4570066536654059,0.6003587868749444,0.5930929339822114,higher,callo_97.png
0.534958360236317,0.2982789838606983,0.4810382392625318,0.1386386337237014,0.984692508954686,0.7873258355941346,0.6043927227159305,0.7240022584283233,higher,callo_98.png
0.8308604260863524,0.5915681891855744,0.7133099539326069,0.1577844389191738,0.8304862269211131,0.429959615083512,0.5195858808286289,0.4887170933619853,higher,callo_99.png
