mean_magnitude,std_magnitude,low_freq_magnitude,high_freq_magnitude,filename,label
-0.6750687427085327,-0.7898589506715267,-0.8970210015927284,-1.099034013789585,callo_1.png,smaller
-0.33267397610102295,0.42145692571622745,-0.08763986204642692,0.12873612694261355,callo_10.png,smaller
-0.7262026083401179,-1.157137735652821,-0.8824152886921012,-0.8765477824861744,callo_100.png,smaller
-0.6248060874618486,-0.8168657126964717,-0.4905064133254251,-0.49061759924438186,callo_101.png,smaller
-1.3174483555266483,-1.6443625310897252,-1.4289064772451747,-1.326236592156915,callo_102.png,smaller
-0.9808587317817556,-1.1630690809135078,-1.0742893708031327,-0.9970535699289893,callo_103.png,smaller
-0.624484939264711,-0.44307080653863795,-0.5523736503744144,-0.627475506133345,callo_104.png,smaller
-1.4093716023825216,-0.9986032109659171,-1.5021942899717684,-1.4066701510627404,callo_105.png,smaller
-1.1699969532093288,-1.1724621349908395,-1.272555773326914,-1.3681862697960148,callo_106.png,smaller
-0.797694191100185,-1.208506880034623,-0.9847710594474692,-1.085663434186232,callo_107.png,smaller
-0.8048000383295317,-0.49351894321271905,-0.9747677310126064,-0.8487515797772043,callo_108.png,smaller
-1.347752130382026,-1.2417412278307551,-1.3006951757857914,-1.3216865249248366,callo_109.png,smaller
-1.0056444828548237,-1.466365598080605,-1.0943708081437613,-1.0795099131243855,callo_11.png,smaller
-0.513660773826754,-0.06791380800669079,-0.3615635012577167,-0.24747984814071325,callo_110.png,smaller
-0.30764767174409036,-0.6629483865091386,-0.36088387890200735,-0.3728212475806973,callo_111.png,smaller
-0.3018867477834956,0.3707124390339256,-0.243322057503002,-0.23762902266934274,callo_112.png,smaller
-1.0329212823290943,-1.069101946510742,-1.0518468604862046,-1.0737565341907316,callo_113.png,smaller
-1.0373912239414738,-1.2849347105420494,-0.6790868370326751,-0.7808110506468893,callo_114.png,smaller
-0.9051041855755617,-1.1588977648628573,-0.9211314594830529,-1.02406134705171,callo_115.png,smaller
-0.05455149196818735,-0.5330984531757204,0.026205731661927443,-0.11955845277932232,callo_116.png,smaller
-0.5920712820801891,-0.2875121835264751,-0.730270755184154,-0.7373183269675554,callo_117.png,smaller
-0.9193796450340018,-1.1047896430473672,-0.668812388449143,-0.6969484892893824,callo_118.png,smaller
-1.8731308919197676,-1.5620215423769868,-1.821423791347495,-1.7949000506568782,callo_119.png,smaller
-0.9106324698079927,-1.469768260328243,-1.0017931748669564,-0.9451394043518877,callo_12.png,smaller
-0.2276214686485126,-0.10475916680139856,-0.06147803648101633,-0.2230584827671511,callo_120.png,smaller
-0.03430927819094661,0.4693766477138947,-0.09802844783033586,-0.2786474188503574,callo_121.png,smaller
-1.3301111659248042,-1.1186617440067348,-1.4587934910977411,-1.4293263600280135,callo_122.png,smaller
-0.6852133314874135,-1.2106278188121424,-0.6146659144116712,-0.6587844792370736,callo_123.png,smaller
-0.5140258750938269,-0.23279857375479368,-0.42680764551685885,-0.42546920492182205,callo_124.png,smaller
-0.4517520239163338,-0.16164443135983775,-0.4232969326229206,-0.3181247935411085,callo_125.png,smaller
-2.0034507883883164,-2.2074391696144025,-1.8312901817616156,-2.183050974146567,callo_126.png,smaller
-1.3849348770813716,-1.2017450719069782,-1.1381518957045278,-1.1148009597255115,callo_127.png,smaller
-1.7293918428254738,-1.6370033096921202,-1.6331096996539716,-1.728931171683242,callo_128.png,smaller
-0.38589780911655014,-0.17328040529269684,-0.299946629225833,-0.5154551487890315,callo_129.png,smaller
-0.6952593400063511,-0.8686329708681758,-0.6009961635085935,-0.6665004589452471,callo_13.png,smaller
-1.6257305116387855,-1.2914793233951982,-1.5134908391258413,-1.569877013304364,callo_130.png,smaller
-1.036840711645227,-0.6088559664951279,-1.0751624348076922,-1.0825212296289692,callo_131.png,smaller
-1.1239755389268784,-0.7296531797960039,-1.1562579461825946,-1.0744506835260939,callo_132.png,smaller
-0.5867334184923186,-0.33079521047620647,-0.5807526337739183,-0.6600081128630211,callo_133.png,smaller
-1.3926435927841658,-0.9624694016571076,-1.450136236754352,-1.3452098926109293,callo_134.png,smaller
-2.4574932376859357,-2.3497749819727476,-2.357135957452586,-2.5439322963429953,callo_135.png,smaller
-1.3086003924575815,-1.1502121573179382,-1.075279436525405,-1.0985803974492534,callo_136.png,smaller
-0.586302850295081,-0.4933630494742587,-0.31566768587374305,-0.35726167870240055,callo_137.png,smaller
-1.3997281868145193,-0.871490747543417,-1.1885516184587523,-1.1386422886543253,callo_138.png,smaller
-0.29058583685025363,-0.6290234623651363,-0.32178807221665745,-0.40748863347801595,callo_139.png,smaller
-0.6753891467647887,-1.0712306019673017,-0.39902503373008136,-0.467361606809012,callo_14.png,smaller
-0.6506046354093102,0.009303311105875515,-0.34236478625493716,-0.3574188897095886,callo_140.png,smaller
-0.9837103204962055,-0.9687317149982387,-1.066921127228404,-0.9962104203566671,callo_141.png,smaller
-0.8529114051513693,-0.1664469718145447,-0.7356472022916444,-0.7603573778481938,callo_142.png,smaller
-0.7693047812886388,-0.29355050625741164,-0.8745169058751808,-0.6315934089922626,callo_143.png,smaller
-2.025911610407207,-1.7817790437020116,-1.8715061520251268,-1.9463802924813898,callo_144.png,smaller
-0.781098945947602,-0.5947851162221511,-0.6443256988470034,-0.7088288662539308,callo_145.png,smaller
-1.252975787426821,-1.1558623840005275,-1.1924650054463786,-1.2159910404695218,callo_146.png,smaller
-1.1593919477812422,-1.2910693574769505,-1.0473152249531268,-0.9253074534398671,callo_147.png,smaller
-0.13722621792701703,0.3633217589768825,-0.17179122111154393,-0.22679563441523018,callo_148.png,smaller
-1.3757632938264635,-0.8724785055280552,-1.0907140957220618,-1.1446240096969014,callo_149.png,smaller
-0.08873914063278812,-0.8220799220647355,-0.0903597373319894,-0.08773324390015694,callo_15.png,smaller
-0.8054533156967475,-1.9487960651859426,-0.5624312260783304,-0.6685436003726068,callo_150.png,smaller
-0.828394569501509,-0.487062185923264,-0.9423400813556582,-0.7540967513605217,callo_151.png,smaller
1.2329910193129452,2.005565245595516,1.544315706146287,1.3602965042020763,callo_152.png,smaller
-1.4356016338137993,-1.1999765740514787,-1.3819014379907881,-1.315401822101367,callo_153.png,smaller
-0.6650980978300416,-0.7490820020550509,-0.7294591602031149,-0.7407346297449778,callo_154.png,smaller
-0.6457946719998356,-0.7942325927076015,-0.4413588238164055,-0.4733581387519592,callo_155.png,smaller
-0.3326193657864098,-0.3972351116492499,-0.23071587824450215,-0.11875495846372183,callo_156.png,smaller
-0.21756894856105666,0.00212463534797776,-0.04953052914427669,-0.05981648404766691,callo_157.png,smaller
-0.4093174493729913,0.4428689555936074,-0.1885901850310179,0.07975640474311735,callo_158.png,smaller
-0.3943646741633253,-0.21974941906312154,-0.08706350750129818,-0.06293183500122024,callo_159.png,smaller
-0.5870439883769621,-0.8400718723683042,-0.3980947753559396,-0.5555703407456843,callo_16.png,smaller
0.2640608044208812,0.8223240960325139,0.054377030052294655,0.25806753833471774,callo_160.png,smaller
0.1322098128739645,-1.236413971122874,0.4221717161293402,0.45600522154380413,callo_161.png,smaller
-0.32134436691357915,-1.3798804391307484,-0.39633031921515155,-0.25195049274192777,callo_162.png,smaller
-1.162237038662164,-1.8132352881533416,-1.1400435991669418,-1.212413795828805,callo_163.png,smaller
-0.8835344930802181,-1.0980691814334291,-0.6200578826415901,-0.75732949971853,callo_164.png,smaller
-0.10112524668203793,-0.6823395723781668,-0.13727515153155864,-0.23389177143132947,callo_165.png,smaller
-0.7951259330434054,-1.3245006478702293,-0.6769846635027343,-0.8491772926452903,callo_166.png,smaller
-0.570946515995029,-0.3724375245056833,-0.2552218472412309,-0.26778924826874806,callo_167.png,smaller
-1.4107767832481009,-1.5094882142219168,-1.5049485850726272,-1.5088269729951806,callo_168.png,smaller
-0.9575212095275571,-1.167774050100244,-0.8010279538770031,-0.8282449121450218,callo_169.png,smaller
-0.4094342227216574,-0.7105703270281123,-0.2582962566070093,-0.2885926143634802,callo_17.png,smaller
0.5831954889015872,-0.07434099150749693,0.46384513282890877,0.636841079136389,callo_170.png,smaller
-1.0730991393579632,-1.4841467321356323,-1.204526421245022,-1.2014808890217252,callo_171.png,smaller
-1.576817145686224,-1.800316639817268,-1.5378368035303083,-1.4826143661435527,callo_172.png,smaller
-0.4319716504874966,-0.7612781428923399,-0.18348344275443304,-0.36462326093892267,callo_173.png,smaller
0.5192951689801576,0.5776135493972037,0.8180957057152778,0.7936768036114087,callo_174.png,smaller
0.31377373588805707,-0.31642757213267253,0.6809450839979523,0.6160067380283502,callo_175.png,smaller
-0.11547671142561196,-0.5203814489556496,-0.14560523242604112,-0.1418411297467142,callo_176.png,smaller
0.3529923652055825,-0.5084532262004466,0.24237786238429584,0.1247381959472909,callo_177.png,smaller
0.045651532035669455,-0.5079224601520214,0.6464694540101745,0.5297531099011081,callo_178.png,smaller
0.48752913768333533,-0.2627661440887081,0.710470282476745,0.5346773807198014,callo_179.png,smaller
0.07895416679823994,-0.337401230734504,0.19617774599502072,0.174742081559182,callo_18.png,smaller
-0.47488602874252767,-0.37995076525894156,-0.3439320314031133,-0.1594050065802449,callo_180.png,smaller
-0.3656465533460553,-0.269990666624701,-0.31746741230652586,-0.2749242412086363,callo_181.png,smaller
-0.9799056417548256,-0.6944979202757516,-0.9233230672304161,-0.820951305789141,callo_182.png,smaller
0.5812341927319608,0.5266330300010387,0.39930056677439835,0.5983454015320324,callo_183.png,smaller
-0.8088398911629731,-0.6963413025437932,-0.7091596749030424,-0.6953417267675526,callo_184.png,smaller
-0.5504847500840387,-0.5990261328512839,-0.6019921855310552,-0.49673770258275785,callo_185.png,smaller
-0.25595516026421616,-0.27572527038789746,-0.43917687034392966,-0.39307644291632354,callo_186.png,smaller
-1.250204296042722,-1.4176310100837441,-1.2270704626445443,-1.3069224280590643,callo_187.png,smaller
-0.39280144852467824,-0.1692177919526156,-0.42476245472189544,-0.42762499539413956,callo_188.png,smaller
0.07595664659657286,0.05841038394460207,0.18047354682404468,0.08305715955716578,callo_189.png,smaller
1.4088587644489645,0.27638652306116235,1.4568578552683018,1.2311628357781537,callo_19.png,smaller
-0.44343741653663016,-1.166468964712022,-0.42344429933032357,-0.4637207792860159,callo_190.png,smaller
0.5102715244600732,-0.26338141691239386,0.582942696994642,0.394592053148452,callo_191.png,smaller
1.0758860158950239,0.012069736354624093,1.3498836024517766,1.2552058201507752,callo_192.png,smaller
-1.0520219136026445,-1.5988876116222996,-0.9544450850399351,-1.070820451902092,callo_193.png,smaller
-0.12390839844739601,-0.3648763164818787,0.2246315778912132,0.10384246379121921,callo_194.png,smaller
-1.7460557365149714,-1.716343853129059,-1.5557342245194143,-1.4336474060479312,callo_195.png,smaller
-1.6399585096255884,-1.8775559155277795,-1.4767097784644059,-1.7413331871743882,callo_196.png,smaller
-0.8627089622951705,-1.2911050197259442,-0.6954244193974101,-0.7215236983859338,callo_197.png,smaller
0.6483867726225447,0.46269916394147337,0.6435520911560209,0.6867512179763442,callo_198.png,smaller
-0.8961834830602582,-1.6115217833441768,-0.6839049869761609,-0.7977746488610407,callo_199.png,smaller
-1.3507011369526443,-1.4098517270723165,-1.2325837393689185,-1.4137638090557199,callo_2.png,smaller
-0.49413551372323855,-0.9301666348546171,0.007755047788514509,-0.2165675266187455,callo_20.png,smaller
-0.8844364512158902,-1.420072225736742,-0.6724782242198122,-0.6834913368676071,callo_200.png,smaller
-0.88792793025725,-1.4724065051070834,-0.4772830312720308,-0.811644289890708,callo_201.png,smaller
-0.4618978689132177,-1.1466101140522016,-0.168265832839012,-0.37645059868175523,callo_202.png,smaller
-1.3876108001112708,-1.580094628743296,-1.3099705970701423,-1.345126270244182,callo_203.png,smaller
-1.2818939940456011,-1.816097468539706,-0.9309581827802376,-1.2333993907151288,callo_204.png,smaller
1.3287571535873943,0.1218234670614349,1.4041376926835538,1.1463740068299373,callo_205.png,smaller
0.08967771624753847,-0.7079464685044953,-0.15006347970349382,-0.217005950762108,callo_206.png,smaller
-1.3624209658820876,-1.7063922208816416,-1.3601585943817787,-1.4104887150413383,callo_207.png,smaller
-0.17273385378062242,-0.5446156728435768,-0.0857405780449697,-0.19198994709166983,callo_208.png,smaller
1.7752168445429086,1.3047167990729753,1.8330149128938087,1.711227885645878,callo_209.png,smaller
-0.8232239861797681,-1.097469707516603,-0.9585754569357342,-0.933573669260129,callo_21.png,smaller
0.46481127056904503,0.31956382051342924,0.0484074793986039,0.010892183449536918,callo_210.png,smaller
0.7064369591882644,-0.014142957094138004,0.726531783604443,0.6298041700562295,callo_211.png,smaller
0.18609132945959242,0.005811400157603672,0.19926288275243834,0.20779979220551364,callo_212.png,smaller
0.08537997053379003,-0.7455238358348397,0.40224326898075297,0.37406758995536826,callo_213.png,smaller
0.14068707533300356,-0.1835604677255032,0.05867342861495795,0.15840263187352702,callo_214.png,smaller
-0.28870341462409055,-0.28512671020923314,-0.8834432816859513,-0.6215752642294213,callo_215.png,smaller
-1.456890345021948,-1.9302998829263744,-1.5131296703982335,-1.4373245746013006,callo_216.png,smaller
-1.1759272865058488,-1.3515378247899288,-1.0173886059298278,-0.9526432344041265,callo_217.png,smaller
-0.14059557489648997,-0.354581899084745,0.3238133003376946,0.3706303423363977,callo_218.png,smaller
-1.3586604634298127,-1.3847187816746105,-1.1351951373841722,-1.1429060421738637,callo_219.png,smaller
-1.2396998282696867,-1.8279360614253881,-1.0935434407093672,-1.2062046422779644,callo_22.png,smaller
-0.3416611305659798,-0.04605104745589617,-0.38539488648167564,-0.36529269076119075,callo_220.png,smaller
-0.6787846663085244,-0.5557665695006699,-0.49485724344700666,-0.43368633200271645,callo_221.png,smaller
-0.9724415901865012,-1.1062511795693089,-0.6530888927191781,-0.809639286292632,callo_222.png,smaller
-1.438599767302973,-1.3851446758599484,-1.13073753160006,-1.2572689716761603,callo_223.png,smaller
-1.110276364932352,-0.8265138217980524,-1.0998684367079083,-1.081612198840844,callo_224.png,smaller
-0.21324760453032932,-0.19040717841708543,0.1437546603501361,0.046476279119724545,callo_225.png,smaller
0.09669032976340056,-0.19135557696972222,0.16496391519848425,0.1697247650993115,callo_226.png,smaller
0.36029830234570415,-0.02235632605430034,0.7993573915375878,0.6896618222604252,callo_227.png,smaller
-0.7176317694004019,-1.3549288306401357,-0.9770726409494509,-0.7799347171057264,callo_228.png,smaller
0.18603075026059035,0.029339629881079493,0.21106324103273927,0.21685199449571207,callo_229.png,smaller
-1.149934891435146,-1.5181952212556369,-1.2030504672962337,-1.1869448452628653,callo_23.png,smaller
1.3071945503248503,0.8650133754357464,1.2327051870025052,1.1551757409083292,callo_230.png,smaller
0.387740145703714,-0.16140220383279721,0.09087780147236303,0.4402992866296838,callo_231.png,smaller
0.9295075682840759,0.3641370054503848,0.5785044047760497,0.7249220005358987,callo_232.png,smaller
-0.31573961994738287,-0.7112922430905169,-0.33326156448323985,-0.3858352493572278,callo_233.png,smaller
-0.4520471351384644,-0.7699377017818981,-0.34834398439450365,-0.4958751342220754,callo_234.png,smaller
-1.0148592840127666,-0.9551918724289364,-0.9442141778489042,-0.9892155631328096,callo_235.png,smaller
0.7596261880994535,-0.2776898547411583,0.5417576732329332,0.5364705664294653,callo_236.png,smaller
-1.128134843188993,-1.2337639944477643,-0.8220996983352603,-0.975868626772537,callo_237.png,smaller
0.03209470963142433,-0.7488911852822209,-0.2770438620334871,-0.4335293175532918,callo_238.png,smaller
0.2987051812718062,-0.08797877456965324,0.2601378774550481,0.3266873456125341,callo_239.png,smaller
-0.22807207524231807,-0.8111906142731701,-0.28362161819937237,-0.4145858753876301,callo_24.png,smaller
-0.055548955433841,-1.048453608375619,0.3834236607196157,0.07320346434913315,callo_240.png,smaller
-0.4017364917309586,-1.1590083633752235,-0.41171638068136546,-0.3405105204806645,callo_241.png,smaller
0.249107013822796,-0.08995456379671674,0.2289402613002865,0.18501998339219747,callo_242.png,smaller
-0.779959713131896,-1.220221254795979,-0.6817576912459098,-0.6797769048131109,callo_243.png,smaller
-0.6505764495488716,-1.0954187697923807,-0.9144116529936591,-1.077034249223567,callo_244.png,smaller
-1.2974219681875958,-1.5022414475435955,-1.452532420128978,-1.5462457637196028,callo_245.png,smaller
-0.7269966096290752,-1.1097791157011774,-0.5642656705178024,-0.7553674986009893,callo_246.png,smaller
-1.3586984723149682,-1.5185768094018925,-1.3565962572571575,-1.525095055507959,callo_247.png,smaller
-0.4056952915426869,-1.0068104052231397,-0.22421320121829785,-0.3228424359848393,callo_248.png,smaller
-0.7194792130676927,-1.07841846499265,-0.9214953803477562,-1.0462009808025559,callo_249.png,smaller
-1.02260347780187,-1.428541908014344,-1.0040232684012285,-0.8140595120303629,callo_25.png,smaller
-1.2868080435842066,-1.6204849266954906,-1.3065697387265633,-1.1878233253347805,callo_250.png,smaller
-1.6823997851703774,-1.921673235906819,-1.6733274004218994,-1.6593702901594176,callo_251.png,smaller
-0.9470342878275213,-1.3235082717790991,-1.1765926839313903,-1.212127842546545,callo_252.png,smaller
-0.4658788160031035,-0.6694800498334383,-0.7627426036441459,-0.6543622083282261,callo_253.png,smaller
-0.320341285989844,-0.520993820909631,-0.5745796346912313,-0.39982342164885926,callo_254.png,smaller
-1.0961722670349379,-1.0903513683603347,-1.0784412091199673,-0.9125323968702856,callo_255.png,smaller
-0.7713523250629073,-1.1107904434358067,-0.8069955223419476,-0.6559579102349811,callo_256.png,smaller
-0.5275151805350433,-0.9272478701297672,-0.39616102716416707,-0.3591811244793065,callo_257.png,smaller
-1.185612608896975,-1.400982487628333,-1.089927371808056,-1.014433719395433,callo_258.png,smaller
-1.0273918074399406,-1.0171532776262724,-1.4329374457554802,-1.3470704269595777,callo_259.png,smaller
-1.8018414467357649,-1.9679154117218296,-1.714273559598594,-1.9638934086881363,callo_26.png,smaller
-1.5524483913047986,-1.6497125583561159,-1.6486427273439088,-1.7369014126506652,callo_260.png,smaller
-1.0038408865325283,-0.15423556198738148,-1.1384979298953297,-0.8966443894762207,callo_261.png,smaller
-0.9361141482531505,-0.16375117574419376,-1.0076265791595744,-0.8182306367409327,callo_262.png,smaller
-1.1222278566100348,-0.4575529995544305,-1.1669524485832143,-0.973956468647857,callo_263.png,smaller
-1.0209722049978673,-0.3226853180892798,-1.0607704255263224,-0.8773802005555295,callo_264.png,smaller
-1.6216836979960936,-0.9041599077528457,-1.7671878731251605,-1.6955894921228505,callo_265.png,smaller
-1.4167636462323099,-0.3255178428966356,-1.3805967442707787,-1.3390459012512814,callo_266.png,smaller
-0.9652948097919727,-0.1347129839084479,-0.8638204055800968,-0.8155973145225287,callo_267.png,smaller
-1.2399511629590378,-0.40882687629984654,-1.2314050311217233,-1.1683347702485718,callo_268.png,smaller
-1.7754685634675529,-1.3412714152508378,-1.9199825098621366,-1.780019286298231,callo_269.png,smaller
-0.5098262783087995,-1.0846067323942141,-0.09502987752325238,-0.2725756392374793,callo_27.png,smaller
-0.9468504545751203,-1.6717676763261924,-1.037483143036791,-1.232215609829457,callo_28.png,smaller
-0.17766803766434205,0.3694588688755409,-0.11150106465181842,-0.07736494538486559,callo_29.png,smaller
-0.2267038969840867,-0.4487606860088868,-0.5726901419470468,-0.5504705384181835,callo_3.png,smaller
-0.2915145023548276,0.4954642209024942,-0.08291990751485666,-0.1023082882665505,callo_30.png,smaller
-0.7393826284571401,-0.882637204731816,-0.41940841439498183,-0.4803291482685541,callo_31.png,smaller
-0.284798672048655,0.4694050560980193,-0.34733244211501185,-0.3534422992392187,callo_32.png,smaller
-0.3415136903509643,-0.009446158060353439,-0.24989705444035104,-0.3426916217827316,callo_33.png,smaller
-0.623116110202915,0.28439488525877227,-0.9076632496083168,-0.8310255616803086,callo_34.png,smaller
-0.19004447553280454,1.1788814684968196,-0.340518356162258,-0.1615265854316431,callo_35.png,smaller
-0.8941036371900479,0.17758364338072782,-0.9972519994990173,-0.7032708651646924,callo_36.png,smaller
-1.2706449749674962,-1.0014965518310952,-0.8679310846395838,-1.0416075751173468,callo_37.png,smaller
-0.7376723163125878,-0.23486951341761655,-0.9418856511411541,-0.8311120615278897,callo_38.png,smaller
0.11925911645981953,1.5640764184503915,0.18020821876795343,0.49889040776461857,callo_39.png,smaller
0.3464024051155136,0.22873387396115658,0.29721617649335297,0.22775938038012994,callo_4.png,smaller
-0.7548047092979177,-0.343453174735966,-0.7137161683529359,-0.49537466115846196,callo_40.png,smaller
0.018141350869963557,0.7870563333753802,0.03906250027564902,0.10887284691205922,callo_41.png,smaller
-0.7550259703583915,0.2595254794990261,-0.7931132059517896,-0.6688053901652383,callo_42.png,smaller
-0.15460870396806503,0.813455385187503,-0.31867736968666643,-0.201272328723862,callo_43.png,smaller
-1.021883400594243,-1.348550071388532,-0.7928227448982607,-0.6181463688228152,callo_44.png,smaller
0.017949160262821246,1.0844418038398926,-0.04679879738321591,0.10285697759078992,callo_45.png,smaller
-0.9397296135768807,-0.7020037858189127,-1.0101244871346167,-0.9383847733848958,callo_46.png,smaller
-1.1628613357341693,-1.1425380685175706,-1.1823740479449845,-1.1096884388742683,callo_47.png,smaller
-1.0342482240796227,-0.8627114393767791,-1.0377941168273785,-0.9056744071251508,callo_48.png,smaller
-1.159931638855386,-1.1113078207996743,-1.1577491419364112,-1.2112090308277605,callo_49.png,smaller
0.33166765365287126,0.17529136016448843,0.1908287707886181,0.3097347241018573,callo_5.png,smaller
-0.491493832751125,-0.48763722012759964,-0.3057752178908967,-0.37531958824098666,callo_50.png,smaller
-0.7844640799682076,-0.9613007912055509,-0.5345376382129822,-0.6227295848192598,callo_51.png,smaller
-0.7493617352262332,-0.43623840457684054,-0.8881971610328186,-0.9071495163168299,callo_52.png,smaller
-0.24222351290964858,0.13387901028305033,-0.030134188876472363,-0.0915771065103051,callo_53.png,smaller
-1.968968853066573,-1.9049574739134227,-1.9063796105126718,-1.8204603868683198,callo_54.png,smaller
-0.8506108432972772,-0.9649381151732279,-0.6323393683756449,-0.576516482848481,callo_55.png,smaller
-1.4796786657261107,-1.3849943396062614,-1.3757187403577291,-1.3922366503864492,callo_56.png,smaller
-1.316085214591165,-1.1633254973140197,-1.248134529122262,-1.177869838930783,callo_57.png,smaller
-1.487633763638471,-1.4595236744019968,-1.6464380745397467,-1.5423039914049517,callo_58.png,smaller
-1.369672597718525,-1.2616045876252588,-1.4412384763280612,-1.3567473494657685,callo_59.png,smaller
0.8445970879192894,0.5628355229209416,0.46924366489168906,0.38919897144972093,callo_6.png,smaller
-0.6927951018451128,-0.12057879504865097,-0.655325793778277,-0.5964742328285046,callo_60.png,smaller
-1.4801699035859748,-1.285072924651656,-1.6856294938900411,-1.6312076432670934,callo_61.png,smaller
-1.552381909196901,-1.6836327917559764,-1.2636680141167096,-1.4221469481054092,callo_62.png,smaller
-1.5171434598319748,-1.6717297906308712,-1.3712038752952282,-1.4968021548129398,callo_63.png,smaller
-0.4384674817817705,-0.6935971368333076,-0.42472999206189505,-0.36686495140960906,callo_64.png,smaller
0.042907936203343676,-0.2867496692642776,-0.02217232295888009,-0.1006502555649214,callo_65.png,smaller
-0.4469771599909761,-0.6750066187548017,-0.3696303840106954,-0.3961296696650309,callo_66.png,smaller
0.026200098092500478,-0.08063590170197565,-0.0622577800980645,0.19768891549011108,callo_67.png,smaller
-0.07904076521133051,-0.6829566917848473,-0.13376826832229072,-0.05356150050404543,callo_68.png,smaller
-0.6443474333358419,-1.2560763345302437,-0.6451457366863025,-0.7023502091634628,callo_69.png,smaller
-1.5919301261567436,-1.764020151758565,-1.7106185690791214,-1.6780871119101424,callo_7.png,smaller
0.2536456490690956,-0.34858886450135984,0.32908846710283135,0.3174521210260073,callo_70.png,smaller
-0.7343368461328438,-1.2331708053570296,-0.6057737221962569,-0.5544184171351423,callo_71.png,smaller
0.0884663672528302,-0.18832722971416038,0.029709740198427006,-0.05473340555905933,callo_72.png,smaller
-1.1133142689473878,-1.1798840499404304,-1.2627112720048808,-1.1397165433768366,callo_73.png,smaller
-0.8033955379807725,-1.012536507451535,-0.9861024189973214,-1.027529521354264,callo_74.png,smaller
-1.004986661189507,-0.8360033979519074,-0.7619045874924826,-0.880147413222623,callo_75.png,smaller
-0.825608475274622,-0.9049846945288423,-0.8131008902114731,-0.9165925929735057,callo_76.png,smaller
-1.2255166641468174,-1.324792982385285,-1.0928266461235094,-1.2426030130356345,callo_77.png,smaller
-1.780303004937906,-1.7199197881618935,-1.7276555277362975,-1.7189791510610506,callo_78.png,smaller
-2.0813038158337798,-2.0554823022887634,-1.8431879232245674,-2.041394064895741,callo_79.png,smaller
-1.9283073607319503,-1.8764089453208181,-1.7911323689214116,-2.0008489358093313,callo_8.png,smaller
-0.8657693579497425,-0.944444129211936,-0.5915761597135547,-0.6675153168477046,callo_80.png,smaller
-1.8305207663723273,-1.8879098861738208,-1.6462856523802327,-1.6837765624903334,callo_81.png,smaller
-1.2028986646776032,-1.072159410049233,-1.0816813409235042,-1.0873457110302505,callo_82.png,smaller
-1.4877409036832245,-1.5156602665814751,-1.4818460759923056,-1.3663514013969422,callo_83.png,smaller
-1.8765560226895066,-1.624210480342522,-1.8714564671807847,-1.8188317201500772,callo_84.png,smaller
-1.586455385409695,-1.1791278923645008,-1.8126053640065567,-1.8018528284052047,callo_85.png,smaller
0.5116157988664807,-0.09732755860883259,0.3802633697495124,0.36537624328737583,callo_86.png,smaller
-0.978468706821412,-0.8401840394476323,-0.9705848727286892,-1.0373376075663405,callo_87.png,smaller
-2.0093176615438897,-1.7440206738073596,-2.087179034003269,-2.1610572802687784,callo_88.png,smaller
-0.8676147642394315,-0.689449999931061,-1.1349178513828768,-1.0987763038424645,callo_89.png,smaller
-1.997648476215295,-2.0992736201181152,-2.18136705152433,-2.264605504788981,callo_9.png,smaller
0.06739803747136033,0.13891795431964013,0.24037466435559615,0.06342987064248894,callo_90.png,smaller
-1.4143886470513465,-1.7574349256734796,-1.1804362047510037,-1.180940713002185,callo_91.png,smaller
-0.27929894444631537,-1.0379841524492677,-0.1562311413595293,-0.1617309557022995,callo_92.png,smaller
-0.4618222193972077,-0.829286983940073,-0.24728764762274916,-0.09584685954978962,callo_93.png,smaller
-1.1198368706400714,-1.3754227996310608,-1.1504479303912514,-1.1161565571567817,callo_94.png,smaller
-0.35916854334986836,-0.47218110434297883,-0.4132904872429155,-0.3255630085407583,callo_95.png,smaller
-2.031874827432954,-1.7943795640676161,-2.077103862837814,-2.0514365632044282,callo_96.png,smaller
-0.9383742762121248,-0.44540599777197143,-1.02336735216352,-0.9928363128621335,callo_97.png,smaller
-0.8960487815289105,-0.7819054645073115,-0.8781083277059568,-0.7609456352242059,callo_98.png,smaller
0.5178064988678994,0.7954299841630518,0.6306001001791578,0.6068150231602112,callo_99.png,smaller
-0.3495575167347605,0.06202957491420647,-0.6547654645233073,-0.6615916864341388,callo_1.png,higher
0.48401657600844256,0.7499185805867107,-0.15610373802611,-0.1428443049927593,callo_10.png,higher
0.9452895951151754,0.9157686316977592,1.1545595439253085,0.9271646165200764,callo_100.png,higher
0.7244577189272934,0.15355596537516683,0.4417612269702531,0.18616219603189654,callo_101.png,higher
0.6893280447677372,0.784520163665608,0.37969453333859543,0.4965640557862102,callo_102.png,higher
0.601543808879072,-0.12692598082126072,0.5559844932673969,0.40801840476995704,callo_103.png,higher
1.0006471683936315,0.7343519827596594,0.9210195732815114,0.9577898727898793,callo_104.png,higher
0.563682788669721,0.2221178817037166,0.6527590244865284,0.6123489205965615,callo_105.png,higher
1.026301950703874,0.1135375349027513,0.8710387918665543,0.8352745529042628,callo_106.png,higher
0.37028984294431905,0.10316143006135532,0.05401783275606217,-0.009915027385844757,callo_107.png,higher
0.7154252365178595,-0.1245360348660253,0.4077232582804082,0.2806552125178878,callo_108.png,higher
0.07545913818359234,-0.007933532126151012,-0.40181891027342903,-0.42287588245957186,callo_109.png,higher
0.522401149572912,0.4569971785038166,0.19263074631009625,0.20514396679977717,callo_11.png,higher
0.45017569250424616,0.27301104914839364,0.1860571193073299,0.17766032417702607,callo_110.png,higher
0.24854925937221206,-0.1367061723694075,0.018334713992407436,-0.04339666262569365,callo_111.png,higher
0.25962322176340585,0.9263088464621386,-0.18028592332556415,-0.09172359836932048,callo_112.png,higher
0.7772376965781356,0.41757446220358724,0.1817449177516277,0.17502774133914373,callo_113.png,higher
-0.14699282013568699,0.365775055556354,-0.4848763569131455,-0.4596452805449507,callo_114.png,higher
0.745419069757245,0.2736101117520127,0.345074875508348,0.5301881031315924,callo_115.png,higher
0.6477304536296106,-0.21953292257933593,0.302963318348725,0.28291698538034216,callo_116.png,higher
-0.022294292348432828,0.2719212331439253,0.1756678840771977,-0.003896471909155916,callo_117.png,higher
-0.2628280223740766,0.4396355485057738,0.09488614626990104,-0.04302361352292812,callo_118.png,higher
-0.1304672077571038,0.7670266862895988,0.14562910435560072,0.07354559127884625,callo_119.png,higher
0.6777064716113971,1.248021427371433,0.23073366005779905,0.20980578082236867,callo_12.png,higher
-0.20239815152046334,0.4153615202088834,0.23550591254548164,0.10487250354716644,callo_120.png,higher
-0.4570277564496328,0.4398127930322261,-0.1884112296161456,-0.327434859274907,callo_121.png,higher
0.06008238749549707,0.5857132023951577,0.08910963753594692,-0.13243475691032974,callo_122.png,higher
0.0016651423110950949,0.7792144057150441,-0.0725431702811977,-0.12726749940070975,callo_123.png,higher
-0.48086713077644283,0.010600366443177509,-0.03387261888188676,-0.12328265103262234,callo_124.png,higher
-0.5602512334975357,0.035319925111125694,-0.40401344690554736,-0.3640980543809347,callo_125.png,higher
-0.7536200828035308,-0.47355255724890677,-0.8580185190947484,-0.8303546191882948,callo_126.png,higher
0.19055972790118358,0.044418903239450636,-0.09926234846285023,0.00867363542384209,callo_127.png,higher
0.8783582170771048,1.3291131546566346,1.0078399023595102,0.9303157283582899,callo_128.png,higher
1.4460328908349422,1.5737446031150442,1.496921096280903,1.4091083329366632,callo_129.png,higher
-0.07512550181166729,0.10305643395663337,-0.34565410594922774,-0.3956302898980969,callo_13.png,higher
0.19095773631771767,-0.1921100433111743,-0.0685635572234464,-0.10168964204886811,callo_130.png,higher
0.5064040684960143,-0.09908986462082503,0.5347177850915588,0.37315440370369857,callo_131.png,higher
1.8731231114096767,0.8501519182381425,2.3025617438497794,2.2338103452523765,callo_132.png,higher
1.420918714364123,0.22717758021592527,1.3288727087893548,1.3953786918154145,callo_133.png,higher
0.6406122269966594,0.3161465973145721,0.7480798535856553,0.6221483718942875,callo_134.png,higher
1.5279906836248087,1.0901822314510945,1.7683526426153462,1.8102757536699245,callo_135.png,higher
2.3743622574899703,1.1515558544381266,2.4822690609252085,2.291917226765124,callo_136.png,higher
1.9122867856929997,0.8865611111877563,2.2021858446884632,2.0088855401015917,callo_137.png,higher
1.171883276407085,-0.13294979582691313,1.5739144840542512,1.244279224851892,callo_138.png,higher
0.27947393547042787,0.7726556833686005,0.2756558778481893,0.3095098461432538,callo_139.png,higher
0.28207231439753255,0.3934749259885567,0.06177144572155313,0.019442449495000336,callo_14.png,higher
-0.9485496847793174,-0.36203101096846546,-1.017536604355359,-0.8106850966983239,callo_140.png,higher
-0.5773285615447017,0.14459475242793215,-0.5233340213599424,-0.37611568311233423,callo_141.png,higher
0.2922225142904166,1.0010428534227913,0.3035064771964664,0.2346483218425571,callo_142.png,higher
-0.4978973520303667,0.10724100086106136,-0.6111476160843238,-0.48978716599321054,callo_143.png,higher
0.5664951369108553,0.4715693594340258,0.745264770447247,0.9148992593147101,callo_144.png,higher
0.4872855292707528,0.7046439450264657,0.3996971678129459,0.42658388450378004,callo_145.png,higher
0.4369250567525611,0.21460753044019784,0.38700381196502903,0.25649026145679776,callo_146.png,higher
-0.2932537898627569,-0.053636781784644934,-0.11599883662169085,-0.05119705246323472,callo_147.png,higher
-1.0079895459729435,-0.6837476346935971,-1.1582806664229466,-1.1290997758763166,callo_148.png,higher
0.15221323062291442,-0.13697954801491108,-0.126073977019817,-0.20454786080528964,callo_149.png,higher
0.2542935207880137,0.41500016831929515,-0.22139970498429148,-0.18281113666981627,callo_15.png,higher
-0.3597214041898059,-0.019904543483068426,-0.6282598913792603,-0.585248403819527,callo_150.png,higher
0.14868895417809638,0.7374999287847294,0.36800696860180476,0.379288787041491,callo_151.png,higher
0.8116512536256713,1.0670604796170113,0.9278669669091066,0.8521612695321062,callo_152.png,higher
0.051696592054052214,0.3607147788558399,-0.22101310770841695,-0.043306173192437535,callo_153.png,higher
0.8903614801554914,1.1602423486496187,1.303894469585813,1.1899174763793683,callo_154.png,higher
0.47089721211713487,0.56707396216349,0.38514753718152644,0.4354648065866215,callo_155.png,higher
1.0382042879215552,0.7858863466268967,1.491298405261733,1.3885867369632545,callo_156.png,higher
0.7650466521487824,0.6915844374546312,1.3178360625910004,1.1297036086853185,callo_157.png,higher
1.8808530408323492,1.1016750978549383,2.1431506187987517,2.091537930939426,callo_158.png,higher
0.9663529329442591,0.3987482655949546,1.2230533566665152,1.0868158987418302,callo_159.png,higher
0.8344068851031502,0.9919444636708664,0.8044793256993885,0.6287202977278327,callo_16.png,higher
0.8880985637030137,0.7690937243164193,0.941093051345468,0.9645986505460841,callo_160.png,higher
1.1451935669351445,1.0341555456448084,1.4593762359525186,1.3144441642842801,callo_161.png,higher
0.5823379474428474,-0.07159534108785769,0.3544501677166754,0.2687337439526198,callo_162.png,higher
0.8676143818010479,0.8657174577959069,1.0285272391116629,0.9078695998390386,callo_163.png,higher
0.6795530000838296,0.6618823255764674,1.0490643041983707,0.9270921495454923,callo_164.png,higher
1.4992170731523917,0.7936930439647787,1.64531506685497,1.6674174930888717,callo_165.png,higher
1.70784611731302,0.8514364168476374,1.6677276364941322,1.59635983715911,callo_166.png,higher
1.6538099474771184,1.4624543886191583,1.4949955565338755,1.6194305415801153,callo_167.png,higher
1.7812635583901075,1.3319797783799427,2.097301771517224,1.8733208019751473,callo_168.png,higher
1.8620109289741793,1.2559878352208584,1.8601971445046155,1.8646988397948963,callo_169.png,higher
0.3627836931241167,0.24467517514123013,-0.033697789615110885,0.01827516984378977,callo_17.png,higher
1.0816348867746546,0.5132344342802243,1.28510067585117,1.1956218907538765,callo_170.png,higher
1.452995009584781,1.3318907042659145,1.6185008899718036,1.8495787339113776,callo_171.png,higher
1.352769802589153,0.8986890768648206,1.597015851751183,1.5000276940397248,callo_172.png,higher
3.091518468475922,1.5685401570705322,2.967089293788528,3.607039464622407,callo_173.png,higher
0.2630120035226254,1.4892552875796015,0.04282618062349756,0.0024106124788395547,callo_174.png,higher
0.22780197762852464,0.903349011106558,0.0854052945965003,0.14500865553814934,callo_175.png,higher
0.16952003776344077,0.5706822126699251,0.09111895919914087,0.03215629201454771,callo_176.png,higher
1.1095963591244702,1.5676514877547059,1.0563607424511265,1.0842703184303684,callo_177.png,higher
1.6430261384165366,1.6251945233036806,1.2497665933071433,1.2345195633984447,callo_178.png,higher
1.0171535466506973,2.2008322188574896,0.8012594844388796,1.170450311804896,callo_179.png,higher
0.671694946064945,0.5554012239268388,0.3573473106902766,0.33469861008605917,callo_18.png,higher
-0.09764603905588617,0.25781294284299333,-0.06853000983638934,0.003683530152848861,callo_180.png,higher
1.2349567867825941,1.1266571641448715,1.4630974661201228,1.3153170790744753,callo_181.png,higher
1.4772302757119216,1.2522622594027022,1.4540740688403193,1.2021572431198355,callo_182.png,higher
1.4696360463852571,0.06960290653374966,1.3569463127634225,1.3958968550298947,callo_183.png,higher
0.45582669961384664,0.9888046148104579,0.21675067559087485,0.14986166452302918,callo_184.png,higher
0.2865034540903337,1.4493828496510197,0.03438222883454165,-0.0038535028310014,callo_185.png,higher
1.282256368580996,0.7224756812357173,1.85897580058994,1.8638392694520616,callo_186.png,higher
0.6074208788881365,1.337872110557916,0.6733807914291243,0.8243164811892901,callo_187.png,higher
0.5413623892013106,0.3016350872265872,0.1850349328928175,0.32692897697459017,callo_188.png,higher
1.0913893524929974,1.1343533243641495,1.139092707569221,1.2012069260919567,callo_189.png,higher
0.3818736412059029,0.7398968862905327,0.5957250550296166,0.5533039976768329,callo_19.png,higher
1.4959763296406807,1.0475280699353158,1.564396516280124,1.668586236394415,callo_190.png,higher
-0.763974969221042,-0.07222204209164211,-0.7527528346401802,-0.6054750130003264,callo_191.png,higher
0.22782409598187375,0.44618103505158063,-0.0544737147529901,0.17601187173062882,callo_192.png,higher
-0.04071269666880705,0.8094387348479402,-0.145161512557366,-0.17779412043224643,callo_193.png,higher
0.4080010071740731,1.0685045511008069,0.21811171587748374,0.3085770938071987,callo_194.png,higher
0.9263463534923442,0.3583745378300311,1.2489832678721569,1.165997579596016,callo_195.png,higher
-1.0199151277920513,-0.44552408707635605,-1.0439572615745363,-1.0181341942475284,callo_196.png,higher
1.946184110935463,1.4895873780775999,2.4836446908526373,2.377765524266405,callo_197.png,higher
0.5566369631224423,0.9805874713128098,0.2854834013671462,0.28264961898306395,callo_198.png,higher
1.3296975541706133,0.9645382271325287,1.4641904516484934,1.3034496338631363,callo_199.png,higher
0.6483353467750522,0.5256446720532117,0.03728057005988427,0.060750918688402405,callo_2.png,higher
1.0185661083172597,1.5681947358871995,1.112507152324188,1.1931818822177702,callo_20.png,higher
0.001852416382818821,1.1950789116078449,-0.09143262026807067,0.09388351975212496,callo_200.png,higher
0.9326146217169128,1.7372611706159693,0.9286367326835643,0.8854392662574063,callo_201.png,higher
0.49227419894111124,1.2338257239307115,0.6152250623388089,0.5512489283353346,callo_202.png,higher
-0.4331975071210503,0.3235152187062446,-0.569248349138854,-0.35057040220062324,callo_203.png,higher
0.49071631118128406,1.3818062957863095,0.43926977884425217,0.44548323883498003,callo_204.png,higher
1.680222368895912,1.4664784048810944,1.8243450417498213,1.8543973160768008,callo_205.png,higher
0.2710592055961726,1.4485169397089588,0.27195405697623426,0.17981508863908047,callo_206.png,higher
0.42170299608756656,0.1305501102079351,0.49532184114498123,0.575956601806577,callo_207.png,higher
0.3045619651146195,0.5285906602551695,0.5936482979235692,0.5677967334463135,callo_208.png,higher
0.4320997997531121,1.3120140970367946,0.6381588922391956,0.6791889296633642,callo_209.png,higher
0.35440659628118504,0.5281156489025564,0.26243325144863483,0.23657706920767166,callo_21.png,higher
0.14594718131198062,0.721736193634761,0.02760047594380449,0.007157636330688821,callo_210.png,higher
-0.8821038996964461,-0.20123451880046808,-0.7562754749276784,-0.6963463031773104,callo_211.png,higher
-0.48185792725782695,-0.012478169071661768,-0.5769939744301656,-0.5868390098612963,callo_212.png,higher
-1.0306146706182562,0.12354971410856234,-1.0276266316795415,-0.8607255295954855,callo_213.png,higher
0.6684491126681551,0.7100819289990566,0.8834110265763019,0.842998357530768,callo_214.png,higher
0.16068141041774556,0.7302137420705721,0.02404761644530127,0.03544901217373157,callo_215.png,higher
-0.10213753111783225,0.4587797176404308,0.07049889556959438,0.09507860168428248,callo_216.png,higher
0.12591523336005578,0.8295277105266669,0.1336994571898268,0.1829949720546447,callo_217.png,higher
0.5414160050767246,1.052928399722591,0.5931237201235432,0.6256368286696915,callo_218.png,higher
0.8457633352917979,1.5935655980203882,0.7509802862500665,0.9274190096939547,callo_219.png,higher
0.7958650648890591,1.070579553413419,0.7915245699822427,0.8516107450409286,callo_22.png,higher
0.647188124586255,1.0411357165654695,0.8001689281907471,0.7069027752815567,callo_220.png,higher
1.0478232208677019,1.6315361892582054,0.7190813767818758,0.6133560079005723,callo_221.png,higher
-0.785255071680182,-0.18276539540332612,-0.9018108221902742,-0.7957257599029496,callo_222.png,higher
0.32785341470284046,0.7612695304912518,0.37997198066498994,0.4730560333613069,callo_223.png,higher
0.8393380902112471,1.534897440746702,0.952156014459612,0.8872106948061735,callo_224.png,higher
0.5263985210267622,0.494721054124093,0.6880543275836775,0.7010917180745899,callo_225.png,higher
1.3459512752522373,0.5209794697596841,1.4334603802456134,1.4653513555838287,callo_226.png,higher
0.40602701790226947,0.1865543556625953,0.29054988807252735,0.4290738106423515,callo_227.png,higher
0.9288219103789207,1.2435612872653028,1.1915814503068347,1.0644109522358276,callo_228.png,higher
0.859960460612563,1.3413798103410306,0.6038362786125165,0.8183880755716963,callo_229.png,higher
0.7322371435242233,0.9683812959302431,0.8032584069318959,0.9035696364559885,callo_23.png,higher
1.2391733331222494,1.4778644065427458,1.1212043489857189,1.0727855434391633,callo_230.png,higher
1.347820906166269,1.8314100231006978,1.2684055838299007,1.3931492757695392,callo_231.png,higher
0.8959069547018741,0.6244735410916128,1.2367443843292485,1.1404779890591115,callo_232.png,higher
1.2367731351071956,0.9800564317955924,1.6603549759796774,1.6065637690142511,callo_233.png,higher
0.106051724962323,0.9299927569353492,0.2683196884999886,0.05739024429673685,callo_234.png,higher
0.3213648988950229,0.445375950028696,0.22760694621514607,0.3343377431897177,callo_235.png,higher
0.655508132343333,0.890046176765197,0.3387816593746337,0.4697660757792665,callo_236.png,higher
0.5740754782474794,0.7159851085521245,0.40203768704739284,0.3902412976506406,callo_237.png,higher
-0.7085288920261207,-0.6046415272824107,-0.842547111286569,-0.8561590569582745,callo_238.png,higher
0.9527462776017697,1.2306184533861326,1.2297939836798035,0.9837118952119384,callo_239.png,higher
0.42677295840120344,1.2096546720720849,0.6243460682991996,0.6881043151904156,callo_24.png,higher
-0.6754473754803285,-0.07904751042862472,-0.705384386169303,-0.6101055281640619,callo_240.png,higher
0.8454042829658519,1.5671122758475258,0.6881857863457712,0.8892819493702868,callo_241.png,higher
-0.47660908978256167,0.004801177168678343,-0.6292366464546959,-0.7235177878647281,callo_242.png,higher
2.6164891518127273,1.3704763608075174,2.0546182595318503,2.1558201875201126,callo_243.png,higher
1.8987010383725262,0.6669685972256274,1.8052970868730775,1.8277771018353626,callo_244.png,higher
0.9834764876614618,1.2636910511622406,1.218723520109457,1.0627077848852315,callo_245.png,higher
0.5946043935900509,1.040759841901907,0.6457491282634467,1.1035690766444006,callo_246.png,higher
2.475925173084983,2.9953815778327266,2.551925182665954,2.575847513973992,callo_247.png,higher
1.525413133716526,2.65803525643575,1.2566088247267184,1.3646276832163324,callo_248.png,higher
0.7963380834592884,0.9893014329909291,1.1983432412210222,1.1905893551372237,callo_249.png,higher
1.2417648127243037,0.7341544061808939,1.5309229894016838,1.6726141331819362,callo_25.png,higher
0.15509904116949966,0.13224708117331752,0.2687397610997893,0.15697796203894157,callo_250.png,higher
1.8465212109345117,2.1190231353656306,2.0498611588838984,2.4352325382485387,callo_251.png,higher
2.122035531889181,1.6008157933155127,1.6364456614600569,1.6679215437725154,callo_252.png,higher
1.8057238031160974,0.7699380539754279,1.5837550658710062,1.5364964078165668,callo_253.png,higher
2.260771526349889,1.3482609544082769,2.3933057367054573,2.431378931438451,callo_254.png,higher
1.4293288939669015,1.1085252654417526,1.6827827458500166,1.788254518106143,callo_255.png,higher
1.4207799702168278,1.273337710279599,1.9422232296308966,2.0884214690532965,callo_256.png,higher
1.4353057850493405,0.8488616092086607,1.8465924969213376,1.7716566169954897,callo_257.png,higher
1.8229332994758145,1.251028209281133,2.144350423542251,2.1507519500534578,callo_258.png,higher
2.7044019380571442,1.846272645358351,2.5804939596808,2.5589881788857625,callo_259.png,higher
-1.0785725228874763,-0.7064464493388218,-1.0699523464311032,-0.8040537597176878,callo_26.png,higher
0.07773635601132284,0.577119938510404,-0.3759709794648882,-0.3068048904604529,callo_260.png,higher
-0.46493780651016736,-0.13021375169683627,-0.43001199850337074,-0.5204114722078371,callo_261.png,higher
0.1617920738908967,0.9000197158910213,-0.177908416770164,-0.17451291717998388,callo_262.png,higher
-0.3959162794475529,0.8004807281392117,-0.5705428303231661,-0.5537009780964369,callo_263.png,higher
0.034228714411279705,0.7886060548991848,-0.019298956667332768,-0.12420728063886156,callo_264.png,higher
-0.8846951325742977,0.24656338195686478,-1.0772468829700228,-0.8817589070493336,callo_265.png,higher
0.2688327600307821,0.9011911158167322,-0.0930384378030212,-0.022451727129675636,callo_266.png,higher
0.45356585367583724,1.1247023504482883,0.04029092230849671,-0.01270958336455271,callo_267.png,higher
0.3606095833466716,1.7104628483350708,0.04060690528066106,0.34550629958442824,callo_268.png,higher
-0.13919723447614185,0.09009888698371774,0.035978451644964264,-0.019934498391854356,callo_27.png,higher
0.6746248925505547,0.931932781950539,0.6309337088819104,0.5646546466839846,callo_28.png,higher
1.1518803116651473,1.1907426243327366,0.9586267849038732,1.1083245441436151,callo_29.png,higher
1.0450574200070086,1.72318576857326,1.0929721335496945,1.1328385105393473,callo_3.png,higher
1.2131189099760042,1.4312130734272195,0.9661401831692001,0.8687445932070468,callo_30.png,higher
0.8264206226946775,0.8755974188032534,0.5522780649273826,0.5348039572518634,callo_31.png,higher
1.1820042510001108,1.9893175680530377,0.8609844097365155,0.9879850235070008,callo_32.png,higher
0.47695412875758064,0.31534278088164525,0.4809078015801166,0.6132398331410761,callo_33.png,higher
0.6574523189962075,0.1564249447680124,0.6262601270823166,0.5991980802945748,callo_34.png,higher
0.47598505415370734,1.2489201011783633,0.5602877950800828,0.7245382638512184,callo_35.png,higher
0.40656944392163125,0.028317208807274136,0.3008675903879924,0.14518627831220177,callo_36.png,higher
0.7190064211654361,0.9320408384127077,0.3529942401468448,0.26549457205708726,callo_37.png,higher
0.592277729440338,0.7535889029546717,0.4380892476024762,0.40628958432261425,callo_38.png,higher
0.08154849912396675,0.22891769330540646,-0.17205903975489087,-0.13857397900480456,callo_39.png,higher
0.7364994646650332,0.730358920612445,0.8170151862515852,0.7838013763950855,callo_4.png,higher
-0.15813422544193584,0.8432010991643157,-0.3016273609291397,-0.27912012361080646,callo_40.png,higher
-0.5015071513902375,0.3529935904701903,-0.8988095263050425,-0.7938491475504319,callo_41.png,higher
0.5659731496311085,0.6897599625906196,0.2875271943115695,0.2760138211633251,callo_42.png,higher
0.6492956028302009,0.8796336051136826,0.39008283939880234,0.4470430875392996,callo_43.png,higher
0.5754577373942772,0.5840666937945915,0.2461095515944152,0.24846411955147396,callo_44.png,higher
0.5837547158408878,1.17786950500762,0.3078763933411659,0.4040996505863226,callo_45.png,higher
0.596963782943937,0.5631816278951407,0.25244330605114285,0.33076031502855524,callo_46.png,higher
-0.016110080182124686,0.3533154679175042,-0.24206100891485366,-0.2604480585889039,callo_47.png,higher
0.9262913391933107,1.3320157632703626,0.6777362585696951,0.6163649233825922,callo_48.png,higher
0.7704117010065054,0.7797235422614188,0.7189726380817442,0.670489219879185,callo_49.png,higher
1.125731991253701,0.8866696304823658,0.9637189816379123,0.9486701949833773,callo_5.png,higher
0.5113210233901111,0.6073092716312399,0.08246734479258568,0.44251204373679787,callo_50.png,higher
0.20412305205481962,0.6824758314511657,-0.18697206518543039,-0.02308164778844279,callo_51.png,higher
0.4584457959136079,1.0647550194484277,0.12632191095060327,0.43068526956532255,callo_52.png,higher
0.4355370861853008,1.3516445652902795,0.4258298886323179,0.38326780412112116,callo_53.png,higher
1.131344292336111,1.11118446706884,1.042192984076826,0.9479997780440154,callo_54.png,higher
1.6501178316835048,1.0967849002997112,1.7540678322048469,1.7192849981726184,callo_55.png,higher
1.273869017117428,0.9194815107994486,1.1546417563628153,1.1511537911389371,callo_56.png,higher
1.8109922567215857,1.053459853462875,1.7838934994575397,1.606346266837544,callo_57.png,higher
1.4854242115244944,0.673801915882956,1.1608298813851692,1.2743035295317025,callo_58.png,higher
0.43436983400695656,-0.21602654869515275,0.38671849745308706,0.34263573085895227,callo_59.png,higher
0.7444924825093493,1.5168620136735294,0.517759849509761,0.4970299418523519,callo_6.png,higher
1.1441831307192945,0.35079192083217997,0.8465096516598095,0.6682213863384889,callo_60.png,higher
1.0715389583209038,0.8895445360233974,0.7268774283155518,0.6647936797486714,callo_61.png,higher
1.0100496964447383,0.08948579294770627,1.3980900090672577,1.1945517446887188,callo_62.png,higher
1.4707172831644135,0.1643072594588175,1.3214144371018814,1.2899086473537384,callo_63.png,higher
1.5772631028538877,-0.11956762546957608,1.6164875822430287,1.3936443026406062,callo_64.png,higher
2.3976886798862944,0.9008279256474913,1.99592749795378,2.056854663091335,callo_65.png,higher
2.2070318431273517,0.931688148989325,2.171030495336478,2.2071407107644556,callo_66.png,higher
1.4754240363335769,0.8936207207324307,1.4017510664476123,1.4247082316129454,callo_67.png,higher
0.9815441559730089,0.5534411326648082,0.7787477638087774,0.6671047639619572,callo_68.png,higher
1.1009382671298729,0.26761219015446935,0.9383256657614857,1.0633557514272163,callo_69.png,higher
2.0603322833191333,0.29595172732015357,1.677705352983134,1.7692503259627823,callo_7.png,higher
1.5297409263102721,0.7273763368889637,1.351586873623947,1.459894840326909,callo_70.png,higher
1.396312506988955,0.5190590909387279,1.4222098701360684,1.4569145608036933,callo_71.png,higher
1.7209347511330892,1.2326810611927432,1.5016288349189906,1.5330106659248801,callo_72.png,higher
1.390465556832809,1.2237556752648138,1.3088642935661454,1.2747842439149468,callo_73.png,higher
1.0989024163735484,0.4733250140752532,1.2799572189262842,1.1719079082774788,callo_74.png,higher
1.4430028094632055,0.7797517425242737,1.8512689362728905,1.7842646838049188,callo_75.png,higher
1.522416584168377,0.9955427338794057,1.7252870768787323,1.716907594540586,callo_76.png,higher
1.2752174666786409,0.9220785939801158,1.1773515983195422,1.0401387115339755,callo_77.png,higher
1.8650838203207327,1.4926361236907277,1.786333613848288,1.828756400186261,callo_78.png,higher
1.6002687629766406,1.6854406807138314,1.4368241612817947,1.522157401782802,callo_79.png,higher
-0.0552455166129057,-0.2897504161461087,-0.3531900738841282,-0.24942129190765164,callo_8.png,higher
0.09036939461957294,0.6289737994820654,0.27830270000581536,0.28397621600034845,callo_80.png,higher
1.0137781564705233,0.9722525787542854,0.8112552549709535,1.1067415921213009,callo_81.png,higher
-0.2600802589797594,0.5894972132882875,0.05769854628676497,0.1876774317691848,callo_82.png,higher
-0.0882905857774267,0.79831687446542,-0.07151220032903839,-0.03963481757967146,callo_83.png,higher
0.28182301057702325,1.716217363349967,-0.008096443903767795,0.3420415370719381,callo_84.png,higher
-0.1764063112334664,1.147247461140338,-0.3343306470385334,-0.16903193700309097,callo_85.png,higher
0.35928643210968664,1.1705038150106815,0.333536467393029,0.4491852235299096,callo_86.png,higher
0.17799728273637083,1.1641131391425905,0.22289703976417796,0.1623284466482046,callo_87.png,higher
-0.18148501338672862,0.3298584394157645,0.16341072217149824,0.028713275586078352,callo_88.png,higher
0.6281934483478608,0.5493446788111944,1.1232278135918712,1.004773298100829,callo_89.png,higher
2.4242147235484515,1.1233165761798514,1.884970439194689,1.816147885055297,callo_9.png,higher
-0.6472294490393425,0.3083570334818586,-0.5071297109260899,-0.4985154808959356,callo_90.png,higher
0.5410102412781657,0.8192866829518258,0.44643993706397334,0.44741593235800636,callo_91.png,higher
-0.16941958507282806,-0.17848377158009726,-0.3203265411381397,-0.24718273125202272,callo_92.png,higher
0.4658746318746236,0.768229688161983,0.4667096613473008,0.5205973884606903,callo_93.png,higher
0.3417214135192656,0.7015630147447461,0.24780942620076168,0.24486008755515015,callo_94.png,higher
0.74908576033197,0.9457831372087514,0.887860496134572,0.8859218684015533,callo_95.png,higher
0.9896133874536714,0.7800558320737789,1.3381279846772778,1.3049860087302292,callo_96.png,higher
0.8739046985802622,0.8203996046765447,0.6519031775258716,0.6600336142937124,callo_97.png,higher
0.8962890557838001,1.5201304389793828,0.7217420083931658,1.0048623592738404,callo_98.png,higher
0.42569489738854555,0.2624943955001323,0.6007005973265086,0.594694990788199,callo_99.png,higher
