contrast,dissimilarity,homogeneity,energy,correlation,ASM,filename,label
-0.11796953662588827,-0.26503690427893895,0.5738947559501559,1.6154413568357704,0.26143902490700394,1.623821182916007,callo_1.png,smaller
-0.689035054988116,-0.8620730970073034,1.1116605702188074,1.8269632707233292,-0.04933790778598716,1.8665109828184698,callo_10.png,smaller
0.7230272798333973,0.7074834040644163,-0.5281802456478023,-0.4240143394027957,-0.9196360815487107,-0.4479242453477078,callo_100.png,smaller
0.12522639233323526,0.33702890314153683,-0.5170804279618131,-0.8091880801778822,-0.678185881859936,-0.7884910490411147,callo_101.png,smaller
1.3049866332045248,1.643434851660718,-1.7182356146658517,-0.7162442756237216,-1.8265867225511776,-0.7094813257156977,callo_102.png,smaller
0.2853772092187401,0.6099760285051424,-0.7614082393397382,-1.4086471615845753,-0.31312785222129846,-1.2895980219735539,callo_103.png,smaller
-0.4222095169816546,-0.45179243098247135,0.5654882462428509,-0.2799047727993408,0.14428127826083556,-0.3155971572681538,callo_104.png,smaller
-0.9681599387238645,-0.33295714056276937,-0.641720037262855,-0.09247364636100423,0.1359624907184989,-0.14195054970705775,callo_105.png,smaller
-0.09730633412975259,0.31916035456282166,-0.6607688683754896,-0.523747280046121,-0.6482335546603826,-0.535808947836998,callo_106.png,smaller
0.7462770623110035,1.1765158291906817,-1.4536206730313768,0.14185468400719575,-1.4368800746530277,0.0822378399679998,callo_107.png,smaller
-0.8847202196354221,-0.7334416564806513,0.44972365845628964,0.056592366170687844,0.7918749615502205,0.0006282853457028679,callo_108.png,smaller
-0.2412311068383489,0.2850314223328909,-0.5872526504858268,-0.015043769687907584,-0.4084193688723419,-0.06626397145719566,callo_109.png,smaller
1.43901851166948,1.0461055108285602,-0.26290783111026644,0.5314554392466487,-2.0170956276590775,0.4686604642031367,callo_11.png,smaller
-0.44362772386173355,-0.02914257135995415,-0.41487104485536414,-0.06882249859389787,0.20590087689071299,-0.11923199040728578,callo_110.png,smaller
1.0518222173852219,0.6385688759053628,0.006266339655018783,0.5788927387264874,-0.9277042411406132,0.5151346114719064,callo_111.png,smaller
-1.001551445854845,-1.1230859405177804,1.159684676835352,0.9758454193832614,1.0245130870095231,0.9270333553867424,callo_112.png,smaller
-0.07260445804112944,0.002299681819625725,0.19312727046612813,0.2708895873753362,-0.03797487367888638,0.20901852767051446,callo_113.png,smaller
0.580265660400893,1.0294319322191905,-1.184158274238762,-0.03979109038354008,-0.5818607722009494,-0.09083668355385713,callo_114.png,smaller
0.3063748718084432,0.8156506549279157,-1.1547138676599706,-0.7289818343929501,-0.580780847661221,-0.7193977096031872,callo_115.png,smaller
0.6338764457997038,0.49490452558193454,-0.24987939921183605,0.06517526508818824,-0.49363069793891706,0.009528210973724936,callo_116.png,smaller
-0.46826122556755084,-0.34689255498353905,0.28195537164741774,-0.7398899915432887,0.6727484411443442,-0.7299708932682913,callo_117.png,smaller
-0.30974947675497033,-0.24400305288488675,0.2509852449279559,1.9624835127926223,-0.12062549856451817,2.0207206671060183,callo_118.png,smaller
-0.4378691464572142,0.17741230242821326,-0.7728364736621779,-0.5523706705284045,-0.914713588229172,-0.5619924195294976,callo_119.png,smaller
1.6752331117577168,1.597416892565571,-1.1820905243151822,0.24124143412082186,-1.6875451215878858,0.17993009181877373,callo_12.png,smaller
-0.5521794758461103,-0.6843989623321151,0.828571610417531,0.740708923674461,0.6548584129613306,0.6808743712419915,callo_120.png,smaller
-0.9173590208801097,-0.8684663985444815,0.5984727326626915,1.3777922476122184,0.6934364043059051,1.3599462406205294,callo_121.png,smaller
-0.560033348318916,0.16152919408383393,-1.0787871857415468,-1.512408190321583,-0.006516981827141124,-1.3716067471105238,callo_122.png,smaller
0.36595552788916924,0.696369757695007,-0.7871402439244019,-1.2742677536560412,-1.317379784005406,-1.1800668796913916,callo_123.png,smaller
-0.6631063014817076,-0.5713002851877171,0.31280456182730804,-0.8516474445125707,0.46455747906943823,-0.8265276296134696,callo_124.png,smaller
-0.27963402180247876,-0.2731687611137114,0.33497065197994286,1.2418289190451834,0.1029541214984889,1.211923825153777,callo_125.png,smaller
1.5080213623848497,2.3945975059563276,-2.7880513219649705,-1.4209320160723604,-3.4599036427000116,-1.2976366617985764,callo_126.png,smaller
-0.664554925506868,-0.26352923674700274,-0.35663992145515794,-0.7182300492288956,0.17118513761120965,-0.7110810214110723,callo_127.png,smaller
-0.4249117018772632,0.23060287613925215,-0.9429340823350212,-0.2380066436678919,-0.7547350039477517,-0.2772804404543339,callo_128.png,smaller
-0.9995133399407804,-0.5908430573244962,-0.14741165026449785,-1.2361456540482416,0.6433445306382564,-1.1500564305025642,callo_129.png,smaller
0.3421847136957491,0.28091505862894994,-0.1987037924034603,0.08078814475913754,-0.5894085545029715,0.023308504956387997,callo_13.png,smaller
-0.8559646525022387,-0.18588307951805702,-0.8330228833252952,-0.5783022152190181,0.08848651409213953,-0.5870818468734599,callo_130.png,smaller
-0.9831331172788476,-0.8816395939624146,0.6265677435392928,0.44161874349825203,0.8688112305527182,0.3772255398954703,callo_131.png,smaller
-0.760863831480185,-0.08911074072852736,-0.7764970100680957,-0.8478107294042545,0.3632770766464061,-0.8197954084170912,callo_132.png,smaller
-0.8361822945021529,-0.31783069813405096,-0.48107361957722816,-0.8307863206117708,0.43064445739551016,-0.8081151032249435,callo_133.png,smaller
-0.9362335113661332,-0.34641634372222546,-0.5348581797312827,-0.809251366305417,-0.22631653920276865,-0.7883631280827255,callo_134.png,smaller
-0.8696495816260357,0.15138000211388997,-1.5814655574126228,0.13475355371460904,-2.4173942121600716,0.0760995461098201,callo_135.png,smaller
-0.4707148399075838,-0.1254034113770671,-0.20767452968384698,-0.3710196223855569,0.3684417862117635,-0.39830842827343826,callo_136.png,smaller
-0.6881695269858633,-0.5414004011876737,0.3371767219124589,-0.37968511354520645,0.5780786287100645,-0.4071175560840826,callo_137.png,smaller
-0.9272368361683396,-0.5609572244035126,0.04144065286366441,0.09702207864075948,0.4068076867287334,0.0392447053099109,callo_138.png,smaller
0.5007916319973573,0.6397064676934934,-0.5291220441302592,-0.5278551933843222,-0.4311424983472388,-0.540677026320853,callo_139.png,smaller
0.6504385850431866,0.49125781359557674,-0.1559951931828669,-0.026720489407182902,-0.33462504837674983,-0.07946950887049237,callo_14.png,smaller
-1.0074869628555985,-1.0202496687791924,0.9409875203608339,0.6538140470547669,1.163884300669642,0.5920155025830129,callo_140.png,smaller
-0.3338297815289973,0.1169818575341975,-0.47701078266499175,0.0050081476434095246,-0.007205245864698294,-0.048113031318118026,callo_141.png,smaller
-1.0814322038515805,-0.817156417715446,0.283542702912555,0.03628222807830989,0.9335443746510342,-0.0188798995570132,callo_142.png,smaller
-0.8569072441923987,-0.5934583556895184,0.28050210788241003,-0.4247125516105122,0.775728099371862,-0.4478633675213749,callo_143.png,smaller
-0.8047907061061592,0.11974104791567784,-1.3455710066697357,-1.2047295087226444,-0.39241926438203767,-1.1225457370586336,callo_144.png,smaller
-0.3330041974390126,-0.04934029674604371,-0.3006531637963783,0.47030195108751716,-1.1799634993634394,0.4063078125692058,callo_145.png,smaller
-0.09879934130665194,0.1544822450726612,-0.2906275863322288,-0.19995581272042892,-0.7647367053901498,-0.24058659589265835,callo_146.png,smaller
0.62203591233794,0.7143383486136966,-0.5454480886785202,-0.036904845101129416,-1.2073786517265341,-0.08454437136996523,callo_147.png,smaller
-0.5337232564224859,-0.594862565600604,0.5146033706034341,0.060972784884298546,0.3339071784787978,0.004008281900358074,callo_148.png,smaller
-0.9610998997786583,-0.3875092415700489,-0.6028557648063502,-1.2216663955931826,-0.03016899201824764,-1.1357205166938205,callo_149.png,smaller
1.1048211744122798,0.40193486944149404,0.4084004708437534,0.10716793770463932,-0.5109859337270013,0.050415202531607674,callo_15.png,smaller
6.204729089314951,6.851650890706698,-6.222593864906184,-4.1748740989817215,-3.3140257158186737,-3.103541086551925,callo_150.png,smaller
-0.6875107027531833,0.20109164861165454,-1.4061970730218496,-1.920770253877375,0.04442176238546339,-1.68528005130236,callo_151.png,smaller
-0.6791668271588825,-0.7984384874593666,0.7351797238997202,1.3908743609163827,0.7269183830711937,1.3733658305820025,callo_152.png,smaller
-0.405962970132286,0.5655502943924804,-1.769673106624589,-1.4860193030460713,-0.8193992677296853,-1.3497385916075373,callo_153.png,smaller
0.3981704901458563,0.701541570672258,-0.816172730823974,-0.6820067409858905,-0.36385159159587227,-0.6793172682327266,callo_154.png,smaller
0.08067144579959867,0.025785619321608007,0.2267038729342982,0.2540264178001008,-0.3791082828858616,0.19216873812512314,callo_155.png,smaller
-0.09139339925684256,-0.0594890995298324,0.13028508781374692,-0.5634713745733658,-0.10711677205004118,-0.5736571170117047,callo_156.png,smaller
-0.45240118073786534,-0.728195136471875,0.9911638983707152,0.489632004111596,0.5192712725372194,0.42572082478797657,callo_157.png,smaller
-0.7897727221076708,-1.2159643845006856,1.7091391806845158,4.906159124196386,0.6114734783777714,5.901374433264527,callo_158.png,smaller
-0.3665486935468298,-0.24663651222217106,0.049963177913266654,-0.6121864024279654,0.3488223976664443,-0.6155612756740172,callo_159.png,smaller
0.26694318341790957,0.21827795377433842,-0.10204490868155776,-0.13327718163962943,-0.4323797634633059,-0.17834862097984205,callo_16.png,smaller
-0.3407953163193621,-0.5348142615780755,0.8322046008798634,1.8812189230241967,0.12578648315300422,1.9271310648194055,callo_160.png,smaller
5.000934992107324,4.649328692595407,-3.9423410477677248,-2.962586539688603,-1.9856708497177271,-2.4075461466350427,callo_161.png,smaller
6.454235649091151,5.85811605398133,-4.422624878208879,-0.9966511255288327,-3.377277588581303,-0.9482557306772866,callo_162.png,smaller
3.073463735549032,2.686418899693691,-1.6234633191551608,1.323884691283538,-4.154569337649497,1.302873138389585,callo_163.png,smaller
0.3253236921467738,0.543409498544984,-0.4798720314449302,0.012771478521313653,-0.3240920693022917,-0.04121496057365841,callo_164.png,smaller
0.40677916130548114,0.3125473220994939,-0.08527865309172507,-1.412104897638311,-0.12560293037389322,-1.293189855587262,callo_165.png,smaller
1.6342459136762642,1.3293295486657877,-0.6838856145370404,-0.8396238874858482,-1.2409243861108694,-0.815159234233406,callo_166.png,smaller
-0.6061572066295946,-0.5282182731307149,0.27939865708898465,-0.8881570498757935,0.6152151525010279,-0.8579276761857154,callo_167.png,smaller
0.09273003328511988,0.6947671497153164,-1.213814630438479,-0.1509980852563152,-0.46897419096603515,-0.1966996989742598,callo_168.png,smaller
0.5998572192802524,0.45155390925344635,0.15889894913203184,0.6886322371624138,-0.5798980062735096,0.6274671547809835,callo_169.png,smaller
0.2965691931294879,0.23431282039293544,-0.08045696904870857,-0.4664581858949363,-0.11523237337762417,-0.48764920019171,callo_17.png,smaller
1.3051844708726414,0.7227269967712856,0.0965422970623949,-0.3526558408026959,-0.5251477996741011,-0.3829838775936379,callo_170.png,smaller
0.613480452527786,0.808441248438315,-0.439783204647921,0.13029443427805884,-0.5426546667088223,0.07388010041951136,callo_171.png,smaller
1.034202350507842,1.6988202984601215,-1.853032589707299,1.5290408378062619,-3.630684663291049,1.5264410867282021,callo_172.png,smaller
0.4106410913726862,-0.00011791883836582539,0.5055436794004691,-0.16754635350093472,-0.037479421859599495,-0.21142269599887673,callo_173.png,smaller
0.4508029281927499,0.3086750178205026,-0.03267024233073134,1.640841441885897,0.07119638397308338,1.6526454594947046,callo_174.png,smaller
0.8903375053324443,0.5315346766301711,0.0031356890593348665,-0.7466760500398116,-0.31932316478269596,-0.73509930608424,callo_175.png,smaller
0.9555701472688398,0.5726454650140158,-0.0779972448383274,-0.5818781023474976,-0.2674278944767829,-0.5897734216815895,callo_176.png,smaller
1.3546369024903586,0.9033101868641746,-0.37770193829023174,-0.5713986275904095,-0.5605350686804484,-0.5805393369383215,callo_177.png,smaller
1.339345114836166,1.0858615717935223,-0.5774572257377512,-0.38985534364110697,-0.642827606305531,-0.4162204153290218,callo_178.png,smaller
1.2262786156285759,1.0206446526858073,-0.6688875702864492,-0.9377830527390614,-0.5731302367282132,-0.9006562384639555,callo_179.png,smaller
0.7652259524901863,0.4200403052289247,0.013126560364285441,-0.47165207901261924,-0.28058086103891255,-0.4907006904442305,callo_18.png,smaller
0.12345521566770666,-0.10458445916216307,0.5358843442677397,0.6363622769180872,-0.14420635769425344,0.5747159578240835,callo_180.png,smaller
-0.02233173481708733,0.06729050008546736,-0.039508381128847775,-0.3124087103529388,-0.436371237650542,-0.3440001706704101,callo_181.png,smaller
-0.20881905236845977,0.14108233841947376,-0.4668500659535606,-0.004736333106541479,-0.30934921536192317,-0.05819166232437572,callo_182.png,smaller
0.1056793837367615,-0.10125896644697142,0.4652160339013475,1.1240987430190663,0.07050250428533014,1.0845414717650812,callo_183.png,smaller
-0.3056347780113671,-0.28552145876285445,0.21374270498370232,0.19048871299704184,0.13596647148420907,0.12939959098953815,callo_184.png,smaller
-0.07480840748678866,0.08827963044710627,-0.21008615540294895,-0.5825732263812475,-0.18421154938414364,-0.5905517483407166,callo_185.png,smaller
-0.15611590880003207,0.08477538497897258,-0.3678915159766615,-0.3476385847666962,0.01135209711999965,-0.3788642120245007,callo_186.png,smaller
0.3858171665452246,0.7165517765994674,-0.7172511184702989,0.5113817853852829,-1.1993465696972685,0.4480074971927459,callo_187.png,smaller
-0.5063568285727454,-0.601207379279009,0.6388044705250879,0.5708614371589957,0.005375335284470501,0.5071152443585338,callo_188.png,smaller
0.09817086909355928,-0.035707864059344736,0.38645099178080966,-0.16886940809160148,-0.002146636185330554,-0.2132419894499741,callo_189.png,smaller
1.2028854188693532,0.7612081887214845,-0.21670252001351703,-1.4562436103167762,-0.15133643076253417,-1.3285180352033235,callo_19.png,smaller
2.0918835962031856,1.6833744595742033,-0.7674826687915759,0.4150477254680281,-1.6555265452229757,0.35279666017550326,callo_190.png,smaller
1.161226711096035,1.0324394366981866,-0.7688119752804371,-0.9222716004619266,-0.5092905071166399,-0.8861264743353932,callo_191.png,smaller
2.2232967919337736,1.5575377420650214,-0.4336173019523256,-0.3581179504561102,-0.9368362039229724,-0.3868462669218551,callo_192.png,smaller
1.4433837762469868,2.039110651979416,-2.090387180198496,-0.8551593080360073,-1.346355286702484,-0.8272537837201073,callo_193.png,smaller
0.30676794428052423,0.4318179607858115,-0.3770373463606296,-0.15175750936107452,0.13904089309837456,-0.19652674019918648,callo_194.png,smaller
0.40931512996641384,1.503340512693918,-2.209138969403327,-1.1550557148831626,-1.900565261047514,-1.080127050146154,callo_195.png,smaller
0.6264092328624776,1.0616258141638018,-1.2304048910646306,0.377562948253196,-2.1226129080912095,0.31286363787289667,callo_196.png,smaller
1.5963522313162073,1.5380415209745695,-1.0342824598684903,-0.8466807654556355,-1.3083778996576512,-0.8212280853765661,callo_197.png,smaller
0.3584789904299077,0.20711785493677007,0.0054954410007046995,-0.5149327809819183,0.14925813021614937,-0.530053968288874,callo_198.png,smaller
2.1445525952622226,2.0630687499228246,-1.4859450290379894,0.4560861588657627,-2.083060935981094,0.3951142360926585,callo_199.png,smaller
-0.19048088566250618,0.06742608496490687,-0.3539593770634363,-0.8673525154025108,-0.32663798926048904,-0.840938285516535,callo_2.png,smaller
0.6133396159226521,0.4172467767532109,-0.08525220991726579,-0.04325560279549795,-0.22614375238377588,-0.0944627245135454,callo_20.png,smaller
1.4363469554483064,1.470646055339312,-1.3426899920539426,-1.3598208137074448,-1.2371560382578495,-1.25094771369542,callo_200.png,smaller
1.2485046290455108,1.1624884038178322,-0.7250134192349567,-0.11797574798036246,-1.6309768594208234,-0.16344276202270003,callo_201.png,smaller
1.6761469277249004,0.9507868058494863,-0.04681526297073108,-0.3383061422475343,-0.8495971531129941,-0.3703634439308138,callo_202.png,smaller
0.7802082218343215,0.9917974571626632,-0.8985284724244805,-1.0993517548818803,-1.5821217099976463,-1.036703638797274,callo_203.png,smaller
1.1275537597597303,1.0939896019566833,-0.8395945802381886,0.2546756468866193,-1.4418307716469945,0.19218818350483677,callo_204.png,smaller
1.1093119552454398,0.7581871732926531,-0.2936514800206916,-0.9470636580576253,-0.5003846623424543,-0.9076507015820396,callo_205.png,smaller
1.3052631883374106,0.688863049097568,0.21614523023429047,0.3925889686100053,-0.4897467016514559,0.3286882834738551,callo_206.png,smaller
1.0194696134434582,1.6510099822347306,-1.8150664750082441,-0.8536930514077089,-2.0540125954074084,-0.8261086655546859,callo_207.png,smaller
0.4760238588187132,0.6825906623710085,-0.6613184616165292,-1.2111261551054509,-0.2761558726328646,-1.1276129133770934,callo_208.png,smaller
0.8847724220670243,0.45509275910847324,0.027142410179614763,0.9333052860697076,-0.28799794284780666,0.8817713968661333,callo_209.png,smaller
0.9064431379492222,0.9387758521924842,-0.6219730952403929,0.4921798085652886,-1.2656896337347072,0.42993308483340276,callo_21.png,smaller
-0.010887306815637158,-0.314980211496327,0.721596448077873,-0.07760324175364641,0.5178284292106871,-0.12763410745809453,callo_210.png,smaller
0.7828398842534099,0.4196754380879649,0.1795954899126318,-0.5551845173890742,-0.013372011275918668,-0.5666037903533109,callo_211.png,smaller
0.771560952918541,0.3256861137622426,0.46742383587773895,2.9227991661093102,-0.6325871512353118,3.1843708859734674,callo_212.png,smaller
2.7182079284607674,2.422021565060488,-1.5106348926220141,-0.45289892940259735,-1.8520797987390483,-0.47341332053278345,callo_213.png,smaller
1.1125894180607658,0.9024644830027411,-0.320856394245166,1.3078230095263146,-0.5342031336333295,1.284789710275349,callo_214.png,smaller
1.3463938103112711,1.4746463756681645,-1.1648199491893967,1.6131978861672407,-1.5548121959173888,1.625683049441406,callo_215.png,smaller
2.7911053683344598,3.102985987503983,-2.786833459578934,-1.4739952292813143,-3.6847010951753725,-1.3428102102863508,callo_216.png,smaller
0.14541620898039934,0.395126560492991,-0.43251079407846826,0.47418032816385697,-0.3857158589993282,0.4109316387112053,callo_217.png,smaller
0.20108529536342315,0.36823430141777747,-0.42590640337674773,-0.6765811112658946,0.03005139085084826,-0.673300320410286,callo_218.png,smaller
-0.06560608892555898,0.2563010325295643,-0.555238645496496,-0.18455381922939343,-0.1745667135428891,-0.22789290958364503,callo_219.png,smaller
3.5677283536230164,2.694621477583662,-1.423725645328248,0.7350860755452414,-4.283707537478977,0.6823731689434918,callo_22.png,smaller
-0.2727235149321598,-0.3377459125672444,0.12250000952224799,0.04555792485458021,0.41225011418111895,-0.010960939197916948,callo_220.png,smaller
-0.21732390371418805,-0.11948920223952325,0.01836780385812055,-0.2106658165731079,0.46221728946645857,-0.25171692315173144,callo_221.png,smaller
0.26974120263960394,0.24371042008179072,-0.09770992337617772,-0.20871998037230413,-1.0577056108147405,-0.25077797505313587,callo_222.png,smaller
-0.3690108754682227,-0.22205610692510935,0.08940300083017141,0.5336854997330618,-0.2629522600805859,0.4718538892589071,callo_223.png,smaller
-0.7422155792015458,-0.6458147769802123,0.39880417934504103,0.4309527102482549,-0.023110327599212013,0.3671840230729627,callo_224.png,smaller
-0.19952834332463634,-0.05780062346021154,-0.06256870122094428,-0.8137898035623377,0.5361703449952135,-0.7938469817503638,callo_225.png,smaller
0.8172440785732803,0.3940013308236338,0.43411183573979817,0.5002035860007936,-0.42807284912162963,0.4365550315707956,callo_226.png,smaller
0.5821839057430275,0.1109333509281298,0.5729106999485764,0.12394811302248997,0.013937382932265065,0.06533766473364956,callo_227.png,smaller
3.7120538690382534,4.830395050226324,-5.112319640269914,-3.183486577936146,-2.727805483988692,-2.5439944418406313,callo_228.png,smaller
0.2938004080783971,0.1971442411204849,-0.04782453524180756,-0.5672638138054845,0.1884018826725582,-0.5769061072324311,callo_229.png,smaller
1.164998484226424,1.0029017915504046,-0.6567475207882497,0.4739765668536747,-1.3445252088999367,0.4105267051774971,callo_23.png,smaller
1.1026687420692836,0.9382571919363467,-0.49743593365267585,-0.33001384659457805,-0.4994324796975767,-0.3626194857808772,callo_230.png,smaller
1.5582452253317327,1.5470899976974282,-1.101315889871249,-0.4217563203279659,-0.6602690337159945,-0.4466271123236316,callo_231.png,smaller
1.3044070129540546,0.8705151315668712,-0.20801239359657606,0.24560454730558678,-0.30312154274677977,0.18464191220612444,callo_232.png,smaller
1.154705730870135,1.2449348927398451,-0.8428976329738221,-1.567073508613751,-0.9960514534416702,-1.4121150102190447,callo_233.png,smaller
0.6661867593659563,0.5438376496058271,-0.2791477511966766,-0.7189039440899556,-0.4693504632666926,-0.710364257643287,callo_234.png,smaller
-0.06574976201036399,0.17508355127827416,-0.4032295500419759,-0.08208464637595253,-0.2412389035663965,-0.13004422390958786,callo_235.png,smaller
1.6727361240075411,1.110814499524937,-0.4285210547987785,-1.091663252856681,-0.4228386578246689,-1.0304189419908238,callo_236.png,smaller
0.04319896431256984,0.0039005323036569906,0.22943602051742917,-0.33195862874343396,-0.10313656073258679,-0.36516947002263206,callo_237.png,smaller
0.8929300695584825,0.26181969028865093,0.45410066025386614,-0.19973820385689667,-0.22290620345268108,-0.24114634881833907,callo_238.png,smaller
0.765161129352492,0.42006715384140636,0.0387547488888507,0.2107979444351768,-0.06957459661258546,0.15049419782548165,callo_239.png,smaller
1.0566679734786593,0.9539984870435106,-0.6010959428443077,-0.747381884253293,-0.7876414391853237,-0.7343370818545831,callo_24.png,smaller
1.7415893953203059,1.255762860612921,-0.6283652843079511,-0.11433195867243366,-1.236564155219242,-0.16093089806209096,callo_240.png,smaller
1.4648959184991315,1.3165131912533095,-0.77292628729947,-0.133539149139215,-1.2525895723249525,-0.17720244387109219,callo_241.png,smaller
0.41489642286339734,0.32647757914157816,-0.22481021336773419,-1.270993499154084,0.07518078989766316,-1.1780760841476559,callo_242.png,smaller
0.8987590573020201,0.8196256518386932,-0.3260734566200605,0.286929204096744,-0.7921631944388778,0.22534001507774146,callo_243.png,smaller
-0.0749801560092427,-0.14065826876634677,0.24183732568704444,0.6711728497782635,0.09866626710311291,0.6097584234595714,callo_244.png,smaller
0.6091238010844355,0.8879536137400329,-0.7785026701589937,0.019530755891675453,-0.9638377720769151,-0.03523506384320774,callo_245.png,smaller
0.12709551401661304,0.17849931245309963,-0.06849406058867245,0.593710118828764,0.09645645204258635,0.5309049251531291,callo_246.png,smaller
0.12568682600500003,0.12627066827131556,-0.055360070053555005,1.7855128484001221,-0.7203336886316599,1.8180671833717934,callo_247.png,smaller
0.866265517357002,0.6157126864054026,-0.09830884812500744,0.5544482140656117,-0.4989985372714208,0.4921637756416598,callo_248.png,smaller
0.15465002166593503,0.20968565718935686,-0.22913717733216946,0.9083794672389582,-0.002020432946894834,0.8554662482398809,callo_249.png,smaller
2.323070659048266,1.8282333588734772,-0.7407623405629488,-0.13722142124769277,-1.7745064814530336,-0.18105077687010343,callo_25.png,smaller
0.8882181077964942,1.1381974878254515,-0.810315105283248,0.7642610214216734,-1.0604601722343256,0.7054509166121206,callo_250.png,smaller
0.3517957132967784,0.8391504492797697,-1.0875796690959543,1.1434016930243942,-2.572582140499453,1.1073410639117836,callo_251.png,smaller
0.8789971013514184,1.114135342892537,-1.1135537328642344,-0.3986989568239548,-0.9628952670732007,-0.4244503340703322,callo_252.png,smaller
0.4274537940221846,0.1003361323203025,0.36962105732784034,-0.1964935191305793,0.0807540131330509,-0.23749151719854014,callo_253.png,smaller
0.40594205462461314,0.41680903269641856,-0.28485134657947875,-0.7129720441330493,-0.051474839957316366,-0.7047942144349691,callo_254.png,smaller
0.42854380392440417,0.43605718724055353,-0.10605837830838606,0.7416715743414047,-0.3962221728028523,0.6836754946681016,callo_255.png,smaller
1.0300312814285106,1.1167466990093649,-0.9048869445367183,-0.44452701651371834,-0.7925035399012939,-0.46422062930314845,callo_256.png,smaller
0.9289146957507495,0.8632126972873367,-0.6062033493985804,-0.7024170643725968,-0.44799726948065693,-0.6955888887493862,callo_257.png,smaller
1.1607986850102467,1.7881476127011737,-1.869552987147894,-1.0157642150003234,-1.0218553799560088,-0.9649342991825707,callo_258.png,smaller
0.3067728213644847,0.23743108998800438,-0.05247645695703831,-0.4842167233599158,-0.2142414809035792,-0.5018808057962013,callo_259.png,smaller
1.2712881565940988,1.3854777251109032,-0.9935427561431731,2.6228234094564655,-5.243121536349798,2.8150880073299214,callo_26.png,smaller
0.04396464648118864,0.6899364325746492,-1.3241394964306752,-0.9545358633355564,-0.9377357633061487,-0.9157271907479352,callo_260.png,smaller
-1.2260919879538,-0.7430799950824593,-0.14585400072498508,0.13808166858263393,0.7748814627678254,0.08133690020888817,callo_261.png,smaller
-1.0981094075485784,-0.7304056599098964,0.16377227995222876,0.9244534649598471,0.8063325304339098,0.8742622293355173,callo_262.png,smaller
-1.35734990760109,-0.8851340316699158,-0.11181498138969674,-1.2737398448903392,0.8385761626507237,-1.17890466586311,callo_263.png,smaller
-1.1146893500916593,-0.6641457533505568,-0.0530336675305003,0.6890597313107776,1.0297657420811928,0.6297397301329283,callo_264.png,smaller
-1.4054266512691784,-1.0302395519515408,0.15059292760180953,0.5647434128240273,0.9514200356375355,0.5026721115050893,callo_265.png,smaller
-1.4418652298437344,-1.2094153571773045,0.5075114028364942,0.08514248732874324,1.1019353612998743,0.02802381134848169,callo_266.png,smaller
-1.4725758560625863,-1.2270457913321164,0.48280571713989157,0.16799031101429118,1.2050987416228098,0.10846152918193455,callo_267.png,smaller
-1.414607674133294,-0.9568226675196948,-0.0509653651784763,0.36942223994291634,0.9903254369154358,0.3059966412411983,callo_268.png,smaller
-1.149511305774474,-0.4814805417050393,-0.5602612041782278,0.17980570525966344,0.3968111129934993,0.11975853849442271,callo_269.png,smaller
1.256346308417895,0.7815167754547897,-0.24972218404504026,-0.13756427603000365,-0.9693777737274037,-0.18454694024157528,callo_27.png,smaller
1.9432592975207514,1.6667754125902936,-1.0022875795961024,-0.11307612667344677,-2.1078503833733993,-0.15917116071769125,callo_28.png,smaller
-0.7505146760401769,-0.6709281271413101,0.5254535914419156,1.2018031286196524,0.36426358245644985,1.168802289214253,callo_29.png,smaller
-0.24714771920400636,-0.2805027585054839,0.33990509587327533,-0.6741289935234948,0.4267248709894105,-0.6716308309112842,callo_3.png,smaller
-0.8706063497856592,-1.0108949483071659,1.0930239388176812,1.8871387802626445,0.4661137029297583,1.9334437558733994,callo_30.png,smaller
1.031131787844342,1.9799255994030283,-2.4700348602493576,-1.346761734826103,-1.1589612648801633,-1.238259875633008,callo_31.png,smaller
-0.7924927687261124,-0.6426247736013995,0.40914220095487913,0.9417203543811105,0.3236769101453479,0.8915014922609762,callo_32.png,smaller
-0.6722739414451429,-0.716839055186637,0.7816204338845819,1.0697648385944365,0.1331436289575719,1.0270778446772852,callo_33.png,smaller
-1.2068741336404116,-1.2665707675919011,1.0526164222851455,0.7524143656517182,0.650697957734903,0.6930430055355927,callo_34.png,smaller
-1.1491118898732426,-1.3883868331199547,1.5430520012787294,3.1931532745886098,0.3645308187481492,3.5313130496864495,callo_35.png,smaller
-0.9196882310061106,-0.7187073909373995,0.38393052725877874,2.3558026586126437,-0.4485484300548107,2.4880593233954897,callo_36.png,smaller
-0.9589614252563432,-0.9553306593386092,0.8569222186914077,0.7350605441538196,0.36961589527350136,0.676286030971368,callo_37.png,smaller
-0.6773974035803044,-0.6955455149258535,0.7139015953980958,0.973838141187813,0.16117731278964675,0.9246866915888268,callo_38.png,smaller
-0.9607968411740835,-1.1875402234235894,1.3270163950536633,3.3936501442096665,-0.22212564494780648,3.793574225148947,callo_39.png,smaller
-0.16187257515466927,-0.11155495403858912,0.09875292114675212,-0.005958561414643621,0.5571567007650827,-0.059160000367521046,callo_4.png,smaller
0.015147638908144162,0.43140370494431146,-0.6101200642453573,2.901111665098416,-0.9303685823683574,3.161352509081979,callo_40.png,smaller
-0.6125533151139521,-0.7934939177866898,1.0131130644875677,3.071944885291247,-0.10102286415819559,3.3750013465401616,callo_41.png,smaller
-0.9582981178370028,-0.8480606283381571,0.5715687930076604,0.9436999199268399,0.32431276810423326,0.8939491296356544,callo_42.png,smaller
-0.7442588827558735,-0.7130916502949781,0.6896049062682085,2.764558596811827,-0.09385540526263798,2.9872931144525867,callo_43.png,smaller
3.0503565912369237,3.6540708745294364,-3.649740132401777,-0.2590981626331766,-5.5118100607263605,-0.285187301446609,callo_44.png,smaller
-0.7999546074076378,-1.0386921307788723,1.4149818781858599,4.201422759881383,-0.24499671104968868,4.888429816601225,callo_45.png,smaller
-0.4487570394965611,-0.015916140575440513,-0.43717985145551347,-1.2084485299065977,0.04894373625642442,-1.1246742482585212,callo_46.png,smaller
-0.09388916570250957,0.7276911514166029,-1.4765523010661228,-1.251610252712825,-0.5587800413899161,-1.1616011130919153,callo_47.png,smaller
0.12307263689201278,1.2610364124157505,-2.2761826863803396,-0.932925198945845,-1.0734658244494137,-0.8964749033115712,callo_48.png,smaller
0.003051458266835944,0.8619309909046798,-1.5092046408561617,-1.3093573274843486,-0.4077683158035775,-1.2096803706808024,callo_49.png,smaller
0.25234319015276,-0.020182066083054655,0.3624272207951265,0.5986529147530051,0.24629361593920507,0.535324422757318,callo_5.png,smaller
-0.11712800355573191,0.34690411912225844,-0.7068443375855941,-0.5231043018164396,0.16649577489183837,-0.5362109547792796,callo_50.png,smaller
0.12599851874864826,0.49369269582356806,-0.7891043848230412,-0.5885920731093667,-0.3645648785928613,-0.5950973355725739,callo_51.png,smaller
-0.7909769057421557,-0.5362372509393583,0.05234468163976146,-0.5093834025065149,0.6775877858709358,-0.5251501094473383,callo_52.png,smaller
-0.35921899169444677,-0.11815043495650998,-0.047881013109496225,0.4797265530509205,0.2560932317875143,0.4160328259765288,callo_53.png,smaller
0.5599413267461334,1.873950151625782,-2.659658808507287,-0.7628869650443924,-3.5079533439226944,-0.7476400475136059,callo_54.png,smaller
0.3847530081591229,1.3902254999794126,-1.9865306975468553,-1.031038230822058,-0.4030139842328715,-0.976134227190137,callo_55.png,smaller
0.44774219267984233,2.0458371780621434,-3.396972030820875,-2.040762711141725,-1.6432441040060293,-1.7740821083122091,callo_56.png,smaller
0.2599666034792121,0.8453913838455794,-0.9342809035758941,-0.010518852555047621,-0.616812054781998,-0.0602101682884047,callo_57.png,smaller
-0.3053302839377093,0.43048056679973845,-1.1248217972459964,-0.333565634822488,-0.17461655755250344,-0.36471345106074826,callo_58.png,smaller
0.4789960181898888,2.175388247150718,-3.601800580821151,-2.2027477779716933,-1.7960566722232039,-1.8910847316252826,callo_59.png,smaller
0.10510620512950541,-0.20267276618598887,0.5538280109568999,-0.29442853739876074,0.3941283510135539,-0.3288856874185359,callo_6.png,smaller
-0.6797504540202955,-0.463095021591751,0.23094189673788118,1.3579016942574418,0.5036098738639035,1.3392296321448671,callo_60.png,smaller
-0.4088024324291155,0.2518086411599417,-0.8666975958969059,0.2528219288380821,-0.009065964677469982,0.19350638262462122,callo_61.png,smaller
0.9693716900789913,2.720203995998854,-4.030559444237959,-2.734142440243219,-1.5353327822687428,-2.2575424890524647,callo_62.png,smaller
1.4706279837364007,3.7389471397099507,-5.107562504356902,-2.3003386874941754,-2.797671352143025,-1.9604703833708308,callo_63.png,smaller
0.758205480474787,0.8643250106132057,-0.6912151823799021,-0.31504994134305786,-0.59680919698767,-0.3477734296968626,callo_64.png,smaller
0.2584736840279391,0.12703345769373608,0.14596810417495865,0.18373950443541337,-0.23899714643284428,0.12433730131489687,callo_65.png,smaller
1.0024484175190462,0.958001372755271,-0.5883198552778557,-0.5155848418051813,-0.9340611143071379,-0.5289809070669559,callo_66.png,smaller
0.8338198618190404,0.3025552876957051,0.5650126282022102,1.9813565463346428,-0.5918081693610504,2.042932753668375,callo_67.png,smaller
1.6177689330691127,1.7331011930297677,-1.4572272518177827,-1.5176198536074814,-1.5281240563786744,-1.375286587190755,callo_68.png,smaller
1.8858889026578993,2.0965407037144677,-1.8177309155243255,-0.893479492237699,-1.2454426366952158,-0.861438757732235,callo_69.png,smaller
0.588473957834264,1.2401636198281194,-1.5511779641915884,0.04665159359546716,-1.5216678934398986,-0.009268550424054766,callo_7.png,smaller
1.7921227309236363,1.6336774795389981,-1.2738017488382454,-1.1016105195980468,-1.1784978462300733,-1.0386935104196293,callo_70.png,smaller
2.7003637792443658,2.511985464566665,-1.7814876320627844,-1.1706523709205838,-1.6847629243089242,-1.0896737547493989,callo_71.png,smaller
0.46753630339841584,1.0525595534452599,-1.3968335703003316,-1.8908266198993653,-0.9631685460980767,-1.6630726818313546,callo_72.png,smaller
0.09615007659178328,0.5671866170734243,-0.8742449184563152,-1.3385936432730163,-0.519449126711542,-1.2329008931724927,callo_73.png,smaller
-0.11125114037504118,0.17202118712175735,-0.39455277256002075,0.20981970707354505,-0.2389968132551548,0.148701127540512,callo_74.png,smaller
-0.5860518504375736,-0.4463953582809703,0.3037151515256008,0.6117729188882931,0.3930515891631016,0.5501023859445293,callo_75.png,smaller
-0.13887262068420556,0.19008959738233305,-0.4726757789675926,-0.6461031736124018,-0.5722813355523632,-0.6470497045736123,callo_76.png,smaller
-0.1307115488951249,0.01703213500024778,-0.010317417486203118,0.9464463027447941,-0.11059567897508302,0.8949553947965141,callo_77.png,smaller
-0.5932788242360322,-0.5144241774834521,0.41389240233630575,0.4345232576980069,-0.3526889235571222,0.37180254178959327,callo_78.png,smaller
0.16921859395402122,1.419482957550681,-2.5620056038584114,-1.1393210766560338,-4.105328546023628,-1.0717083891797736,callo_79.png,smaller
-0.7492812362794103,-0.19291459923508675,-0.5520874945030542,-0.4034638209904519,-0.3378553900682736,-0.4299780874570679,callo_8.png,smaller
-0.11005504447925239,0.07231529412231956,-0.1571413812345515,-0.14029212483148873,-0.09484309404958956,-0.1845069640662839,callo_80.png,smaller
-0.08622139882501367,0.9246790443861156,-1.6860339912265314,1.0663977875934538,-0.8076842662095123,1.0227760797726504,callo_81.png,smaller
-0.545486773218262,-0.24284283719431907,-0.2393404599133761,-0.22400384078224847,-0.012266572432390153,-0.26479949242423184,callo_82.png,smaller
0.07617303054624719,0.7689215481581642,-1.3548822195098964,-0.7170647128578128,-0.7324759562902222,-0.7092150974804109,callo_83.png,smaller
-0.47090397594309846,0.7591409531149778,-2.124938572671292,-1.1821664717282225,-1.9336764531079809,-1.1036991382016097,callo_84.png,smaller
-0.9449394279807466,-0.5329919433993734,-0.20587689805001813,-1.1221845765461032,0.042833174381480855,-1.0544032786714272,callo_85.png,smaller
-0.24398348701674877,0.11612577466714133,-0.6932277058959193,-1.5564632831868939,0.010136548229584904,-1.4080393430425027,callo_86.png,smaller
-0.42322659413818103,-0.16535355545781064,-0.09258744830205476,0.044358666791008014,-0.5258015139606637,-0.010362711819537032,callo_87.png,smaller
-0.8018059958069929,-0.1410248403021025,-0.7778034221728012,-0.9646566372914958,-0.8513772140828859,-0.9240927505142025,callo_88.png,smaller
-0.39718048321030475,-0.23121751658985967,0.06381299233349094,-0.17716707467499163,-0.11424832067165729,-0.22120451885532227,callo_89.png,smaller
1.0635164327513966,1.5390196999821035,-1.2217495330440897,-0.9581049130359993,-3.528038639068489,-0.9167609623760382,callo_9.png,smaller
-0.5326234969474882,-0.08645646127018336,-0.5402642455354054,-1.0712999159461956,-0.05536190940318214,-1.0127841923549443,callo_90.png,smaller
1.8469052817085252,1.8424244602722286,-1.556798620931048,-0.45284984327957106,-2.942934567198002,-0.47195623067117587,callo_91.png,smaller
1.5134387378536773,1.6680319756576178,-1.4882575959478448,-1.3246477079483117,-1.622905108778571,-1.2196640040541418,callo_92.png,smaller
0.703388242515937,0.5106293494321592,-0.014889845984004115,-0.19938864807793616,-0.49119533344485716,-0.24070241615041735,callo_93.png,smaller
1.1541644630362389,1.561978609111018,-1.6060663106577693,-0.5280934210101439,-2.2178547867163947,-0.5401249581891283,callo_94.png,smaller
-0.06056834901199103,-0.15332175733195702,0.29715120821648716,-0.4375087333070683,0.11120183034833399,-0.4596111712638555,callo_95.png,smaller
-0.4859640240494701,0.9459368448661678,-2.670833388013508,-1.5498804590586757,-1.250353312493114,-1.4001777670094715,callo_96.png,smaller
-0.9735403980117858,-0.5483486819412954,-0.17773939580866296,-0.35228060481834184,0.6786640427859374,-0.38154001969464457,callo_97.png,smaller
-0.17142002335620557,-0.021395043913820987,0.0687009440775378,-0.18918491378163138,0.07030858165210672,-0.2302113672950022,callo_98.png,smaller
-0.4447557297635362,-0.5940935208215155,0.5555004258775218,-0.22267839263882044,0.6538616155052921,-0.2629443951215114,callo_99.png,smaller
-0.7703862729611024,-0.8356725492315344,0.7055258680768629,0.28733260890203866,0.847349278068855,0.22419662817983046,callo_1.png,higher
-0.7276952478701726,-1.1641163225751197,1.4717695616606088,0.9982969301777195,1.0194684472186863,0.9505443764754087,callo_10.png,higher
-0.4502986659685027,-0.5932838472188082,0.6986370125345781,0.8048747804557334,0.44605057570794693,0.7471931796255109,callo_100.png,higher
-0.08615142918496334,-0.4261776897315963,0.7398728746580419,-0.538046626555514,0.11357442884680684,-0.5504945653181096,callo_101.png,higher
-0.3022700126297262,-0.8503762203400822,1.368643532905484,1.674215500226057,0.6806400296292416,1.6895595100227487,callo_102.png,higher
0.8984569637875761,0.3531930812150896,0.30644509708163914,0.7310381588453894,-0.27311925496762696,0.6714749605077975,callo_103.png,higher
0.2717676283481831,-0.08344090332454203,0.5342916847417071,-0.20370209946760065,-0.054660835783627904,-0.24455862682733137,callo_104.png,higher
0.16074933739698538,-0.18403021223053576,0.6589794947812558,-0.17098696401822472,0.3565882949210589,-0.21503979514545676,callo_105.png,higher
1.417255949089761,0.6755699449773321,0.17122623957666983,-0.5446645968066889,-1.1564666542089999,-0.5550252886260982,callo_106.png,higher
-0.39223058176933007,-0.83612638410139,1.270145921274406,1.282981872873481,0.6491576699450518,1.256995339165772,callo_107.png,higher
0.15148018262313717,-0.27844987909948793,0.6695540993114472,0.35497075089856384,-0.029748569579100728,0.29221830479178684,callo_108.png,higher
-0.23475270170002235,-0.24304794294084006,0.18573352045675923,-0.10960237670866847,0.20493620701865706,-0.15697952018828598,callo_109.png,higher
-0.38333225030994633,-0.4159554374849553,0.175121506209072,-0.4995324892983231,0.6516148200564266,-0.5162971944586436,callo_11.png,higher
-0.3718083684919884,-0.3786063606078126,0.34093749094009074,-0.07971073405089339,0.5700359584231653,-0.12854919243662888,callo_110.png,higher
-0.34488225796839206,-0.36042805206745293,0.2968925574866229,-0.33343999737235447,0.42344647231754795,-0.36534025530248393,callo_111.png,higher
-0.80876058873219,-0.7751158137301953,0.4580555415125666,0.32430691518202803,0.8566259081264264,0.2603928020794537,callo_112.png,higher
-0.20488289354559572,-0.24245578080784055,0.20865651173724484,-0.7441704798381813,0.36338441280893613,-0.7333012297982785,callo_113.png,higher
-0.5917661406035354,-0.6939620194725822,0.6095000533561582,0.28980212771456393,0.8548166378532266,0.22692274772562657,callo_114.png,higher
-0.2938391987794305,-0.05049088027918317,-0.3242976234842158,-1.3102788546448718,0.40231720603675036,-1.210175174137536,callo_115.png,higher
0.3601185170962125,0.31884647745188543,-0.2863980840458271,-1.4624681718442958,-0.08105163850249673,-1.3329180888599368,callo_116.png,higher
-0.9221759963958879,-1.0778039829163928,0.9429669795498667,-0.12456374196181495,0.8685655442912598,-0.17134497771608348,callo_117.png,higher
-1.1927966614509187,-0.9060067075849475,0.19784901893971193,-0.6157753081020763,0.8753717295971499,-0.6199530953276022,callo_118.png,higher
-1.26052758989638,-1.5379835225142633,1.5792852740975536,0.9564558416637813,1.302076682694967,0.9057405013714824,callo_119.png,higher
-0.9405239600086823,-1.3392169630974342,1.5336116359922634,1.9488327595046764,1.093335244136383,2.004916578224561,callo_12.png,higher
-1.1083534090857399,-0.8240514058741263,0.24143521919699637,-0.23108886501342465,0.7081259635772563,-0.2697223065940134,callo_120.png,higher
-1.5609901069512753,-1.4685576713400443,0.7393470641204192,-0.3497023767385811,1.2396181088958096,-0.38085357882679116,callo_121.png,higher
-1.2063321588819882,-1.2645308571569807,1.032328913424121,0.2694846722367748,1.0805024952267699,0.2065330526560858,callo_122.png,higher
-1.3419457610145349,-1.1114766114729575,0.3766513109979256,-0.18718986245078223,1.1759254807008863,-0.23062738260286303,callo_123.png,higher
-1.0901093428477742,-0.9916761950967417,0.6068489881375363,-0.8493855801570677,0.7863580763760548,-0.8241482681536597,callo_124.png,higher
-1.372882496819202,-1.0046460999028781,0.09729307441142991,-0.9899338374222504,1.0389738435636433,-0.9444943940305184,callo_125.png,higher
-1.3684848160726657,-1.1280950400087884,0.4207732433959403,-0.4369552474962808,0.7663158095626268,-0.45950173868614236,callo_126.png,higher
-0.4291088161463021,-0.17678256053101327,-0.17366313341675152,-0.4244298405647086,0.5171399431173915,-0.4487902792853265,callo_127.png,higher
-1.0152453616966075,-1.3248188352312797,1.5544824625791598,1.4020305444070094,1.2452503404700563,1.38549844795516,callo_128.png,higher
-0.3389526099495118,-0.6083647278241693,0.7121559893803342,0.20012241294550495,0.7781014632631152,0.13907796761367314,callo_129.png,higher
-0.5585214428738834,-0.44710410037446724,0.10034188878427888,-0.6410657093382818,0.4472992266016243,-0.6426538656513859,callo_13.png,higher
0.2961630593686852,0.05353757276714461,0.13099209578822,-0.10305371062578142,0.1863953378419946,-0.1514357909403711,callo_130.png,higher
0.21847256818941993,0.00861759530806224,0.10385982701237513,-1.1707799800806047,0.28046027191698597,-1.0964230181034977,callo_131.png,higher
0.4228913394196383,-0.023191720787656262,0.2555410939187698,-0.6292726784733245,0.33688430636589,-0.6318648831372436,callo_132.png,higher
2.1539209225201423,1.0942596070465183,0.08751391273667153,0.07215566822115434,-0.864679631087268,0.01620975146614233,callo_133.png,higher
0.29151562137564974,0.007611084474597449,0.331423639571945,-0.9166506394871918,0.0892233323707823,-0.8813424173338386,callo_134.png,higher
0.9976147772953483,0.4792216288838487,0.18747256406177948,0.9918702081746038,-0.4225857670707303,0.9433702234306575,callo_135.png,higher
0.614999520063276,-0.04824079275249833,0.6050778564173832,-0.9023842126365027,0.25294283161630793,-0.8699203814443905,callo_136.png,higher
0.27736144263859097,-0.24210791275859522,0.5142128917625232,-0.7839311335297142,0.2009631862554484,-0.7679393016651566,callo_137.png,higher
0.9948193171387731,0.4259164458628838,0.18780195406306527,-0.5971801460745474,-0.13170996956215617,-0.6042567563979968,callo_138.png,higher
-0.8328884653772927,-0.6898167976577946,0.3048473501454226,-0.23084623837281962,0.9444347878944922,-0.27042006152130144,callo_139.png,higher
-0.35535957047807887,-0.18551794769984606,-0.22831667068254372,-0.5455473926901495,0.5888590274770696,-0.5580217210489212,callo_14.png,higher
-0.9366194302057578,-0.7806767990326008,0.5121890128051526,0.3012546863797652,0.8560531722718455,0.24018121364450873,callo_140.png,higher
-0.9956234547578956,-0.880324028785878,0.5670601771434836,-0.17905320030331684,1.130563081835508,-0.221872618895443,callo_141.png,higher
-1.3878655353838194,-1.5580403585385123,1.3876149713947543,-0.6139058833089356,1.3875195180287128,-0.6191406345902807,callo_142.png,higher
-1.263911129132377,-1.2067921434086397,0.7846731563610113,-0.3740179406908923,1.1735399847899959,-0.4021741628706067,callo_143.png,higher
0.1242089392200423,-0.24370094337750497,0.6597682894733133,0.15021510733400667,0.6167891684268065,0.09133042512102747,callo_144.png,higher
-0.700622758776677,-0.8817217364400783,0.9158296300956522,0.3464055839712982,1.0935807704318612,0.2823547031634697,callo_145.png,higher
-0.6587096528283279,-0.7362897894169551,0.5813500045272137,0.5823463707154787,0.6367494962856045,0.5185542041550663,callo_146.png,higher
-0.3892734144623508,-0.4891554540507193,0.6335065125171625,0.6064440781166566,0.8429479332230889,0.5437057617203315,callo_147.png,higher
-0.9904730482525387,-0.7219673132204713,0.28763495648228704,0.17252721244546435,0.8452855171818868,0.11104826399862298,callo_148.png,higher
-0.664454966456588,-0.5941020384717183,0.36951980870773793,-0.15552702633859028,0.42229222822415446,-0.20037192949695223,callo_149.png,higher
-0.7990267686967465,-0.7983413807055716,0.4457415519119416,-0.2453555527744112,0.9508440230752725,-0.2842433325917341,callo_15.png,higher
-0.9245340170452385,-0.5483122622738339,-0.1479640693990247,-0.7212067933042828,0.7656089703162997,-0.7136268598300143,callo_150.png,higher
-0.9393026508147008,-0.9748893924701088,0.8516805952473876,-0.08052130585424733,1.1934038487784824,-0.12974060587238773,callo_151.png,higher
-0.8010326984402295,-0.9434691067649436,0.9199122984148939,-0.18350992235693697,1.0126680013785267,-0.2271603427564277,callo_152.png,higher
-1.0871520516149193,-1.0179759081843611,0.6824483495819466,-0.9824461452392718,0.9705054519518538,-0.9380680671715201,callo_153.png,higher
-1.1229796291970622,-1.2557312766870377,1.037641939662998,-0.4800080275165622,1.1484783461125634,-0.4995718170518753,callo_154.png,higher
-1.014108207798861,-1.1017782409256758,0.8761413388611684,-0.05441332453930243,0.9791667561710327,-0.10510799116689906,callo_155.png,higher
-0.11776158709762559,-0.6905374865419047,1.1327606872236882,1.2286526290418138,0.853860039346422,1.1971301672198267,callo_156.png,higher
-0.36276970473706066,-0.6144482734209717,0.642637944595392,-0.18507477620671844,0.8192501756774079,-0.22775718841432635,callo_157.png,higher
0.5825512992486592,-0.3271872973361024,1.2836124377501776,0.38248716315675524,0.4315908857205004,0.31908982695410143,callo_158.png,higher
0.5690746341539205,0.3692860647898197,-0.11298866262574213,-0.7208965774334801,-0.057945614063400916,-0.7110876639557681,callo_159.png,higher
-0.7676204686226853,-0.8916312636485771,0.7018551414228137,-0.7490542235686054,0.9185192692122038,-0.7383370559642632,callo_16.png,higher
-0.26846116975813183,-0.8015694743885265,1.1338005201345416,0.19996008664470036,0.8692264950174274,0.1400873683115594,callo_160.png,higher
-0.39223227390820314,-0.5825846762329331,0.54414113737913,-0.012717274376326484,0.8229920948450629,-0.06603074869810033,callo_161.png,higher
0.6400350210565917,0.10955262103270062,0.4758660338227563,0.7875867311939017,0.17481059772522337,0.7306389965701753,callo_162.png,higher
-0.4857054295246004,-0.8207718397169542,1.0379042716743938,0.27405928317810074,0.9266216530944746,0.21099483134925343,callo_163.png,higher
-0.3026119460759715,-0.5661575328936002,0.7449347720012273,-0.9806071903476576,0.8260868766768376,-0.937011165139789,callo_164.png,higher
0.8374385660587802,0.5506473833334782,-0.11408477304687635,-0.4617138552469789,-0.1325574465103189,-0.4818301588814642,callo_165.png,higher
0.6920343771445032,0.20218828263624455,0.3119484848811491,-0.5083461220584415,0.2000045316071513,-0.5238095118865441,callo_166.png,higher
0.30212025816560756,-0.15265864075370797,0.5891812801083532,0.38352067398843304,0.5268270163265972,0.31848675304612745,callo_167.png,higher
0.47652217874414216,-0.0373741893202842,0.544846718479726,0.7211516037352694,0.21475419002411192,0.6605964876292051,callo_168.png,higher
0.37848048968899073,-0.4227325134682919,1.1430484774119385,0.6256060574232126,0.5363202849873508,0.5623076172646266,callo_169.png,higher
-0.5521317557880844,-0.5725780587608646,0.3322635777147082,-0.6222230670424705,0.5758146632059458,-0.6257897340637322,callo_17.png,higher
0.27108121478983227,-0.4714416000758686,1.1303573102877407,0.4282839659025414,0.41322230575443586,0.36399772305155037,callo_170.png,higher
0.4277953102528656,-0.0032795565977199606,0.4619540037204214,0.5924228487341483,0.5654579510733926,0.5289555194730251,callo_171.png,higher
0.028302163080208165,-0.2623579124811547,0.48861601422700107,-0.39109132406616354,0.5837509433313054,-0.4182416468195478,callo_172.png,higher
1.7682233043974351,0.28083183100861603,0.9201895361321619,0.4366452045801425,-0.23403918910025853,0.3717861619121728,callo_173.png,higher
-1.1285625781768673,-1.3439624252174776,1.2482185218412665,2.103577232662238,1.0962678329376472,2.1854364368235135,callo_174.png,higher
-0.9725023701112984,-0.8568913128999769,0.37107033374346526,-0.5300269450097268,0.9177158861659069,-0.5446606307515895,callo_175.png,higher
-0.7120540408012116,-0.23187665245301187,-0.5030912053871418,0.05579362643023409,0.5664549828109912,-0.0008071656687856454,callo_176.png,higher
-0.6829613307231049,-1.0567699742058605,1.3397492749040587,1.1234096887842813,1.0437095989574507,1.082812034962011,callo_177.png,higher
0.295068581334954,0.37478837411662314,-0.3199024057647359,-0.6158608028116378,0.19091405274106463,-0.6195275458707142,callo_178.png,higher
-0.9572378239269574,-0.9266794284108413,0.669041384864013,1.6507813462210186,0.7284338941354301,1.6631335523626247,callo_179.png,higher
-0.3561393055517595,-0.3539795924726351,0.18487262826525505,-0.4757732900521732,0.6774731557471698,-0.49482366051263754,callo_18.png,higher
-0.5723525287811841,-0.38893195396910546,0.028299459112849246,-0.6608320916102264,0.6289139602353615,-0.6609195627628658,callo_180.png,higher
-0.08666676856649451,-0.21312935885256498,0.32124684195253583,0.832496518121837,0.4242122120789529,0.77631096414353,callo_181.png,higher
-0.4583515683393789,-0.586510840334306,0.5746926141032748,-0.5563364837189757,0.8052154689847233,-0.5674876907152042,callo_182.png,higher
2.0971696808241846,1.2018208035255715,-0.40160331127265403,-0.718721442570387,-0.6038581290578,-0.7093634574304616,callo_183.png,higher
-0.8448725343377073,-0.7132659812226975,0.28793803976388926,-0.5980286015715391,0.7998200160481828,-0.6046736832449353,callo_184.png,higher
-1.2011988924120882,-1.09261368784656,0.5526299763299595,0.2739686141482342,1.1394921745031326,0.21121382497730998,callo_185.png,higher
0.6280969619876413,0.3375015998266316,-0.016492525457251217,-0.03544956583054748,0.2060055999430218,-0.08732350306695637,callo_186.png,higher
-0.7026856387707289,-0.8603679764902372,1.0390963027977231,0.9275018592817174,0.8163552698357595,0.8758070402055148,callo_187.png,higher
0.008972895588868955,0.08301641582694394,0.10109466582346079,0.2853089337191691,0.6042307875671784,0.2228777620363351,callo_188.png,higher
-0.33088949983058763,-0.893431391757862,1.300343638228212,1.4259659931780504,1.0902283439529277,1.4120734125688843,callo_189.png,higher
-0.4661419903077949,-0.4755831015669435,0.46442423438786357,-0.7112820868192506,0.3806693186221782,-0.7044900590170075,callo_19.png,higher
0.31583242369372394,0.06326393667147832,0.12460932257846644,-0.8837266844062202,0.5163253460530004,-0.8539960058479008,callo_190.png,higher
-0.7757261375772306,-0.7999471168784297,0.7082368346096554,1.1056748341392084,0.6917077522524295,1.0648363359845774,callo_191.png,higher
-0.7192267086214902,-1.1078007930649194,1.5795129408587718,0.7593720387027982,1.1662502806452701,0.6999689390520133,callo_192.png,higher
-1.1522296279472124,-1.264439263733606,1.187741158717886,1.65711659127085,1.101357883986429,1.6709308214782332,callo_193.png,higher
-0.8798371329895338,-1.0575560995473303,1.0368105299301427,0.6582755942849887,0.9069703558659789,0.5966567663527894,callo_194.png,higher
0.20857041161383627,-0.2185390078891766,0.5819535102030892,0.5097817422638911,0.5643919022884335,0.4456127236974,callo_195.png,higher
-1.108387653292607,-0.7307549742199702,-0.09739216267479364,-0.9759083771162786,0.744649950267131,-0.9334829474865339,callo_196.png,higher
0.4177264065212629,-0.15847547933062558,0.6143730827748859,0.37289375223894244,0.6358847050580414,0.30842806839295217,callo_197.png,higher
-0.4900578877806386,-0.49403100646443765,0.420237301475722,0.7107781171614161,0.6357075647480217,0.6504156350724623,callo_198.png,higher
-0.28410669960169765,-0.5220983405155485,0.6265755729995104,-0.6439877982424577,0.7900190131098414,-0.6453084994782101,callo_199.png,higher
-0.3476073785258685,-0.5049762133237952,0.5033643475430867,-0.24521391031561543,0.649665006523139,-0.28471665259762047,callo_2.png,higher
-0.42230452148313824,-0.6889270775597156,0.9265318041896955,1.2602665744760613,0.7763488616856877,1.2306279959728195,callo_20.png,higher
-1.2383762484785006,-0.9790520665931834,0.2363902510783401,-0.0722056786441107,1.0108407608850438,-0.12291212167744545,callo_200.png,higher
-0.9199358536501563,-1.3384512786519045,1.7782650907686486,2.5061603076243713,1.2374849526379537,2.6679267134940345,callo_201.png,higher
-0.9813851136444145,-0.9267451865274287,0.7327286309649079,0.5736554419331168,0.9488449346181858,0.5097588549134725,callo_202.png,higher
-0.9730380587110645,-0.7137336106579758,0.07795202613505767,-1.1193990844238906,0.6042059165203575,-1.0530862314005622,callo_203.png,higher
-0.9945439301135339,-1.0593272070065198,0.974436716424063,0.4607762907735257,1.0546150346011756,0.39717537156713856,callo_204.png,higher
0.07281895803059178,-0.2485641872931738,0.5369628040689807,1.0386610977470214,0.7265850503595984,0.9927714937827314,callo_205.png,higher
-1.4913579122171934,-1.5246215470023543,1.0935829342892278,0.5192667937707874,1.3454327138188735,0.45470177779197163,callo_206.png,higher
-0.24114000852438588,-0.22024865531013166,0.280670448896161,-0.39937998882938114,0.6781902278874536,-0.4254426150622318,callo_207.png,higher
-0.47767913163622716,-0.41832998445523184,0.3671123651342458,0.9973454370441246,0.4807646711337719,0.9492180689036932,callo_208.png,higher
-0.9200681512787197,-0.8536745527607527,0.5611649903849699,0.19644230773045748,0.817680690184176,0.13595408863899835,callo_209.png,higher
-0.44504203162477074,-0.5501965562371965,0.5722327029719063,-0.07597092251514065,0.6958624944365961,-0.12505054665484103,callo_21.png,higher
-1.1594452631261645,-0.995533000585793,0.4845328239303859,-1.0613930154271658,1.1120780478863797,-1.0048876339011945,callo_210.png,higher
-1.0918964760290482,-0.9884588604849592,0.5990591563146455,0.35090699974357875,0.9460815851114283,0.28778202092135635,callo_211.png,higher
-1.0764475332883483,-1.053696336592204,0.8397498835862314,-0.2806020674324442,0.9903598914902333,-0.31597979006246146,callo_212.png,higher
-1.4498694627257773,-1.4683203261826034,1.0280426506224474,0.07297454988654742,0.9838346545330302,0.016451529284015987,callo_213.png,higher
-0.4912301044183282,-0.38670757912309317,0.27382815983758246,-0.4734715103739753,0.46435272421487234,-0.4916290631015988,callo_214.png,higher
-0.874589418952352,-0.7632525620751878,0.4064520613276151,-0.23205376329709082,0.9041415419109986,-0.27180893708780385,callo_215.png,higher
-0.5181517171053888,0.18452941100615042,-0.9730552689773867,-0.5189340629153463,0.20185174606182046,-0.53153369429736,callo_216.png,higher
-0.9566789232724534,-0.7135957465917115,0.15190124662676666,-0.1574093247779468,0.6695105327828107,-0.2020868200332392,callo_217.png,higher
-0.7354701522237452,-0.8423355035073171,0.7898930191655295,-0.02380080623488178,0.5830742469656737,-0.07676425651642879,callo_218.png,higher
-0.8881036006862333,-1.1958453931701094,1.4083876254056307,1.0409389898039705,0.9644202132032139,0.995183302628707,callo_219.png,higher
-0.24089801251974569,-0.4628971137728553,0.7342053125735662,-0.017735347119809064,0.4195664883055637,-0.0700212033808979,callo_22.png,higher
-0.7242417029546974,-0.8354480914250114,0.7384813149551064,-0.47702155895232484,0.8318039847277395,-0.4957819395801676,callo_220.png,higher
-0.805081392700794,-1.084020668363087,1.1919360440354871,0.17225061531345143,0.7821402587339823,0.11067902054527506,callo_221.png,higher
-1.0174182172980473,-0.986839547541457,0.7131179061342432,0.01192477172955357,0.5809767582868295,-0.04127883948683235,callo_222.png,higher
-0.6415962715344159,-0.596382111248599,0.4116730300679125,-0.6534712709432474,0.5818072190934017,-0.652899245414478,callo_223.png,higher
-0.7817753462658632,-1.1299749513819977,1.3947032528954402,1.9242524951134454,1.0594172387915284,1.9762403955139793,callo_224.png,higher
-0.35710145374302804,-0.5264881889786212,0.6827239410229363,0.38649124891583375,0.5922585501663223,0.3239325067481321,callo_225.png,higher
0.3907604301624887,-0.06583103814949005,0.35301642354343965,-0.41992334198334313,-0.006994784469558492,-0.4446322608526569,callo_226.png,higher
0.17199227359451705,0.28394252600048137,-0.5252711598158627,0.34397207983035455,0.24537342902526232,0.28022114160906025,callo_227.png,higher
-0.6414032833124443,-0.8153313955289135,0.7024914770959786,0.032140140566233384,0.961013230758086,-0.02364190475211107,callo_228.png,higher
-0.49730006467713356,-0.7361765912901618,0.9948943842455843,1.7138339738589519,0.7178632155275937,1.7359181052589594,callo_229.png,higher
-0.24362831261227566,-0.22220025139589053,0.19786642634328483,-0.39160122161855626,0.49095280125739343,-0.41885302387494816,callo_23.png,higher
-0.6567725239790929,-1.0124314763971962,1.3287133906780777,1.3694797069459692,0.8897267125099149,1.3510671534684615,callo_230.png,higher
-0.5535145517616868,-0.9186800022464012,1.1645320705370856,1.3272741714784753,0.9661242607170973,1.3044241550360878,callo_231.png,higher
0.07269121491040204,-0.11859265006148953,0.2545236649674544,-0.18257297597613834,0.5978268431494633,-0.2255731467499684,callo_232.png,higher
0.7075479153961117,0.10372559157250864,0.5969298126916165,1.5163669812007465,-0.07042402719416954,1.5127551574291302,callo_233.png,higher
-1.237167381033251,-1.2462575715050812,0.7669059471349814,-0.22780095438954112,1.076623781569284,-0.26865806106434437,callo_234.png,higher
-0.8751633860414977,-0.8372729715832204,0.3483595589638119,-0.29265428975919194,0.6895873245604124,-0.32796087340687663,callo_235.png,higher
-0.4910516515849427,-0.5282529364840319,0.6010531403926989,0.8234732968195652,0.5730021435011264,0.7677441698733583,callo_236.png,higher
-0.3111071665044162,-0.4624700916196496,0.6052958124958642,0.2659641111694496,0.6237859841586229,0.20387497644330588,callo_237.png,higher
-0.500913447140326,0.031803842973684805,-0.6046651566022134,-1.1214419464721654,0.26377587166700756,-1.053518663131582,callo_238.png,higher
-0.726855400466356,-1.0189698309164648,1.1999873859568175,0.6830234835004295,0.87463785998301,0.6217923373354449,callo_239.png,higher
-0.7607726729057888,-0.9136134582279113,0.9130881110128766,0.7033208796003559,0.8133681792190738,0.6422467698691582,callo_24.png,higher
-0.8282906978713178,-0.08172731423249915,-0.8398043933061421,0.0937661287939043,0.14264613910620785,0.03889959813894978,callo_240.png,higher
-0.8393655776310276,-1.2844043861532282,1.630444631056587,3.1991170581548043,0.8670053840729158,3.5391263863003557,callo_241.png,higher
-1.1062223432018103,-0.9895031853364563,0.534427359256788,-0.5799192354968052,0.5578519504024745,-0.5891675627430879,callo_242.png,higher
1.4723565343398695,0.46945560452596674,0.558346604064899,0.5529584896627174,-0.07195309493207573,0.48951615575361956,callo_243.png,higher
1.4769763663347495,0.6112738934363553,0.13286450789102086,-0.08247100657348244,-0.48401252297758934,-0.13222645063322153,callo_244.png,higher
-0.4865510096719861,-1.0769784289061533,1.7312075426763338,2.5697118702802104,0.9174106091178752,2.7461233393344853,callo_245.png,higher
-0.5388839057285212,-0.7901905014705266,1.0511150950300465,1.9776180033809834,0.7704438170009792,2.0379520114438336,callo_246.png,higher
-0.5321092392116393,-1.052696905726312,1.6003841183359313,2.6303920843811692,0.7730641668918355,2.8201586986258893,callo_247.png,higher
-0.9195036257707541,-1.2579114895549144,1.5129173049635039,2.4597173810527293,1.2372279800661163,2.6112282041938735,callo_248.png,higher
-0.5208110363834707,-0.7469013150323693,0.983729866220872,0.3306203005078496,0.9291116630602817,0.2667518242723802,callo_249.png,higher
1.5415878629464403,1.157332478302189,-0.7161938133825618,-1.7656822715270066,-1.0780037998033893,-1.5674617818085093,callo_25.png,higher
-0.2243776207874912,-0.12700435985142022,0.051879523958145816,-0.132613335489189,0.2763775120180548,-0.1785757127142894,callo_250.png,higher
0.2216474736662988,-0.4275504655385331,1.3182182087315684,3.6063125347055647,0.11983221390731168,4.072785435897991,callo_251.png,higher
0.7345528433548196,-0.007066739721805588,0.7666616861161826,0.07496042642377068,0.3888442778513072,0.017002595786461957,callo_252.png,higher
1.2083001081554192,0.7294107970931726,0.02482284903650473,-0.19438490892348637,-0.0635568688657054,-0.23687585152729318,callo_253.png,higher
0.5673752303157594,-0.05939829918532576,0.6121604935004512,-0.20813386796775982,0.5111030368250898,-0.2494268891514364,callo_254.png,higher
1.0621435590939892,0.5725098126419143,0.06041489687550511,0.38287791767555074,-0.4792233212437704,0.3186792018823275,callo_255.png,higher
0.40860144691678835,0.21183502582053712,0.11160377545692794,0.39257117148102977,0.0451344642506498,0.3281691343531934,callo_256.png,higher
0.8817077916008905,0.6748806503381077,-0.36932573947684966,-0.9903871211455318,0.05809266214536396,-0.9445011551077988,callo_257.png,higher
1.1191244990290934,0.4830102601741428,0.3485843037649542,1.2060684290476165,-0.5519556321818755,1.1716344165641586,callo_258.png,higher
1.407293428609581,0.6585613079185348,0.3814337725315256,0.5509957694564963,-0.19360774370687378,0.48635730301575625,callo_259.png,higher
-0.6609517127086718,-0.6695549373896217,0.6464332028762779,-0.22046313344613397,0.27377405774429914,-0.2584106696333558,callo_26.png,higher
-0.7315063412292132,-0.49703618097139873,-0.028040306341827134,-0.5940435830484947,0.578388152331851,-0.599949262197686,callo_260.png,higher
-0.9497507634353006,-0.7507924972607393,0.25086416021370483,0.3845335618556807,0.5301488190611966,0.3199190841059874,callo_261.png,higher
-1.089458783671941,-1.1779362091929613,0.9159954467170758,0.2523017685775598,1.0411656904467397,0.1892951023179315,callo_262.png,higher
-1.4262910744155255,-1.1729145247145145,0.3252238276328795,-0.9175787934056978,1.0080298290221592,-0.8829624151423713,callo_263.png,higher
-1.0749943138352032,-1.1845079722295273,1.0144415761738172,1.4864822585009358,0.9228940896666357,1.480219750282091,callo_264.png,higher
-1.295501211217317,-0.9540416323908482,0.09535496171558829,-0.7965073164809529,0.805884452228809,-0.7785686602384856,callo_265.png,higher
-0.7772495369838212,-0.7864083310653234,0.5122704652429731,0.48884408077684244,0.5891044711757608,0.42462888124576353,callo_266.png,higher
-1.0211082702180752,-1.2333931199465638,1.1602911909072353,0.5161589698216077,0.9507765851981421,0.4519281112876781,callo_267.png,higher
-1.0966769286434594,-0.9701863614032538,0.41134303395718946,0.507250626024024,0.8539070697083626,0.44360184158506216,callo_268.png,higher
-0.5089677990222584,-0.32837959174671877,0.057255299424684665,-0.3569702056969944,0.04206895607927743,-0.3848531829887895,callo_27.png,higher
-0.44498014789715806,-0.6992850909453535,0.9415000387816669,0.007025953526671637,0.7237606933959112,-0.0472199866391743,callo_28.png,higher
-0.39300917014476744,-0.3994097109007541,0.3468492244215661,-0.228041707462154,0.5632766197161104,-0.2684814764428712,callo_29.png,higher
-0.7691784290414839,-1.053151929494101,1.031463734917602,1.2160100090398274,1.0463779868935517,1.1821236328045586,callo_3.png,higher
-0.7845558972090079,-0.9848531248588249,0.9705102451069134,0.6630515938836867,1.0619199108062631,0.6009740750768231,callo_30.png,higher
-0.408358375040995,-0.5383930376296087,0.6246529704949485,0.25853608324176314,0.7118036815695182,0.19600949674425946,callo_31.png,higher
-0.6410001328688318,-0.7878854295351875,0.8097877056353667,1.5476208522156114,0.7656968665808429,1.547730156195875,callo_32.png,higher
-0.2915597371588003,-0.3058190366688636,0.2952048728215743,-0.70489500578113,0.4683459728700127,-0.698574080744476,callo_33.png,higher
-0.46937503413158815,-0.512126064097334,0.3681225743484841,-0.1952399175392055,0.2439041771322781,-0.23762838349508877,callo_34.png,higher
-0.8714069533187154,-1.1178761005066982,1.1692961911445978,1.298495636458718,0.9183494407123304,1.2731533714543375,callo_35.png,higher
-0.4819182060627482,-0.7811869884124943,0.9841928682782636,-0.6451236680331652,0.7741252432399041,-0.6468934838886692,callo_36.png,higher
-0.7761260053817188,-0.717919932194888,0.2518996123993501,-0.25238350120912423,0.8175072294528021,-0.29113005634730005,callo_37.png,higher
-0.630659092310102,-0.57545971683497,0.34851838615830044,-0.30420989283328725,0.5932127269353995,-0.33889669894929453,callo_38.png,higher
-0.456793934121813,-0.4273007126365895,0.25363082992176667,-0.1652177831099267,0.4311570538135561,-0.2090890042810336,callo_39.png,higher
-0.5817319140953506,-0.501908071334471,0.23986881823496817,-0.5608282246786594,0.6701885847551864,-0.5714077765274628,callo_4.png,higher
-1.1082460592465757,-0.8430158603116984,0.11322655339754742,-0.4937064612080023,0.8701933587895444,-0.5113035067805285,callo_40.png,higher
-0.8230366669124137,-0.1814327984286829,-0.8441181540883224,-1.2047281655778488,0.3527815606710435,-1.1234477385897599,callo_41.png,higher
-0.5426747282222057,-0.4611355202224886,0.1041371795924104,-0.5769955077410752,0.6110163326608357,-0.5851578493021904,callo_42.png,higher
-0.6911996851818317,-0.6116149710417678,0.2747009486798772,-0.49258733099094254,0.6723999797314489,-0.510218184181664,callo_43.png,higher
-0.2663646537674059,-0.584476915620777,0.7327418087884491,0.1276510119935307,0.7081443962161078,0.06757819448011149,callo_44.png,higher
-0.7305711450528299,-0.43426177778268993,-0.09041219706082713,-0.506447509339614,0.41906952718653967,-0.5224980856081913,callo_45.png,higher
-0.06503097616971082,-0.043703628912787465,-0.0077099913154566775,-0.9621969082519375,-0.005046801259342781,-0.9198386648847339,callo_46.png,higher
-0.652625797875686,-0.5663302218723963,0.26329993668193774,-0.6251346343093446,0.7697570834077898,-0.6288258317392114,callo_47.png,higher
-0.6455417035144748,-0.5777213218850483,0.304855004439491,-0.34389925361944335,0.5983490818836139,-0.3753407588909742,callo_48.png,higher
-0.13177553464149108,-0.3486534897075866,0.5069563578282629,0.21142890686281948,0.41394909593159324,0.14947069756782383,callo_49.png,higher
-0.3778058407840575,-0.4038133989273595,0.3316737009665177,-1.424577396944339,0.8169861920728714,-1.3035819167898288,callo_5.png,higher
-0.4005451248151565,-0.07335570124866164,-0.554974170569296,-1.2719193025640558,0.2283856664936086,-1.1786878012084747,callo_50.png,higher
-0.8529922318483333,-0.7493466816972799,0.28710470155491713,-0.5230162621820081,0.6066406242318448,-0.5377791390013982,callo_51.png,higher
-0.4709320088021057,-0.5563763529065788,0.6260355779208832,1.4838060577115717,0.1972139572546886,1.4776526206730274,callo_52.png,higher
-0.7806767427015626,-0.6724892594003171,0.3396355621180082,1.3262629816513671,0.47092457667329146,1.302955709514525,callo_53.png,higher
-0.08876659559475711,-0.3207405672817082,0.5179225938054769,0.35103705391933226,0.2712046528232962,0.28702226612907,callo_54.png,higher
0.4538818049005905,-0.2233734492014395,0.9834441897839954,0.7460678484665202,0.22341077577749563,0.6865511557707125,callo_55.png,higher
0.10374058473340698,-0.31342014187342393,0.7444957401721322,0.3014318201099388,0.43072303944771206,0.23820360870050383,callo_56.png,higher
0.19389391052601385,-0.2851089063353885,0.7540269762883751,0.12405175480488898,0.4778255490920146,0.06569465312451934,callo_57.png,higher
0.17233648574168392,-0.3937998608349213,0.8991841280184258,0.0028913177110875114,0.3528293510856779,-0.05064226774583466,callo_58.png,higher
1.0139413013286998,0.7878022830447332,-0.369755966633879,-0.5405992030505943,-0.20651630786664027,-0.5511630157087573,callo_59.png,higher
-0.8015844849606,-1.014057874592952,1.0309094603678295,1.562097471547501,1.010874834082161,1.5639467931718412,callo_6.png,higher
0.008438128838699951,-0.532610028268395,1.0364501745690848,0.5037709372318396,0.519359803573378,0.4393797156369758,callo_60.png,higher
-0.5035339117285988,-0.7192732121548991,0.7315428066376207,-0.25738566677701535,0.5287248207895361,-0.29481968691308685,callo_61.png,higher
-0.023358187465460593,-0.4030455869124143,0.7128301380762604,0.4464718485336368,0.07130043703771989,0.3831883688322422,callo_62.png,higher
0.6218307229490679,0.3510045351914401,-0.04903623201436886,-0.7733090208723388,-0.06217923996167727,-0.7579453620487168,callo_63.png,higher
1.671391942094749,1.2285712708991656,-0.7790898969412079,-1.1241676754163106,-0.5957784780097563,-1.0560934669015827,callo_64.png,higher
1.2389180940875717,0.5393987951530855,0.041367448905985364,-0.5745032275150216,-0.12484367747933506,-0.581788313328568,callo_65.png,higher
1.1169713708517715,0.6955511057303552,-0.05884773483178959,-0.4243377372651782,-0.06551970247901762,-0.44763368147459,callo_66.png,higher
0.4788008094186468,0.149967389232988,0.24810973145479062,-0.5297481137570058,0.4096632029859738,-0.5428193093779368,callo_67.png,higher
0.0883418894454687,-0.20416904966641786,0.6102660260353663,-0.24784377492579224,0.44166618217275755,-0.28652007970398824,callo_68.png,higher
1.038129878712915,0.6617342826026431,-0.17674757730356358,-0.06295950842465034,-0.04898221641410914,-0.11229888354091624,callo_69.png,higher
1.1164183825997618,0.9442561890246703,-0.6780147193661188,-1.4426149967550612,-0.33853461546309344,-1.3173552283352261,callo_7.png,higher
0.03786952585060346,-0.32269439539186273,0.7383869129515185,0.3075658941096668,0.6287456808847555,0.24508999642372212,callo_70.png,higher
0.5549581228670115,0.03799912514795953,0.5182175097561931,-0.12626221512699487,0.3178455419476222,-0.17314753796242288,callo_71.png,higher
0.5241725460672784,0.3145307809831976,0.1958937464824927,-0.265983118491466,0.17510453056752828,-0.3018569497554929,callo_72.png,higher
0.465944212129304,0.11898488346900732,0.24156676525567616,0.048179442245358216,-0.016812381136358613,-0.007271795213226478,callo_73.png,higher
0.3927424218045458,0.09544810877408018,0.2777021897674693,-0.2651108468799218,-0.23957983124144328,-0.3012293966721616,callo_74.png,higher
1.2135969126079234,0.6092441539716078,-0.21347537595159174,0.5131229749542426,-0.07093384966350505,0.4491939666300309,callo_75.png,higher
0.5461891869251005,0.19587627570255464,0.20970868828925646,0.43950399200680296,-0.11751810700749396,0.3764011843906688,callo_76.png,higher
0.2500138166251257,-0.19192349088645214,0.5182992595729264,-0.3935738952170773,0.4183623308170076,-0.4199582063219133,callo_77.png,higher
0.47586688214920503,0.42120120095913266,-0.307411588340038,-0.31484699354422396,-0.19604713493886095,-0.3480493940363218,callo_78.png,higher
0.02699582516051616,0.22679200035606642,-0.3615112036381897,-0.6559142445311725,0.15769212240257052,-0.6553415266664002,callo_79.png,higher
0.34390109577669736,0.12867440053475585,0.009938314662315293,-0.4042138944113304,0.07563660990610584,-0.4300313314038455,callo_8.png,higher
-0.6075385739337845,-0.09084218201218942,-0.645915324404717,-0.9675304642262793,0.2802690192481054,-0.9247605919778278,callo_80.png,higher
-0.02645461296244003,-0.06607897732183592,0.05743375172570603,-0.1570109383920924,0.41479975283419035,-0.20187582774371815,callo_81.png,higher
-0.8600395221421855,-0.4971873526585905,0.014625415255026461,0.845706350279271,0.8984264712323414,0.7909288532346492,callo_82.png,higher
-1.2889852337025283,-1.1234673838089053,0.6255868870130906,-0.26681329421055544,1.2854630318935902,-0.3045272747687683,callo_83.png,higher
-1.4739483269011269,-1.4528985757061108,0.9771255287380721,0.6475395471278417,1.3768452983037467,0.5853015093257218,callo_84.png,higher
-1.4840236336353645,-1.4486811439730047,0.9808119092541048,1.1544032913073998,1.4096176236937297,1.115887349235914,callo_85.png,higher
-1.103285809609376,-0.9523798983171126,0.5465195318744955,0.342609320250185,1.0045879335578587,0.2789121352475604,callo_86.png,higher
-1.3364093797380379,-1.4299386661824913,1.1664190335912457,0.21155374575396135,1.3526246554226244,0.1492605175919623,callo_87.png,higher
-1.0866642133970819,-1.0239270598471293,0.7158947440930136,-0.15148119757335277,0.887164959132086,-0.19672826641303479,callo_88.png,higher
-0.5144062983107712,-0.2534245709365188,-0.04469543086902785,-0.3491025057030655,0.47502785132231967,-0.3777853449300644,callo_89.png,higher
1.0771808610249978,1.08509297302474,-0.8448763290392871,-1.2778219146561136,-0.3921950172641731,-1.1836401080627055,callo_9.png,higher
-1.3583854247307816,-1.2870197160024264,0.8455037870715125,-0.01135902643161434,1.0164473126134626,-0.06335008084172837,callo_90.png,higher
-0.3690525998037063,-0.4904015133263188,0.5996830560079484,-0.29516438987430177,0.49583929667055643,-0.3298832667394842,callo_91.png,higher
-0.3839341746403005,-0.7333727033425469,1.1669526389912837,0.5552809963956455,0.4439206924714752,0.4919798494272366,callo_92.png,higher
-0.4584849713543402,-0.49334443197917616,0.4266940855440024,-0.3423353277281443,0.37327886143549355,-0.3725612197477567,callo_93.png,higher
-0.47023738079151284,-0.5419591633874231,0.6816329754323636,0.302119085096789,0.43867618327206837,0.23963027765672026,callo_94.png,higher
-0.2774010237079886,-0.5217275754898518,0.8758985328399139,0.6060812828065767,0.5469885489341063,0.543134245696555,callo_95.png,higher
0.08343445192239134,-0.5232979933542763,1.088511571720553,-0.23210663974479434,0.25596727300198013,-0.2722339130244936,callo_96.png,higher
-0.09783608152478301,-0.2737932017596093,0.4514536009176464,-0.024781493832719225,0.4594975419837989,-0.0764728719275917,callo_97.png,higher
-0.44977015914653135,-1.0035069927862708,1.6557920139498334,2.9748579715150782,0.7162532314608394,3.2519519364344998,callo_98.png,higher
-0.2963122082236102,-0.30942022209557,0.4220093013202039,-0.27039654978347843,0.5888028078444842,-0.3075353430860153,callo_99.png,higher
